#2026 05 18 21:08:12.395#Z#DEBUG#97838b23-52fd-11f1-a8e5-eeee0a8b5973.axon-odata-api#flowable-async-job-executor-thread-25763#
[PollStartAppStatusExecution] d92b9203-13f2-4150-992d-a89b2ef18ea4 [2026-05-18T20:59:30.476883] Cell d1cc041a-d5a1-41d6-b9f6-6cda736ce3f0 creating container for instance d085fb27-2484-46c2-50a5-c76d (STDOUT, CELL)#
#2026 05 18 21:08:12.395#Z#DEBUG#97838b23-52fd-11f1-a8e5-eeee0a8b5973.axon-odata-api#flowable-async-job-executor-thread-25763#
[PollStartAppStatusExecution] d92b9203-13f2-4150-992d-a89b2ef18ea4 [2026-05-18T20:59:31.647053] Security group rules were updated (STDOUT, CELL)#
#2026 05 18 21:08:12.395#Z#DEBUG#97838b23-52fd-11f1-a8e5-eeee0a8b5973.axon-odata-api#flowable-async-job-executor-thread-25763#
[PollStartAppStatusExecution] d92b9203-13f2-4150-992d-a89b2ef18ea4 [2026-05-18T20:59:32.003550] Cell d1cc041a-d5a1-41d6-b9f6-6cda736ce3f0 successfully created container for instance d085fb27-2484-46c2-50a5-c76d (STDOUT, CELL)#
#2026 05 18 21:08:12.395#Z#DEBUG#97838b23-52fd-11f1-a8e5-eeee0a8b5973.axon-odata-api#flowable-async-job-executor-thread-25763#
[PollStartAppStatusExecution] d92b9203-13f2-4150-992d-a89b2ef18ea4 [2026-05-18T20:59:33.101784] Downloading droplet... (STDOUT, CELL)#
#2026 05 18 21:08:12.395#Z#DEBUG#97838b23-52fd-11f1-a8e5-eeee0a8b5973.axon-odata-api#flowable-async-job-executor-thread-25763#
[PollStartAppStatusExecution] d92b9203-13f2-4150-992d-a89b2ef18ea4 [2026-05-18T20:59:40.149791] Downloaded droplet (68M) (STDOUT, CELL)#
#2026 05 18 21:08:12.395#Z#DEBUG#97838b23-52fd-11f1-a8e5-eeee0a8b5973.axon-odata-api#flowable-async-job-executor-thread-25763#
[PollStartAppStatusExecution] d92b9203-13f2-4150-992d-a89b2ef18ea4 [2026-05-18T20:59:40.149944] Starting health monitoring of container (STDOUT, CELL)#
#2026 05 18 21:08:12.395#Z#DEBUG#97838b23-52fd-11f1-a8e5-eeee0a8b5973.axon-odata-api#flowable-async-job-executor-thread-25763#
[PollStartAppStatusExecution] d92b9203-13f2-4150-992d-a89b2ef18ea4 [2026-05-18T20:59:40.347348] Invoking pre-start scripts. (STDOUT, APP/PROC/WEB)#
#2026 05 18 21:08:12.395#Z#DEBUG#97838b23-52fd-11f1-a8e5-eeee0a8b5973.axon-odata-api#flowable-async-job-executor-thread-25763#
[PollStartAppStatusExecution] d92b9203-13f2-4150-992d-a89b2ef18ea4 [2026-05-18T20:59:40.584996] Invoking start command. (STDOUT, APP/PROC/WEB)#
#2026 05 18 21:08:12.395#Z#DEBUG#97838b23-52fd-11f1-a8e5-eeee0a8b5973.axon-odata-api#flowable-async-job-executor-thread-25763#
[PollStartAppStatusExecution] d92b9203-13f2-4150-992d-a89b2ef18ea4 [2026-05-18T20:59:40.665426] Deploying with options: { (STDOUT, APP/PROC/WEB)#
#2026 05 18 21:08:12.395#Z#DEBUG#97838b23-52fd-11f1-a8e5-eeee0a8b5973.axon-odata-api#flowable-async-job-executor-thread-25763#
[PollStartAppStatusExecution] d92b9203-13f2-4150-992d-a89b2ef18ea4 [2026-05-18T20:59:40.665457] kind: 'sqlite', (STDOUT, APP/PROC/WEB)#
#2026 05 18 21:08:12.395#Z#DEBUG#97838b23-52fd-11f1-a8e5-eeee0a8b5973.axon-odata-api#flowable-async-job-executor-thread-25763#
[PollStartAppStatusExecution] d92b9203-13f2-4150-992d-a89b2ef18ea4 [2026-05-18T20:59:40.665460] dialect: 'sqlite', (STDOUT, APP/PROC/WEB)#
#2026 05 18 21:08:12.395#Z#DEBUG#97838b23-52fd-11f1-a8e5-eeee0a8b5973.axon-odata-api#flowable-async-job-executor-thread-25763#
[PollStartAppStatusExecution] d92b9203-13f2-4150-992d-a89b2ef18ea4 [2026-05-18T20:59:40.665463] credentials: { profile: 'production' } (STDOUT, APP/PROC/WEB)#
#2026 05 18 21:08:12.395#Z#DEBUG#97838b23-52fd-11f1-a8e5-eeee0a8b5973.axon-odata-api#flowable-async-job-executor-thread-25763#
[PollStartAppStatusExecution] d92b9203-13f2-4150-992d-a89b2ef18ea4 [2026-05-18T20:59:40.665465] } { to: 'sqlite', profile: 'production' } (STDOUT, APP/PROC/WEB)#
#2026 05 18 21:08:12.395#Z#DEBUG#97838b23-52fd-11f1-a8e5-eeee0a8b5973.axon-odata-api#flowable-async-job-executor-thread-25763#
[PollStartAppStatusExecution] d92b9203-13f2-4150-992d-a89b2ef18ea4 [2026-05-18T20:59:40.677156] Error: Failed loading service implementation from @cap-js/sqlite (STDERR, APP/PROC/WEB)#
#2026 05 18 21:08:12.395#Z#DEBUG#97838b23-52fd-11f1-a8e5-eeee0a8b5973.axon-odata-api#flowable-async-job-executor-thread-25763#
[PollStartAppStatusExecution] d92b9203-13f2-4150-992d-a89b2ef18ea4 [2026-05-18T20:59:40.677194] at _use (/home/vcap/app/node_modules/@sap/cds/lib/srv/factory.js:29:21) (STDERR, APP/PROC/WEB)#
#2026 05 18 21:08:12.395#Z#DEBUG#97838b23-52fd-11f1-a8e5-eeee0a8b5973.axon-odata-api#flowable-async-job-executor-thread-25763#
[PollStartAppStatusExecution] d92b9203-13f2-4150-992d-a89b2ef18ea4 [2026-05-18T20:59:40.677199] at new ServiceFactory (/home/vcap/app/node_modules/@sap/cds/lib/srv/factory.js:17:10) (STDERR, APP/PROC/WEB)#
#2026 05 18 21:08:12.395#Z#DEBUG#97838b23-52fd-11f1-a8e5-eeee0a8b5973.axon-odata-api#flowable-async-job-executor-thread-25763#
[PollStartAppStatusExecution] d92b9203-13f2-4150-992d-a89b2ef18ea4 [2026-05-18T20:59:40.677202] at /home/vcap/app/node_modules/@sap/cds/lib/srv/cds-connect.js:42:21 (STDERR, APP/PROC/WEB)#
#2026 05 18 21:08:12.395#Z#DEBUG#97838b23-52fd-11f1-a8e5-eeee0a8b5973.axon-odata-api#flowable-async-job-executor-thread-25763#
[PollStartAppStatusExecution] d92b9203-13f2-4150-992d-a89b2ef18ea4 [2026-05-18T20:59:40.677205] at async /home/vcap/app/node_modules/@sap/cds/bin/deploy.js:20:12 { (STDERR, APP/PROC/WEB)#
#2026 05 18 21:08:12.395#Z#DEBUG#97838b23-52fd-11f1-a8e5-eeee0a8b5973.axon-odata-api#flowable-async-job-executor-thread-25763#
[PollStartAppStatusExecution] d92b9203-13f2-4150-992d-a89b2ef18ea4 [2026-05-18T20:59:40.677208] [cause]: Error: Cannot find module '/home/vcap/app/@cap-js/sqlite' (STDERR, APP/PROC/WEB)#
#2026 05 18 21:08:12.395#Z#DEBUG#97838b23-52fd-11f1-a8e5-eeee0a8b5973.axon-odata-api#flowable-async-job-executor-thread-25763#
[PollStartAppStatusExecution] d92b9203-13f2-4150-992d-a89b2ef18ea4 [2026-05-18T20:59:40.677212] Require stack: (STDERR, APP/PROC/WEB)#
#2026 05 18 21:08:12.395#Z#DEBUG#97838b23-52fd-11f1-a8e5-eeee0a8b5973.axon-odata-api#flowable-async-job-executor-thread-25763#
[PollStartAppStatusExecution] d92b9203-13f2-4150-992d-a89b2ef18ea4 [2026-05-18T20:59:40.677214] - /home/vcap/app/node_modules/@sap/cds/lib/srv/factory.js (STDERR, APP/PROC/WEB)#
#2026 05 18 21:08:12.395#Z#DEBUG#97838b23-52fd-11f1-a8e5-eeee0a8b5973.axon-odata-api#flowable-async-job-executor-thread-25763#
[PollStartAppStatusExecution] d92b9203-13f2-4150-992d-a89b2ef18ea4 [2026-05-18T20:59:40.677221] - /home/vcap/app/node_modules/@sap/cds/lib/core/classes.js (STDERR, APP/PROC/WEB)#
#2026 05 18 21:08:12.395#Z#DEBUG#97838b23-52fd-11f1-a8e5-eeee0a8b5973.axon-odata-api#flowable-async-job-executor-thread-25763#
[PollStartAppStatusExecution] d92b9203-13f2-4150-992d-a89b2ef18ea4 [2026-05-18T20:59:40.677224] - /home/vcap/app/node_modules/@sap/cds/lib/core/types.js (STDERR, APP/PROC/WEB)#
#2026 05 18 21:08:12.395#Z#DEBUG#97838b23-52fd-11f1-a8e5-eeee0a8b5973.axon-odata-api#flowable-async-job-executor-thread-25763#
[PollStartAppStatusExecution] d92b9203-13f2-4150-992d-a89b2ef18ea4 [2026-05-18T20:59:40.677226] - /home/vcap/app/node_modules/@sap/cds/lib/index.js (STDERR, APP/PROC/WEB)#
#2026 05 18 21:08:12.395#Z#DEBUG#97838b23-52fd-11f1-a8e5-eeee0a8b5973.axon-odata-api#flowable-async-job-executor-thread-25763#
[PollStartAppStatusExecution] d92b9203-13f2-4150-992d-a89b2ef18ea4 [2026-05-18T20:59:40.677229] - /home/vcap/app/node_modules/@sap/cds/bin/deploy.js (STDERR, APP/PROC/WEB)#
#2026 05 18 21:08:12.395#Z#DEBUG#97838b23-52fd-11f1-a8e5-eeee0a8b5973.axon-odata-api#flowable-async-job-executor-thread-25763#
[PollStartAppStatusExecution] d92b9203-13f2-4150-992d-a89b2ef18ea4 [2026-05-18T20:59:40.677231] at Module._resolveFilename (node:internal/modules/cjs/loader:1421:15) (STDERR, APP/PROC/WEB)#
#2026 05 18 21:08:12.395#Z#DEBUG#97838b23-52fd-11f1-a8e5-eeee0a8b5973.axon-odata-api#flowable-async-job-executor-thread-25763#
[PollStartAppStatusExecution] d92b9203-13f2-4150-992d-a89b2ef18ea4 [2026-05-18T20:59:40.677237] at require.resolve (node:internal/modules/helpers:163:19) (STDERR, APP/PROC/WEB)#
#2026 05 18 21:08:12.395#Z#DEBUG#97838b23-52fd-11f1-a8e5-eeee0a8b5973.axon-odata-api#flowable-async-job-executor-thread-25763#
[PollStartAppStatusExecution] d92b9203-13f2-4150-992d-a89b2ef18ea4 [2026-05-18T20:59:40.677239] at _use (/home/vcap/app/node_modules/@sap/cds/lib/srv/factory.js:27:36) (STDERR, APP/PROC/WEB)#
#2026 05 18 21:08:12.395#Z#DEBUG#97838b23-52fd-11f1-a8e5-eeee0a8b5973.axon-odata-api#flowable-async-job-executor-thread-25763#
[PollStartAppStatusExecution] d92b9203-13f2-4150-992d-a89b2ef18ea4 [2026-05-18T20:59:40.677248] at new ServiceFactory (/home/vcap/app/node_modules/@sap/cds/lib/srv/factory.js:17:10) (STDERR, APP/PROC/WEB)#
#2026 05 18 21:08:12.395#Z#DEBUG#97838b23-52fd-11f1-a8e5-eeee0a8b5973.axon-odata-api#flowable-async-job-executor-thread-25763#
[PollStartAppStatusExecution] d92b9203-13f2-4150-992d-a89b2ef18ea4 [2026-05-18T20:59:40.677251] at /home/vcap/app/node_modules/@sap/cds/lib/srv/cds-connect.js:42:21 (STDERR, APP/PROC/WEB)#
#2026 05 18 21:08:12.395#Z#DEBUG#97838b23-52fd-11f1-a8e5-eeee0a8b5973.axon-odata-api#flowable-async-job-executor-thread-25763#
[PollStartAppStatusExecution] d92b9203-13f2-4150-992d-a89b2ef18ea4 [2026-05-18T20:59:40.677254] at async /home/vcap/app/node_modules/@sap/cds/bin/deploy.js:20:12 { (STDERR, APP/PROC/WEB)#
#2026 05 18 21:08:12.395#Z#DEBUG#97838b23-52fd-11f1-a8e5-eeee0a8b5973.axon-odata-api#flowable-async-job-executor-thread-25763#
[PollStartAppStatusExecution] d92b9203-13f2-4150-992d-a89b2ef18ea4 [2026-05-18T20:59:40.677258] code: 'MODULE_NOT_FOUND', (STDERR, APP/PROC/WEB)#
#2026 05 18 21:08:12.395#Z#DEBUG#97838b23-52fd-11f1-a8e5-eeee0a8b5973.axon-odata-api#flowable-async-job-executor-thread-25763#
[PollStartAppStatusExecution] d92b9203-13f2-4150-992d-a89b2ef18ea4 [2026-05-18T20:59:40.677264] requireStack: [ (STDERR, APP/PROC/WEB)#
#2026 05 18 21:08:12.395#Z#DEBUG#97838b23-52fd-11f1-a8e5-eeee0a8b5973.axon-odata-api#flowable-async-job-executor-thread-25763#
[PollStartAppStatusExecution] d92b9203-13f2-4150-992d-a89b2ef18ea4 [2026-05-18T20:59:40.677266] '/home/vcap/app/node_modules/@sap/cds/lib/srv/factory.js', (STDERR, APP/PROC/WEB)#
#2026 05 18 21:08:12.395#Z#DEBUG#97838b23-52fd-11f1-a8e5-eeee0a8b5973.axon-odata-api#flowable-async-job-executor-thread-25763#
[PollStartAppStatusExecution] d92b9203-13f2-4150-992d-a89b2ef18ea4 [2026-05-18T20:59:40.677271] '/home/vcap/app/node_modules/@sap/cds/lib/core/classes.js', (STDERR, APP/PROC/WEB)#
#2026 05 18 21:08:12.395#Z#DEBUG#97838b23-52fd-11f1-a8e5-eeee0a8b5973.axon-odata-api#flowable-async-job-executor-thread-25763#
[PollStartAppStatusExecution] d92b9203-13f2-4150-992d-a89b2ef18ea4 [2026-05-18T20:59:40.677274] '/home/vcap/app/node_modules/@sap/cds/lib/core/types.js', (STDERR, APP/PROC/WEB)#
#2026 05 18 21:08:12.395#Z#DEBUG#97838b23-52fd-11f1-a8e5-eeee0a8b5973.axon-odata-api#flowable-async-job-executor-thread-25763#
[PollStartAppStatusExecution] d92b9203-13f2-4150-992d-a89b2ef18ea4 [2026-05-18T20:59:40.677276] '/home/vcap/app/node_modules/@sap/cds/lib/index.js', (STDERR, APP/PROC/WEB)#
#2026 05 18 21:08:12.395#Z#DEBUG#97838b23-52fd-11f1-a8e5-eeee0a8b5973.axon-odata-api#flowable-async-job-executor-thread-25763#
[PollStartAppStatusExecution] d92b9203-13f2-4150-992d-a89b2ef18ea4 [2026-05-18T20:59:40.677279] '/home/vcap/app/node_modules/@sap/cds/bin/deploy.js' (STDERR, APP/PROC/WEB)#
#2026 05 18 21:08:12.395#Z#DEBUG#97838b23-52fd-11f1-a8e5-eeee0a8b5973.axon-odata-api#flowable-async-job-executor-thread-25763#
[PollStartAppStatusExecution] d92b9203-13f2-4150-992d-a89b2ef18ea4 [2026-05-18T20:59:40.677282] ] (STDERR, APP/PROC/WEB)#
#2026 05 18 21:08:12.395#Z#DEBUG#97838b23-52fd-11f1-a8e5-eeee0a8b5973.axon-odata-api#flowable-async-job-executor-thread-25763#
[PollStartAppStatusExecution] d92b9203-13f2-4150-992d-a89b2ef18ea4 [2026-05-18T20:59:40.677286] } (STDERR, APP/PROC/WEB)#
#2026 05 18 21:08:12.395#Z#DEBUG#97838b23-52fd-11f1-a8e5-eeee0a8b5973.axon-odata-api#flowable-async-job-executor-thread-25763#
[PollStartAppStatusExecution] d92b9203-13f2-4150-992d-a89b2ef18ea4 [2026-05-18T20:59:40.677289] } (STDERR, APP/PROC/WEB)#
#2026 05 18 21:08:12.395#Z#DEBUG#97838b23-52fd-11f1-a8e5-eeee0a8b5973.axon-odata-api#flowable-async-job-executor-thread-25763#
[PollStartAppStatusExecution] d92b9203-13f2-4150-992d-a89b2ef18ea4 [2026-05-18T20:59:40.699971] Exit status 1 (STDOUT, APP/PROC/WEB)#
#2026 05 18 21:08:12.395#Z#DEBUG#97838b23-52fd-11f1-a8e5-eeee0a8b5973.axon-odata-api#flowable-async-job-executor-thread-25763#
[PollStartAppStatusExecution] d92b9203-13f2-4150-992d-a89b2ef18ea4 [2026-05-18T20:59:47.050613] Cell d1cc041a-d5a1-41d6-b9f6-6cda736ce3f0 stopping instance d085fb27-2484-46c2-50a5-c76d (STDOUT, CELL)#
#2026 05 18 21:08:12.395#Z#DEBUG#97838b23-52fd-11f1-a8e5-eeee0a8b5973.axon-odata-api#flowable-async-job-executor-thread-25763#
[PollStartAppStatusExecution] d92b9203-13f2-4150-992d-a89b2ef18ea4 [2026-05-18T20:59:47.050659] Cell d1cc041a-d5a1-41d6-b9f6-6cda736ce3f0 destroying container for instance d085fb27-2484-46c2-50a5-c76d (STDOUT, CELL)#
#2026 05 18 21:08:12.395#Z#DEBUG#97838b23-52fd-11f1-a8e5-eeee0a8b5973.axon-odata-api#flowable-async-job-executor-thread-25763#
[PollStartAppStatusExecution] d92b9203-13f2-4150-992d-a89b2ef18ea4 [2026-05-18T20:59:47.068630] Process has crashed with type: "web" (STDOUT, API)#
#2026 05 18 21:08:12.395#Z#DEBUG#97838b23-52fd-11f1-a8e5-eeee0a8b5973.axon-odata-api#flowable-async-job-executor-thread-25763#
[PollStartAppStatusExecution] d92b9203-13f2-4150-992d-a89b2ef18ea4 [2026-05-18T20:59:47.083084] App instance exited with guid d92b9203-13f2-4150-992d-a89b2ef18ea4 payload: {"instance"=>"d085fb27-2484-46c2-50a5-c76d", "index"=>0, "cell_id"=>"d1cc041a-d5a1-41d6-b9f6-6cda736ce3f0", "reason"=>"CRASHED", "exit_description"=>"APP/PROC/WEB: Exited with status 1", "crash_count"=>10, "crash_timestamp"=>1779137987046580058, "version"=>"5fa5913d-afcc-4e98-8503-2b1c9a510f98"} (STDOUT, API)#
#2026 05 18 21:08:12.395#Z#DEBUG#97838b23-52fd-11f1-a8e5-eeee0a8b5973.axon-odata-api#flowable-async-job-executor-thread-25763#
[PollStartAppStatusExecution] d92b9203-13f2-4150-992d-a89b2ef18ea4 [2026-05-18T20:59:47.340433] Exit status 137 (STDOUT, PROXY)#
#2026 05 18 21:08:12.395#Z#DEBUG#97838b23-52fd-11f1-a8e5-eeee0a8b5973.axon-odata-api#flowable-async-job-executor-thread-25763#
[PollStartAppStatusExecution] d92b9203-13f2-4150-992d-a89b2ef18ea4 [2026-05-18T20:59:49.880822] Cell d1cc041a-d5a1-41d6-b9f6-6cda736ce3f0 successfully destroyed container for instance d085fb27-2484-46c2-50a5-c76d (STDOUT, CELL)#
#2026 05 18 21:08:12.395#Z#DEBUG#97838b23-52fd-11f1-a8e5-eeee0a8b5973.axon-odata-api#flowable-async-job-executor-thread-25763#
[PollStartAppStatusExecution] d92b9203-13f2-4150-992d-a89b2ef18ea4 [2026-05-18T21:02:32.686903] Updated app with guid d92b9203-13f2-4150-992d-a89b2ef18ea4 ({"lifecycle"=>{"data"=>{"buildpacks"=>[]}, "type"=>"buildpack"}}) (STDOUT, API)#
#2026 05 18 21:08:12.395#Z#DEBUG#97838b23-52fd-11f1-a8e5-eeee0a8b5973.axon-odata-api#flowable-async-job-executor-thread-25763#
[PollStartAppStatusExecution] d92b9203-13f2-4150-992d-a89b2ef18ea4 [2026-05-18T21:02:32.783352] Updating process: "web" (STDOUT, API)#
#2026 05 18 21:08:12.395#Z#DEBUG#97838b23-52fd-11f1-a8e5-eeee0a8b5973.axon-odata-api#flowable-async-job-executor-thread-25763#
[PollStartAppStatusExecution] d92b9203-13f2-4150-992d-a89b2ef18ea4 [2026-05-18T21:02:32.902585] Updated app with guid d92b9203-13f2-4150-992d-a89b2ef18ea4 ({"environment_variables"=>"[PRIVATE DATA HIDDEN]"}) (STDOUT, API)#
#2026 05 18 21:08:12.395#Z#DEBUG#97838b23-52fd-11f1-a8e5-eeee0a8b5973.axon-odata-api#flowable-async-job-executor-thread-25763#
[PollStartAppStatusExecution] d92b9203-13f2-4150-992d-a89b2ef18ea4 [2026-05-18T21:03:02.032910] Uploading app package for app with guid d92b9203-13f2-4150-992d-a89b2ef18ea4 (STDOUT, API)#
#2026 05 18 21:08:12.395#Z#DEBUG#97838b23-52fd-11f1-a8e5-eeee0a8b5973.axon-odata-api#flowable-async-job-executor-thread-25763#
[PollStartAppStatusExecution] d92b9203-13f2-4150-992d-a89b2ef18ea4 [2026-05-18T21:03:02.246626] Updated app with guid d92b9203-13f2-4150-992d-a89b2ef18ea4 ({"environment_variables"=>"[PRIVATE DATA HIDDEN]"}) (STDOUT, API)#
#2026 05 18 21:08:12.395#Z#DEBUG#97838b23-52fd-11f1-a8e5-eeee0a8b5973.axon-odata-api#flowable-async-job-executor-thread-25763#
[PollStartAppStatusExecution] d92b9203-13f2-4150-992d-a89b2ef18ea4 [2026-05-18T21:03:21.478088] Stopping app with guid d92b9203-13f2-4150-992d-a89b2ef18ea4 (STDOUT, API)#
#2026 05 18 21:08:12.395#Z#DEBUG#97838b23-52fd-11f1-a8e5-eeee0a8b5973.axon-odata-api#flowable-async-job-executor-thread-25763#
[PollStartAppStatusExecution] d92b9203-13f2-4150-992d-a89b2ef18ea4 [2026-05-18T21:03:21.703598] Creating build for app with guid d92b9203-13f2-4150-992d-a89b2ef18ea4 (STDOUT, API)#
#2026 05 18 21:08:12.395#Z#DEBUG#97838b23-52fd-11f1-a8e5-eeee0a8b5973.axon-odata-api#flowable-async-job-executor-thread-25763#
[PollStartAppStatusExecution] d92b9203-13f2-4150-992d-a89b2ef18ea4 [2026-05-18T21:03:23.370997] Downloading zero_trust_sidecar_buildpack_1_16... (STDOUT, STG)#
#2026 05 18 21:08:12.395#Z#DEBUG#97838b23-52fd-11f1-a8e5-eeee0a8b5973.axon-odata-api#flowable-async-job-executor-thread-25763#
[PollStartAppStatusExecution] d92b9203-13f2-4150-992d-a89b2ef18ea4 [2026-05-18T21:03:23.371029] Downloading nodejs_buildpack... (STDOUT, STG)#
#2026 05 18 21:08:12.395#Z#DEBUG#97838b23-52fd-11f1-a8e5-eeee0a8b5973.axon-odata-api#flowable-async-job-executor-thread-25763#
[PollStartAppStatusExecution] d92b9203-13f2-4150-992d-a89b2ef18ea4 [2026-05-18T21:03:23.371039] Downloading sap_java_buildpack_jakarta_2_58... (STDOUT, STG)#
#2026 05 18 21:08:12.395#Z#DEBUG#97838b23-52fd-11f1-a8e5-eeee0a8b5973.axon-odata-api#flowable-async-job-executor-thread-25763#
[PollStartAppStatusExecution] d92b9203-13f2-4150-992d-a89b2ef18ea4 [2026-05-18T21:03:23.371098] Downloading go_buildpack... (STDOUT, STG)#
#2026 05 18 21:08:12.395#Z#DEBUG#97838b23-52fd-11f1-a8e5-eeee0a8b5973.axon-odata-api#flowable-async-job-executor-thread-25763#
[PollStartAppStatusExecution] d92b9203-13f2-4150-992d-a89b2ef18ea4 [2026-05-18T21:03:23.416993] Downloaded zero_trust_sidecar_buildpack_1_16 (STDOUT, STG)#
#2026 05 18 21:08:12.395#Z#DEBUG#97838b23-52fd-11f1-a8e5-eeee0a8b5973.axon-odata-api#flowable-async-job-executor-thread-25763#
[PollStartAppStatusExecution] d92b9203-13f2-4150-992d-a89b2ef18ea4 [2026-05-18T21:03:23.417025] Downloaded nodejs_buildpack (STDOUT, STG)#
#2026 05 18 21:08:12.395#Z#DEBUG#97838b23-52fd-11f1-a8e5-eeee0a8b5973.axon-odata-api#flowable-async-job-executor-thread-25763#
[PollStartAppStatusExecution] d92b9203-13f2-4150-992d-a89b2ef18ea4 [2026-05-18T21:03:23.417067] Downloading staticfile_buildpack... (STDOUT, STG)#
#2026 05 18 21:08:12.395#Z#DEBUG#97838b23-52fd-11f1-a8e5-eeee0a8b5973.axon-odata-api#flowable-async-job-executor-thread-25763#
[PollStartAppStatusExecution] d92b9203-13f2-4150-992d-a89b2ef18ea4 [2026-05-18T21:03:23.418466] Downloaded sap_java_buildpack_jakarta_2_58 (STDOUT, STG)#
#2026 05 18 21:08:12.395#Z#DEBUG#97838b23-52fd-11f1-a8e5-eeee0a8b5973.axon-odata-api#flowable-async-job-executor-thread-25763#
[PollStartAppStatusExecution] d92b9203-13f2-4150-992d-a89b2ef18ea4 [2026-05-18T21:03:23.418503] Downloading java_buildpack... (STDOUT, STG)#
#2026 05 18 21:08:12.395#Z#DEBUG#97838b23-52fd-11f1-a8e5-eeee0a8b5973.axon-odata-api#flowable-async-job-executor-thread-25763#
[PollStartAppStatusExecution] d92b9203-13f2-4150-992d-a89b2ef18ea4 [2026-05-18T21:03:23.422983] Downloaded go_buildpack (STDOUT, STG)#
#2026 05 18 21:08:12.395#Z#DEBUG#97838b23-52fd-11f1-a8e5-eeee0a8b5973.axon-odata-api#flowable-async-job-executor-thread-25763#
[PollStartAppStatusExecution] d92b9203-13f2-4150-992d-a89b2ef18ea4 [2026-05-18T21:03:23.423032] Downloading nginx_buildpack... (STDOUT, STG)#
#2026 05 18 21:08:12.395#Z#DEBUG#97838b23-52fd-11f1-a8e5-eeee0a8b5973.axon-odata-api#flowable-async-job-executor-thread-25763#
[PollStartAppStatusExecution] d92b9203-13f2-4150-992d-a89b2ef18ea4 [2026-05-18T21:03:23.434669] Downloading python_buildpack... (STDOUT, STG)#
#2026 05 18 21:08:12.395#Z#DEBUG#97838b23-52fd-11f1-a8e5-eeee0a8b5973.axon-odata-api#flowable-async-job-executor-thread-25763#
[PollStartAppStatusExecution] d92b9203-13f2-4150-992d-a89b2ef18ea4 [2026-05-18T21:03:23.443403] Downloaded nginx_buildpack (STDOUT, STG)#
#2026 05 18 21:08:12.395#Z#DEBUG#97838b23-52fd-11f1-a8e5-eeee0a8b5973.axon-odata-api#flowable-async-job-executor-thread-25763#
[PollStartAppStatusExecution] d92b9203-13f2-4150-992d-a89b2ef18ea4 [2026-05-18T21:03:23.443458] Downloading php_buildpack... (STDOUT, STG)#
#2026 05 18 21:08:12.395#Z#DEBUG#97838b23-52fd-11f1-a8e5-eeee0a8b5973.axon-odata-api#flowable-async-job-executor-thread-25763#
[PollStartAppStatusExecution] d92b9203-13f2-4150-992d-a89b2ef18ea4 [2026-05-18T21:03:23.456938] Downloaded staticfile_buildpack (STDOUT, STG)#
#2026 05 18 21:08:12.395#Z#DEBUG#97838b23-52fd-11f1-a8e5-eeee0a8b5973.axon-odata-api#flowable-async-job-executor-thread-25763#
[PollStartAppStatusExecution] d92b9203-13f2-4150-992d-a89b2ef18ea4 [2026-05-18T21:03:23.456984] Downloading zero_trust_sidecar_buildpack_1_14... (STDOUT, STG)#
#2026 05 18 21:08:12.395#Z#DEBUG#97838b23-52fd-11f1-a8e5-eeee0a8b5973.axon-odata-api#flowable-async-job-executor-thread-25763#
[PollStartAppStatusExecution] d92b9203-13f2-4150-992d-a89b2ef18ea4 [2026-05-18T21:03:23.457121] Downloaded python_buildpack (STDOUT, STG)#
#2026 05 18 21:08:12.395#Z#DEBUG#97838b23-52fd-11f1-a8e5-eeee0a8b5973.axon-odata-api#flowable-async-job-executor-thread-25763#
[PollStartAppStatusExecution] d92b9203-13f2-4150-992d-a89b2ef18ea4 [2026-05-18T21:03:23.457142] Downloading sap_java_buildpack_jakarta_2_56... (STDOUT, STG)#
#2026 05 18 21:08:12.395#Z#DEBUG#97838b23-52fd-11f1-a8e5-eeee0a8b5973.axon-odata-api#flowable-async-job-executor-thread-25763#
[PollStartAppStatusExecution] d92b9203-13f2-4150-992d-a89b2ef18ea4 [2026-05-18T21:03:23.460733] Downloaded java_buildpack (STDOUT, STG)#
#2026 05 18 21:08:12.395#Z#DEBUG#97838b23-52fd-11f1-a8e5-eeee0a8b5973.axon-odata-api#flowable-async-job-executor-thread-25763#
[PollStartAppStatusExecution] d92b9203-13f2-4150-992d-a89b2ef18ea4 [2026-05-18T21:03:23.460767] Downloading sap_java_buildpack_jakarta_2_55... (STDOUT, STG)#
#2026 05 18 21:08:12.395#Z#DEBUG#97838b23-52fd-11f1-a8e5-eeee0a8b5973.axon-odata-api#flowable-async-job-executor-thread-25763#
[PollStartAppStatusExecution] d92b9203-13f2-4150-992d-a89b2ef18ea4 [2026-05-18T21:03:23.462413] Downloaded php_buildpack (STDOUT, STG)#
#2026 05 18 21:08:12.395#Z#DEBUG#97838b23-52fd-11f1-a8e5-eeee0a8b5973.axon-odata-api#flowable-async-job-executor-thread-25763#
[PollStartAppStatusExecution] d92b9203-13f2-4150-992d-a89b2ef18ea4 [2026-05-18T21:03:23.462438] Downloading sap_java_buildpack_jakarta_2_53... (STDOUT, STG)#
#2026 05 18 21:08:12.395#Z#DEBUG#97838b23-52fd-11f1-a8e5-eeee0a8b5973.axon-odata-api#flowable-async-job-executor-thread-25763#
[PollStartAppStatusExecution] d92b9203-13f2-4150-992d-a89b2ef18ea4 [2026-05-18T21:03:23.484550] Downloaded sap_java_buildpack_jakarta_2_55 (STDOUT, STG)#
#2026 05 18 21:08:12.395#Z#DEBUG#97838b23-52fd-11f1-a8e5-eeee0a8b5973.axon-odata-api#flowable-async-job-executor-thread-25763#
[PollStartAppStatusExecution] d92b9203-13f2-4150-992d-a89b2ef18ea4 [2026-05-18T21:03:23.484588] Downloading zero_trust_sidecar_buildpack... (STDOUT, STG)#
#2026 05 18 21:08:12.395#Z#DEBUG#97838b23-52fd-11f1-a8e5-eeee0a8b5973.axon-odata-api#flowable-async-job-executor-thread-25763#
[PollStartAppStatusExecution] d92b9203-13f2-4150-992d-a89b2ef18ea4 [2026-05-18T21:03:23.495615] Downloaded sap_java_buildpack_jakarta_2_56 (STDOUT, STG)#
#2026 05 18 21:08:12.395#Z#DEBUG#97838b23-52fd-11f1-a8e5-eeee0a8b5973.axon-odata-api#flowable-async-job-executor-thread-25763#
[PollStartAppStatusExecution] d92b9203-13f2-4150-992d-a89b2ef18ea4 [2026-05-18T21:03:23.495650] Downloading zero_trust_sidecar_buildpack_1_15... (STDOUT, STG)#
#2026 05 18 21:08:12.395#Z#DEBUG#97838b23-52fd-11f1-a8e5-eeee0a8b5973.axon-odata-api#flowable-async-job-executor-thread-25763#
[PollStartAppStatusExecution] d92b9203-13f2-4150-992d-a89b2ef18ea4 [2026-05-18T21:03:23.499064] Downloaded zero_trust_sidecar_buildpack_1_14 (STDOUT, STG)#
#2026 05 18 21:08:12.395#Z#DEBUG#97838b23-52fd-11f1-a8e5-eeee0a8b5973.axon-odata-api#flowable-async-job-executor-thread-25763#
[PollStartAppStatusExecution] d92b9203-13f2-4150-992d-a89b2ef18ea4 [2026-05-18T21:03:23.499108] Downloading binary_buildpack... (STDOUT, STG)#
#2026 05 18 21:08:12.395#Z#DEBUG#97838b23-52fd-11f1-a8e5-eeee0a8b5973.axon-odata-api#flowable-async-job-executor-thread-25763#
[PollStartAppStatusExecution] d92b9203-13f2-4150-992d-a89b2ef18ea4 [2026-05-18T21:03:23.501442] Downloaded sap_java_buildpack_jakarta_2_53 (STDOUT, STG)#
#2026 05 18 21:08:12.395#Z#DEBUG#97838b23-52fd-11f1-a8e5-eeee0a8b5973.axon-odata-api#flowable-async-job-executor-thread-25763#
[PollStartAppStatusExecution] d92b9203-13f2-4150-992d-a89b2ef18ea4 [2026-05-18T21:03:23.501478] Downloading sap_java_buildpack_jakarta... (STDOUT, STG)#
#2026 05 18 21:08:12.395#Z#DEBUG#97838b23-52fd-11f1-a8e5-eeee0a8b5973.axon-odata-api#flowable-async-job-executor-thread-25763#
[PollStartAppStatusExecution] d92b9203-13f2-4150-992d-a89b2ef18ea4 [2026-05-18T21:03:23.517487] Downloaded zero_trust_sidecar_buildpack_1_15 (STDOUT, STG)#
#2026 05 18 21:08:12.395#Z#DEBUG#97838b23-52fd-11f1-a8e5-eeee0a8b5973.axon-odata-api#flowable-async-job-executor-thread-25763#
[PollStartAppStatusExecution] d92b9203-13f2-4150-992d-a89b2ef18ea4 [2026-05-18T21:03:23.522217] Downloaded sap_java_buildpack_jakarta (STDOUT, STG)#
#2026 05 18 21:08:12.395#Z#DEBUG#97838b23-52fd-11f1-a8e5-eeee0a8b5973.axon-odata-api#flowable-async-job-executor-thread-25763#
[PollStartAppStatusExecution] d92b9203-13f2-4150-992d-a89b2ef18ea4 [2026-05-18T21:03:23.528725] Downloaded zero_trust_sidecar_buildpack (STDOUT, STG)#
#2026 05 18 21:08:12.395#Z#DEBUG#97838b23-52fd-11f1-a8e5-eeee0a8b5973.axon-odata-api#flowable-async-job-executor-thread-25763#
[PollStartAppStatusExecution] d92b9203-13f2-4150-992d-a89b2ef18ea4 [2026-05-18T21:03:23.537704] Downloaded binary_buildpack (STDOUT, STG)#
#2026 05 18 21:08:12.395#Z#DEBUG#97838b23-52fd-11f1-a8e5-eeee0a8b5973.axon-odata-api#flowable-async-job-executor-thread-25763#
[PollStartAppStatusExecution] d92b9203-13f2-4150-992d-a89b2ef18ea4 [2026-05-18T21:03:23.537812] Cell c839c7b1-088e-41af-b9b7-66256aacd457 creating container for instance e73b8477-2c6e-4271-9b62-5504f0545ecb (STDOUT, STG)#
#2026 05 18 21:08:12.395#Z#DEBUG#97838b23-52fd-11f1-a8e5-eeee0a8b5973.axon-odata-api#flowable-async-job-executor-thread-25763#
[PollStartAppStatusExecution] d92b9203-13f2-4150-992d-a89b2ef18ea4 [2026-05-18T21:03:24.567061] Security group rules were updated (STDOUT, STG)#
#2026 05 18 21:08:12.395#Z#DEBUG#97838b23-52fd-11f1-a8e5-eeee0a8b5973.axon-odata-api#flowable-async-job-executor-thread-25763#
[PollStartAppStatusExecution] d92b9203-13f2-4150-992d-a89b2ef18ea4 [2026-05-18T21:03:24.877096] Cell c839c7b1-088e-41af-b9b7-66256aacd457 successfully created container for instance e73b8477-2c6e-4271-9b62-5504f0545ecb (STDOUT, STG)#
#2026 05 18 21:08:12.395#Z#DEBUG#97838b23-52fd-11f1-a8e5-eeee0a8b5973.axon-odata-api#flowable-async-job-executor-thread-25763#
[PollStartAppStatusExecution] d92b9203-13f2-4150-992d-a89b2ef18ea4 [2026-05-18T21:03:25.729158] Downloading app package... (STDOUT, STG)#
#2026 05 18 21:08:12.395#Z#DEBUG#97838b23-52fd-11f1-a8e5-eeee0a8b5973.axon-odata-api#flowable-async-job-executor-thread-25763#
[PollStartAppStatusExecution] d92b9203-13f2-4150-992d-a89b2ef18ea4 [2026-05-18T21:03:25.729175] Downloading build artifacts cache... (STDOUT, STG)#
#2026 05 18 21:08:12.395#Z#DEBUG#97838b23-52fd-11f1-a8e5-eeee0a8b5973.axon-odata-api#flowable-async-job-executor-thread-25763#
[PollStartAppStatusExecution] d92b9203-13f2-4150-992d-a89b2ef18ea4 [2026-05-18T21:03:25.869256] Downloaded build artifacts cache (226B) (STDOUT, STG)#
#2026 05 18 21:08:12.395#Z#DEBUG#97838b23-52fd-11f1-a8e5-eeee0a8b5973.axon-odata-api#flowable-async-job-executor-thread-25763#
[PollStartAppStatusExecution] d92b9203-13f2-4150-992d-a89b2ef18ea4 [2026-05-18T21:03:27.797231] Downloaded app package (18M) (STDOUT, STG)#
#2026 05 18 21:08:12.395#Z#DEBUG#97838b23-52fd-11f1-a8e5-eeee0a8b5973.axon-odata-api#flowable-async-job-executor-thread-25763#
[PollStartAppStatusExecution] d92b9203-13f2-4150-992d-a89b2ef18ea4 [2026-05-18T21:03:28.803226] -----> Nodejs Buildpack version 1.8.44 (STDOUT, STG)#
#2026 05 18 21:08:12.395#Z#DEBUG#97838b23-52fd-11f1-a8e5-eeee0a8b5973.axon-odata-api#flowable-async-job-executor-thread-25763#
[PollStartAppStatusExecution] d92b9203-13f2-4150-992d-a89b2ef18ea4 [2026-05-18T21:03:29.553750] -----> Bootstrapping python (STDOUT, STG)#
#2026 05 18 21:08:12.395#Z#DEBUG#97838b23-52fd-11f1-a8e5-eeee0a8b5973.axon-odata-api#flowable-async-job-executor-thread-25763#
[PollStartAppStatusExecution] d92b9203-13f2-4150-992d-a89b2ef18ea4 [2026-05-18T21:03:29.553799] -----> Installing python 3.11.14 (STDOUT, STG)#
#2026 05 18 21:08:12.395#Z#DEBUG#97838b23-52fd-11f1-a8e5-eeee0a8b5973.axon-odata-api#flowable-async-job-executor-thread-25763#
[PollStartAppStatusExecution] d92b9203-13f2-4150-992d-a89b2ef18ea4 [2026-05-18T21:03:29.553807] Copy [/tmp/buildpacks/978cee5ec9c58000/dependencies/b5e0345ae0ae1932e7d56fffaa49a487/python_3.11.14_linux_x64_cflinuxfs4_66f53248.tgz] (STDOUT, STG)#
#2026 05 18 21:08:12.395#Z#DEBUG#97838b23-52fd-11f1-a8e5-eeee0a8b5973.axon-odata-api#flowable-async-job-executor-thread-25763#
[PollStartAppStatusExecution] d92b9203-13f2-4150-992d-a89b2ef18ea4 [2026-05-18T21:03:34.233966] -----> Installing binaries (STDOUT, STG)#
#2026 05 18 21:08:12.395#Z#DEBUG#97838b23-52fd-11f1-a8e5-eeee0a8b5973.axon-odata-api#flowable-async-job-executor-thread-25763#
[PollStartAppStatusExecution] d92b9203-13f2-4150-992d-a89b2ef18ea4 [2026-05-18T21:03:34.234245] engines.node (package.json): >=24 (STDOUT, STG)#
#2026 05 18 21:08:12.395#Z#DEBUG#97838b23-52fd-11f1-a8e5-eeee0a8b5973.axon-odata-api#flowable-async-job-executor-thread-25763#
[PollStartAppStatusExecution] d92b9203-13f2-4150-992d-a89b2ef18ea4 [2026-05-18T21:03:34.234264] engines.npm (package.json): unspecified (use default) (STDOUT, STG)#
#2026 05 18 21:08:12.395#Z#DEBUG#97838b23-52fd-11f1-a8e5-eeee0a8b5973.axon-odata-api#flowable-async-job-executor-thread-25763#
[PollStartAppStatusExecution] d92b9203-13f2-4150-992d-a89b2ef18ea4 [2026-05-18T21:03:34.234269] [31;1m**WARNING**[0m Dangerous semver range (>) in engines.node. See: http://docs.cloudfoundry.org/buildpacks/node/node-tips.html (STDOUT, STG)#
#2026 05 18 21:08:12.395#Z#DEBUG#97838b23-52fd-11f1-a8e5-eeee0a8b5973.axon-odata-api#flowable-async-job-executor-thread-25763#
[PollStartAppStatusExecution] d92b9203-13f2-4150-992d-a89b2ef18ea4 [2026-05-18T21:03:34.235126] -----> Installing node 24.13.0 (STDOUT, STG)#
#2026 05 18 21:08:12.395#Z#DEBUG#97838b23-52fd-11f1-a8e5-eeee0a8b5973.axon-odata-api#flowable-async-job-executor-thread-25763#
[PollStartAppStatusExecution] d92b9203-13f2-4150-992d-a89b2ef18ea4 [2026-05-18T21:03:34.235554] Copy [/tmp/buildpacks/978cee5ec9c58000/dependencies/2f5692219fecc3eee6e6d507a6bfe7b9/node_24.13.0_linux_x64_cflinuxfs4_a816dee1.tgz] (STDOUT, STG)#
#2026 05 18 21:08:12.395#Z#DEBUG#97838b23-52fd-11f1-a8e5-eeee0a8b5973.axon-odata-api#flowable-async-job-executor-thread-25763#
[PollStartAppStatusExecution] d92b9203-13f2-4150-992d-a89b2ef18ea4 [2026-05-18T21:03:37.083845] Using default npm version: 11.6.2 (STDOUT, STG)#
#2026 05 18 21:08:12.395#Z#DEBUG#97838b23-52fd-11f1-a8e5-eeee0a8b5973.axon-odata-api#flowable-async-job-executor-thread-25763#
[PollStartAppStatusExecution] d92b9203-13f2-4150-992d-a89b2ef18ea4 [2026-05-18T21:03:37.083877] -----> Installing yarn 1.22.22 (STDOUT, STG)#
#2026 05 18 21:08:12.395#Z#DEBUG#97838b23-52fd-11f1-a8e5-eeee0a8b5973.axon-odata-api#flowable-async-job-executor-thread-25763#
[PollStartAppStatusExecution] d92b9203-13f2-4150-992d-a89b2ef18ea4 [2026-05-18T21:03:37.084124] Copy [/tmp/buildpacks/978cee5ec9c58000/dependencies/e3a39aedd1236924d69cc2d0637a8ed2/yarn_1.22.22_linux_noarch_any-stack_4911d0a6.tgz] (STDOUT, STG)#
#2026 05 18 21:08:12.395#Z#DEBUG#97838b23-52fd-11f1-a8e5-eeee0a8b5973.axon-odata-api#flowable-async-job-executor-thread-25763#
[PollStartAppStatusExecution] d92b9203-13f2-4150-992d-a89b2ef18ea4 [2026-05-18T21:03:37.471929] Installed yarn 1.22.22 (STDOUT, STG)#
#2026 05 18 21:08:12.395#Z#DEBUG#97838b23-52fd-11f1-a8e5-eeee0a8b5973.axon-odata-api#flowable-async-job-executor-thread-25763#
[PollStartAppStatusExecution] d92b9203-13f2-4150-992d-a89b2ef18ea4 [2026-05-18T21:03:37.471975] -----> Creating runtime environment (STDOUT, STG)#
#2026 05 18 21:08:12.395#Z#DEBUG#97838b23-52fd-11f1-a8e5-eeee0a8b5973.axon-odata-api#flowable-async-job-executor-thread-25763#
[PollStartAppStatusExecution] d92b9203-13f2-4150-992d-a89b2ef18ea4 [2026-05-18T21:03:37.474563] NODE_ENV=production (STDOUT, STG)#
#2026 05 18 21:08:12.395#Z#DEBUG#97838b23-52fd-11f1-a8e5-eeee0a8b5973.axon-odata-api#flowable-async-job-executor-thread-25763#
[PollStartAppStatusExecution] d92b9203-13f2-4150-992d-a89b2ef18ea4 [2026-05-18T21:03:37.474591] NODE_HOME=/tmp/contents1509622509/deps/0/node (STDOUT, STG)#
#2026 05 18 21:08:12.395#Z#DEBUG#97838b23-52fd-11f1-a8e5-eeee0a8b5973.axon-odata-api#flowable-async-job-executor-thread-25763#
[PollStartAppStatusExecution] d92b9203-13f2-4150-992d-a89b2ef18ea4 [2026-05-18T21:03:37.474620] NODE_MODULES_CACHE=true (STDOUT, STG)#
#2026 05 18 21:08:12.395#Z#DEBUG#97838b23-52fd-11f1-a8e5-eeee0a8b5973.axon-odata-api#flowable-async-job-executor-thread-25763#
[PollStartAppStatusExecution] d92b9203-13f2-4150-992d-a89b2ef18ea4 [2026-05-18T21:03:37.474794] NODE_VERBOSE=false (STDOUT, STG)#
#2026 05 18 21:08:12.395#Z#DEBUG#97838b23-52fd-11f1-a8e5-eeee0a8b5973.axon-odata-api#flowable-async-job-executor-thread-25763#
[PollStartAppStatusExecution] d92b9203-13f2-4150-992d-a89b2ef18ea4 [2026-05-18T21:03:37.474826] NPM_CONFIG_LOGLEVEL=error (STDOUT, STG)#
#2026 05 18 21:08:12.395#Z#DEBUG#97838b23-52fd-11f1-a8e5-eeee0a8b5973.axon-odata-api#flowable-async-job-executor-thread-25763#
[PollStartAppStatusExecution] d92b9203-13f2-4150-992d-a89b2ef18ea4 [2026-05-18T21:03:37.474831] NPM_CONFIG_PRODUCTION=true (STDOUT, STG)#
#2026 05 18 21:08:12.395#Z#DEBUG#97838b23-52fd-11f1-a8e5-eeee0a8b5973.axon-odata-api#flowable-async-job-executor-thread-25763#
[PollStartAppStatusExecution] d92b9203-13f2-4150-992d-a89b2ef18ea4 [2026-05-18T21:03:37.474892] -----> Building dependencies (STDOUT, STG)#
#2026 05 18 21:08:12.395#Z#DEBUG#97838b23-52fd-11f1-a8e5-eeee0a8b5973.axon-odata-api#flowable-async-job-executor-thread-25763#
[PollStartAppStatusExecution] d92b9203-13f2-4150-992d-a89b2ef18ea4 [2026-05-18T21:03:37.474921] Prebuild detected (node_modules already exists) (STDOUT, STG)#
#2026 05 18 21:08:12.395#Z#DEBUG#97838b23-52fd-11f1-a8e5-eeee0a8b5973.axon-odata-api#flowable-async-job-executor-thread-25763#
[PollStartAppStatusExecution] d92b9203-13f2-4150-992d-a89b2ef18ea4 [2026-05-18T21:03:37.475119] Rebuilding any native modules (STDOUT, STG)#
#2026 05 18 21:08:12.395#Z#DEBUG#97838b23-52fd-11f1-a8e5-eeee0a8b5973.axon-odata-api#flowable-async-job-executor-thread-25763#
[PollStartAppStatusExecution] d92b9203-13f2-4150-992d-a89b2ef18ea4 [2026-05-18T21:03:38.758394] rebuilt dependencies successfully (STDOUT, STG)#
#2026 05 18 21:08:12.395#Z#DEBUG#97838b23-52fd-11f1-a8e5-eeee0a8b5973.axon-odata-api#flowable-async-job-executor-thread-25763#
[PollStartAppStatusExecution] d92b9203-13f2-4150-992d-a89b2ef18ea4 [2026-05-18T21:03:38.760305] npm notice (STDOUT, STG)#
#2026 05 18 21:08:12.395#Z#DEBUG#97838b23-52fd-11f1-a8e5-eeee0a8b5973.axon-odata-api#flowable-async-job-executor-thread-25763#
[PollStartAppStatusExecution] d92b9203-13f2-4150-992d-a89b2ef18ea4 [2026-05-18T21:03:38.760331] npm notice New minor version of npm available! 11.6.2 -> 11.14.1 (STDOUT, STG)#
#2026 05 18 21:08:12.395#Z#DEBUG#97838b23-52fd-11f1-a8e5-eeee0a8b5973.axon-odata-api#flowable-async-job-executor-thread-25763#
[PollStartAppStatusExecution] d92b9203-13f2-4150-992d-a89b2ef18ea4 [2026-05-18T21:03:38.760341] npm notice Changelog: https://github.com/npm/cli/releases/tag/v11.14.1 (STDOUT, STG)#
#2026 05 18 21:08:12.395#Z#DEBUG#97838b23-52fd-11f1-a8e5-eeee0a8b5973.axon-odata-api#flowable-async-job-executor-thread-25763#
[PollStartAppStatusExecution] d92b9203-13f2-4150-992d-a89b2ef18ea4 [2026-05-18T21:03:38.760344] npm notice To update run: npm install -g npm@11.14.1 (STDOUT, STG)#
#2026 05 18 21:08:12.395#Z#DEBUG#97838b23-52fd-11f1-a8e5-eeee0a8b5973.axon-odata-api#flowable-async-job-executor-thread-25763#
[PollStartAppStatusExecution] d92b9203-13f2-4150-992d-a89b2ef18ea4 [2026-05-18T21:03:38.760346] npm notice (STDOUT, STG)#
#2026 05 18 21:08:12.395#Z#DEBUG#97838b23-52fd-11f1-a8e5-eeee0a8b5973.axon-odata-api#flowable-async-job-executor-thread-25763#
[PollStartAppStatusExecution] d92b9203-13f2-4150-992d-a89b2ef18ea4 [2026-05-18T21:03:38.846206] Installing any new modules (package.json + package-lock.json) (STDOUT, STG)#
#2026 05 18 21:08:12.395#Z#DEBUG#97838b23-52fd-11f1-a8e5-eeee0a8b5973.axon-odata-api#flowable-async-job-executor-thread-25763#
[PollStartAppStatusExecution] d92b9203-13f2-4150-992d-a89b2ef18ea4 [2026-05-18T21:03:40.056787] up to date in 1s (STDOUT, STG)#
#2026 05 18 21:08:12.395#Z#DEBUG#97838b23-52fd-11f1-a8e5-eeee0a8b5973.axon-odata-api#flowable-async-job-executor-thread-25763#
[PollStartAppStatusExecution] d92b9203-13f2-4150-992d-a89b2ef18ea4 [2026-05-18T21:03:40.057050] 39 packages are looking for funding (STDOUT, STG)#
#2026 05 18 21:08:12.395#Z#DEBUG#97838b23-52fd-11f1-a8e5-eeee0a8b5973.axon-odata-api#flowable-async-job-executor-thread-25763#
[PollStartAppStatusExecution] d92b9203-13f2-4150-992d-a89b2ef18ea4 [2026-05-18T21:03:40.057146] run `npm fund` for details (STDOUT, STG)#
#2026 05 18 21:08:12.395#Z#DEBUG#97838b23-52fd-11f1-a8e5-eeee0a8b5973.axon-odata-api#flowable-async-job-executor-thread-25763#
[PollStartAppStatusExecution] d92b9203-13f2-4150-992d-a89b2ef18ea4 [2026-05-18T21:03:41.785745] Contrast Security no credentials found. Will not write environment files. (STDOUT, STG)#
#2026 05 18 21:08:12.395#Z#DEBUG#97838b23-52fd-11f1-a8e5-eeee0a8b5973.axon-odata-api#flowable-async-job-executor-thread-25763#
[PollStartAppStatusExecution] d92b9203-13f2-4150-992d-a89b2ef18ea4 [2026-05-18T21:03:55.981005] Exit status 0 (STDOUT, STG)#
#2026 05 18 21:08:12.395#Z#DEBUG#97838b23-52fd-11f1-a8e5-eeee0a8b5973.axon-odata-api#flowable-async-job-executor-thread-25763#
[PollStartAppStatusExecution] d92b9203-13f2-4150-992d-a89b2ef18ea4 [2026-05-18T21:03:55.981049] Uploading droplet, build artifacts cache... (STDOUT, STG)#
#2026 05 18 21:08:12.395#Z#DEBUG#97838b23-52fd-11f1-a8e5-eeee0a8b5973.axon-odata-api#flowable-async-job-executor-thread-25763#
[PollStartAppStatusExecution] d92b9203-13f2-4150-992d-a89b2ef18ea4 [2026-05-18T21:03:55.981081] Uploading build artifacts cache... (STDOUT, STG)#
#2026 05 18 21:08:12.395#Z#DEBUG#97838b23-52fd-11f1-a8e5-eeee0a8b5973.axon-odata-api#flowable-async-job-executor-thread-25763#
[PollStartAppStatusExecution] d92b9203-13f2-4150-992d-a89b2ef18ea4 [2026-05-18T21:03:55.981134] Uploading droplet... (STDOUT, STG)#
#2026 05 18 21:08:12.395#Z#DEBUG#97838b23-52fd-11f1-a8e5-eeee0a8b5973.axon-odata-api#flowable-async-job-executor-thread-25763#
[PollStartAppStatusExecution] d92b9203-13f2-4150-992d-a89b2ef18ea4 [2026-05-18T21:03:56.016207] Uploaded build artifacts cache (226B) (STDOUT, STG)#
#2026 05 18 21:08:12.395#Z#DEBUG#97838b23-52fd-11f1-a8e5-eeee0a8b5973.axon-odata-api#flowable-async-job-executor-thread-25763#
[PollStartAppStatusExecution] d92b9203-13f2-4150-992d-a89b2ef18ea4 [2026-05-18T21:03:56.923463] Creating droplet for app with guid d92b9203-13f2-4150-992d-a89b2ef18ea4 (STDOUT, API)#
#2026 05 18 21:08:12.395#Z#DEBUG#97838b23-52fd-11f1-a8e5-eeee0a8b5973.axon-odata-api#flowable-async-job-executor-thread-25763#
[PollStartAppStatusExecution] d92b9203-13f2-4150-992d-a89b2ef18ea4 [2026-05-18T21:03:58.999996] Uploaded droplet (71.8M) (STDOUT, STG)#
#2026 05 18 21:08:12.395#Z#DEBUG#97838b23-52fd-11f1-a8e5-eeee0a8b5973.axon-odata-api#flowable-async-job-executor-thread-25763#
[PollStartAppStatusExecution] d92b9203-13f2-4150-992d-a89b2ef18ea4 [2026-05-18T21:03:59.030045] Uploading complete (STDOUT, STG)#
#2026 05 18 21:08:12.395#Z#DEBUG#97838b23-52fd-11f1-a8e5-eeee0a8b5973.axon-odata-api#flowable-async-job-executor-thread-25763#
[PollStartAppStatusExecution] d92b9203-13f2-4150-992d-a89b2ef18ea4 [2026-05-18T21:03:59.763001] Cell c839c7b1-088e-41af-b9b7-66256aacd457 stopping instance e73b8477-2c6e-4271-9b62-5504f0545ecb (STDOUT, STG)#
#2026 05 18 21:08:12.395#Z#DEBUG#97838b23-52fd-11f1-a8e5-eeee0a8b5973.axon-odata-api#flowable-async-job-executor-thread-25763#
[PollStartAppStatusExecution] d92b9203-13f2-4150-992d-a89b2ef18ea4 [2026-05-18T21:03:59.763091] Cell c839c7b1-088e-41af-b9b7-66256aacd457 destroying container for instance e73b8477-2c6e-4271-9b62-5504f0545ecb (STDOUT, STG)#
#2026 05 18 21:08:12.395#Z#DEBUG#97838b23-52fd-11f1-a8e5-eeee0a8b5973.axon-odata-api#flowable-async-job-executor-thread-25763#
[PollStartAppStatusExecution] d92b9203-13f2-4150-992d-a89b2ef18ea4 [2026-05-18T21:03:59.811423] Staging complete for build e73b8477-2c6e-4271-9b62-5504f0545ecb (STDOUT, API)#
#2026 05 18 21:08:12.395#Z#DEBUG#97838b23-52fd-11f1-a8e5-eeee0a8b5973.axon-odata-api#flowable-async-job-executor-thread-25763#
[PollStartAppStatusExecution] d92b9203-13f2-4150-992d-a89b2ef18ea4 [2026-05-18T21:04:01.468989] Updated app with guid d92b9203-13f2-4150-992d-a89b2ef18ea4 ({:droplet_guid=>"c8a00362-4b3a-49b3-a1b7-c373dabbc3a2"}) (STDOUT, API)#
#2026 05 18 21:08:12.395#Z#DEBUG#97838b23-52fd-11f1-a8e5-eeee0a8b5973.axon-odata-api#flowable-async-job-executor-thread-25763#
[PollStartAppStatusExecution] d92b9203-13f2-4150-992d-a89b2ef18ea4 [2026-05-18T21:04:01.671800] Creating revision for app with guid d92b9203-13f2-4150-992d-a89b2ef18ea4 (STDOUT, API)#
#2026 05 18 21:08:12.395#Z#DEBUG#97838b23-52fd-11f1-a8e5-eeee0a8b5973.axon-odata-api#flowable-async-job-executor-thread-25763#
[PollStartAppStatusExecution] d92b9203-13f2-4150-992d-a89b2ef18ea4 [2026-05-18T21:04:01.710451] Starting app with guid d92b9203-13f2-4150-992d-a89b2ef18ea4 (STDOUT, API)#
#2026 05 18 21:08:12.395#Z#DEBUG#97838b23-52fd-11f1-a8e5-eeee0a8b5973.axon-odata-api#flowable-async-job-executor-thread-25763#
[PollStartAppStatusExecution] d92b9203-13f2-4150-992d-a89b2ef18ea4 [2026-05-18T21:04:01.941274] Cell 77283d80-dfa7-40ba-ba4e-265aef112085 creating container for instance 69e2cf1a-db7c-4182-51ce-1af6 (STDOUT, CELL)#
#2026 05 18 21:08:12.395#Z#DEBUG#97838b23-52fd-11f1-a8e5-eeee0a8b5973.axon-odata-api#flowable-async-job-executor-thread-25763#
[PollStartAppStatusExecution] d92b9203-13f2-4150-992d-a89b2ef18ea4 [2026-05-18T21:04:02.986694] Cell c839c7b1-088e-41af-b9b7-66256aacd457 successfully destroyed container for instance e73b8477-2c6e-4271-9b62-5504f0545ecb (STDOUT, STG)#
#2026 05 18 21:08:12.395#Z#DEBUG#97838b23-52fd-11f1-a8e5-eeee0a8b5973.axon-odata-api#flowable-async-job-executor-thread-25763#
[PollStartAppStatusExecution] d92b9203-13f2-4150-992d-a89b2ef18ea4 [2026-05-18T21:04:02.995949] Security group rules were updated (STDOUT, CELL)#
#2026 05 18 21:08:12.395#Z#DEBUG#97838b23-52fd-11f1-a8e5-eeee0a8b5973.axon-odata-api#flowable-async-job-executor-thread-25763#
[PollStartAppStatusExecution] d92b9203-13f2-4150-992d-a89b2ef18ea4 [2026-05-18T21:04:03.110760] Cell 77283d80-dfa7-40ba-ba4e-265aef112085 successfully created container for instance 69e2cf1a-db7c-4182-51ce-1af6 (STDOUT, CELL)#
#2026 05 18 21:08:12.395#Z#DEBUG#97838b23-52fd-11f1-a8e5-eeee0a8b5973.axon-odata-api#flowable-async-job-executor-thread-25763#
[PollStartAppStatusExecution] d92b9203-13f2-4150-992d-a89b2ef18ea4 [2026-05-18T21:04:03.386947] Downloading droplet... (STDOUT, CELL)#
#2026 05 18 21:08:12.395#Z#DEBUG#97838b23-52fd-11f1-a8e5-eeee0a8b5973.axon-odata-api#flowable-async-job-executor-thread-25763#
[PollStartAppStatusExecution] d92b9203-13f2-4150-992d-a89b2ef18ea4 [2026-05-18T21:04:09.407431] Downloaded droplet (71.8M) (STDOUT, CELL)#
#2026 05 18 21:08:12.395#Z#DEBUG#97838b23-52fd-11f1-a8e5-eeee0a8b5973.axon-odata-api#flowable-async-job-executor-thread-25763#
[PollStartAppStatusExecution] d92b9203-13f2-4150-992d-a89b2ef18ea4 [2026-05-18T21:04:09.407651] Starting health monitoring of container (STDOUT, CELL)#
#2026 05 18 21:08:12.395#Z#DEBUG#97838b23-52fd-11f1-a8e5-eeee0a8b5973.axon-odata-api#flowable-async-job-executor-thread-25763#
[PollStartAppStatusExecution] d92b9203-13f2-4150-992d-a89b2ef18ea4 [2026-05-18T21:04:09.581305] Invoking pre-start scripts. (STDOUT, APP/PROC/WEB)#
#2026 05 18 21:08:12.395#Z#DEBUG#97838b23-52fd-11f1-a8e5-eeee0a8b5973.axon-odata-api#flowable-async-job-executor-thread-25763#
[PollStartAppStatusExecution] d92b9203-13f2-4150-992d-a89b2ef18ea4 [2026-05-18T21:04:09.869265] Invoking start command. (STDOUT, APP/PROC/WEB)#
#2026 05 18 21:08:12.395#Z#DEBUG#97838b23-52fd-11f1-a8e5-eeee0a8b5973.axon-odata-api#flowable-async-job-executor-thread-25763#
[PollStartAppStatusExecution] d92b9203-13f2-4150-992d-a89b2ef18ea4 [2026-05-18T21:04:09.972213] Deploying with options: { (STDOUT, APP/PROC/WEB)#
#2026 05 18 21:08:12.395#Z#DEBUG#97838b23-52fd-11f1-a8e5-eeee0a8b5973.axon-odata-api#flowable-async-job-executor-thread-25763#
[PollStartAppStatusExecution] d92b9203-13f2-4150-992d-a89b2ef18ea4 [2026-05-18T21:04:09.972250] kind: 'sqlite', (STDOUT, APP/PROC/WEB)#
#2026 05 18 21:08:12.395#Z#DEBUG#97838b23-52fd-11f1-a8e5-eeee0a8b5973.axon-odata-api#flowable-async-job-executor-thread-25763#
[PollStartAppStatusExecution] d92b9203-13f2-4150-992d-a89b2ef18ea4 [2026-05-18T21:04:09.972255] dialect: 'sqlite', (STDOUT, APP/PROC/WEB)#
#2026 05 18 21:08:12.395#Z#DEBUG#97838b23-52fd-11f1-a8e5-eeee0a8b5973.axon-odata-api#flowable-async-job-executor-thread-25763#
[PollStartAppStatusExecution] d92b9203-13f2-4150-992d-a89b2ef18ea4 [2026-05-18T21:04:09.972259] credentials: { profile: 'production' } (STDOUT, APP/PROC/WEB)#
#2026 05 18 21:08:12.395#Z#DEBUG#97838b23-52fd-11f1-a8e5-eeee0a8b5973.axon-odata-api#flowable-async-job-executor-thread-25763#
[PollStartAppStatusExecution] d92b9203-13f2-4150-992d-a89b2ef18ea4 [2026-05-18T21:04:09.972262] } { to: 'sqlite', profile: 'production' } (STDOUT, APP/PROC/WEB)#
#2026 05 18 21:08:12.395#Z#DEBUG#97838b23-52fd-11f1-a8e5-eeee0a8b5973.axon-odata-api#flowable-async-job-executor-thread-25763#
[PollStartAppStatusExecution] d92b9203-13f2-4150-992d-a89b2ef18ea4 [2026-05-18T21:04:10.855641] /> successfully deployed to in-memory database. (STDOUT, APP/PROC/WEB)#
#2026 05 18 21:08:12.395#Z#DEBUG#97838b23-52fd-11f1-a8e5-eeee0a8b5973.axon-odata-api#flowable-async-job-executor-thread-25763#
[PollStartAppStatusExecution] d92b9203-13f2-4150-992d-a89b2ef18ea4 [2026-05-18T21:04:10.890153] cp: cannot stat 'db.sqlite': No such file or directory (STDERR, APP/PROC/WEB)#
#2026 05 18 21:08:12.395#Z#DEBUG#97838b23-52fd-11f1-a8e5-eeee0a8b5973.axon-odata-api#flowable-async-job-executor-thread-25763#
[PollStartAppStatusExecution] d92b9203-13f2-4150-992d-a89b2ef18ea4 [2026-05-18T21:04:10.901760] Exit status 1 (STDOUT, APP/PROC/WEB)#
#2026 05 18 21:08:12.395#Z#DEBUG#97838b23-52fd-11f1-a8e5-eeee0a8b5973.axon-odata-api#flowable-async-job-executor-thread-25763#
[PollStartAppStatusExecution] d92b9203-13f2-4150-992d-a89b2ef18ea4 [2026-05-18T21:04:17.609958] Cell 77283d80-dfa7-40ba-ba4e-265aef112085 stopping instance 69e2cf1a-db7c-4182-51ce-1af6 (STDOUT, CELL)#
#2026 05 18 21:08:12.395#Z#DEBUG#97838b23-52fd-11f1-a8e5-eeee0a8b5973.axon-odata-api#flowable-async-job-executor-thread-25763#
[PollStartAppStatusExecution] d92b9203-13f2-4150-992d-a89b2ef18ea4 [2026-05-18T21:04:17.610001] Cell 77283d80-dfa7-40ba-ba4e-265aef112085 destroying container for instance 69e2cf1a-db7c-4182-51ce-1af6 (STDOUT, CELL)#
#2026 05 18 21:08:12.395#Z#DEBUG#97838b23-52fd-11f1-a8e5-eeee0a8b5973.axon-odata-api#flowable-async-job-executor-thread-25763#
[PollStartAppStatusExecution] d92b9203-13f2-4150-992d-a89b2ef18ea4 [2026-05-18T21:04:17.614727] Process has crashed with type: "web" (STDOUT, API)#
#2026 05 18 21:08:12.395#Z#DEBUG#97838b23-52fd-11f1-a8e5-eeee0a8b5973.axon-odata-api#flowable-async-job-executor-thread-25763#
[PollStartAppStatusExecution] d92b9203-13f2-4150-992d-a89b2ef18ea4 [2026-05-18T21:04:17.628251] App instance exited with guid d92b9203-13f2-4150-992d-a89b2ef18ea4 payload: {"instance"=>"69e2cf1a-db7c-4182-51ce-1af6", "index"=>0, "cell_id"=>"77283d80-dfa7-40ba-ba4e-265aef112085", "reason"=>"CRASHED", "exit_description"=>"APP/PROC/WEB: Exited with status 1", "crash_count"=>1, "crash_timestamp"=>1779138257590994248, "version"=>"173145a3-d896-43d3-b390-d3e1c86748f0"} (STDOUT, API)#
#2026 05 18 21:08:12.395#Z#DEBUG#97838b23-52fd-11f1-a8e5-eeee0a8b5973.axon-odata-api#flowable-async-job-executor-thread-25763#
[PollStartAppStatusExecution] d92b9203-13f2-4150-992d-a89b2ef18ea4 [2026-05-18T21:04:17.730761] Cell d1cc041a-d5a1-41d6-b9f6-6cda736ce3f0 creating container for instance 51b659fe-6e11-48b3-51d9-0311 (STDOUT, CELL)#
#2026 05 18 21:08:12.395#Z#DEBUG#97838b23-52fd-11f1-a8e5-eeee0a8b5973.axon-odata-api#flowable-async-job-executor-thread-25763#
[PollStartAppStatusExecution] d92b9203-13f2-4150-992d-a89b2ef18ea4 [2026-05-18T21:04:18.386654] Exit status 137 (STDOUT, PROXY)#
#2026 05 18 21:08:12.395#Z#DEBUG#97838b23-52fd-11f1-a8e5-eeee0a8b5973.axon-odata-api#flowable-async-job-executor-thread-25763#
[PollStartAppStatusExecution] d92b9203-13f2-4150-992d-a89b2ef18ea4 [2026-05-18T21:04:18.718498] Security group rules were updated (STDOUT, CELL)#
#2026 05 18 21:08:12.395#Z#DEBUG#97838b23-52fd-11f1-a8e5-eeee0a8b5973.axon-odata-api#flowable-async-job-executor-thread-25763#
[PollStartAppStatusExecution] d92b9203-13f2-4150-992d-a89b2ef18ea4 [2026-05-18T21:04:18.822604] Cell d1cc041a-d5a1-41d6-b9f6-6cda736ce3f0 successfully created container for instance 51b659fe-6e11-48b3-51d9-0311 (STDOUT, CELL)#
#2026 05 18 21:08:12.395#Z#DEBUG#97838b23-52fd-11f1-a8e5-eeee0a8b5973.axon-odata-api#flowable-async-job-executor-thread-25763#
[PollStartAppStatusExecution] d92b9203-13f2-4150-992d-a89b2ef18ea4 [2026-05-18T21:04:19.527257] Downloading droplet... (STDOUT, CELL)#
#2026 05 18 21:08:12.395#Z#DEBUG#97838b23-52fd-11f1-a8e5-eeee0a8b5973.axon-odata-api#flowable-async-job-executor-thread-25763#
[PollStartAppStatusExecution] d92b9203-13f2-4150-992d-a89b2ef18ea4 [2026-05-18T21:04:20.429938] Cell 77283d80-dfa7-40ba-ba4e-265aef112085 successfully destroyed container for instance 69e2cf1a-db7c-4182-51ce-1af6 (STDOUT, CELL)#
#2026 05 18 21:08:12.395#Z#DEBUG#97838b23-52fd-11f1-a8e5-eeee0a8b5973.axon-odata-api#flowable-async-job-executor-thread-25763#
[PollStartAppStatusExecution] d92b9203-13f2-4150-992d-a89b2ef18ea4 [2026-05-18T21:04:26.041154] Downloaded droplet (71.8M) (STDOUT, CELL)#
#2026 05 18 21:08:12.395#Z#DEBUG#97838b23-52fd-11f1-a8e5-eeee0a8b5973.axon-odata-api#flowable-async-job-executor-thread-25763#
[PollStartAppStatusExecution] d92b9203-13f2-4150-992d-a89b2ef18ea4 [2026-05-18T21:04:26.041374] Starting health monitoring of container (STDOUT, CELL)#
#2026 05 18 21:08:12.395#Z#DEBUG#97838b23-52fd-11f1-a8e5-eeee0a8b5973.axon-odata-api#flowable-async-job-executor-thread-25763#
[PollStartAppStatusExecution] d92b9203-13f2-4150-992d-a89b2ef18ea4 [2026-05-18T21:04:26.220734] Invoking pre-start scripts. (STDOUT, APP/PROC/WEB)#
#2026 05 18 21:08:12.395#Z#DEBUG#97838b23-52fd-11f1-a8e5-eeee0a8b5973.axon-odata-api#flowable-async-job-executor-thread-25763#
[PollStartAppStatusExecution] d92b9203-13f2-4150-992d-a89b2ef18ea4 [2026-05-18T21:04:26.473429] Invoking start command. (STDOUT, APP/PROC/WEB)#
#2026 05 18 21:08:12.395#Z#DEBUG#97838b23-52fd-11f1-a8e5-eeee0a8b5973.axon-odata-api#flowable-async-job-executor-thread-25763#
[PollStartAppStatusExecution] d92b9203-13f2-4150-992d-a89b2ef18ea4 [2026-05-18T21:04:26.593598] Deploying with options: { (STDOUT, APP/PROC/WEB)#
#2026 05 18 21:08:12.395#Z#DEBUG#97838b23-52fd-11f1-a8e5-eeee0a8b5973.axon-odata-api#flowable-async-job-executor-thread-25763#
[PollStartAppStatusExecution] d92b9203-13f2-4150-992d-a89b2ef18ea4 [2026-05-18T21:04:26.593632] kind: 'sqlite', (STDOUT, APP/PROC/WEB)#
#2026 05 18 21:08:12.395#Z#DEBUG#97838b23-52fd-11f1-a8e5-eeee0a8b5973.axon-odata-api#flowable-async-job-executor-thread-25763#
[PollStartAppStatusExecution] d92b9203-13f2-4150-992d-a89b2ef18ea4 [2026-05-18T21:04:26.593635] dialect: 'sqlite', (STDOUT, APP/PROC/WEB)#
#2026 05 18 21:08:12.395#Z#DEBUG#97838b23-52fd-11f1-a8e5-eeee0a8b5973.axon-odata-api#flowable-async-job-executor-thread-25763#
[PollStartAppStatusExecution] d92b9203-13f2-4150-992d-a89b2ef18ea4 [2026-05-18T21:04:26.593639] credentials: { profile: 'production' } (STDOUT, APP/PROC/WEB)#
#2026 05 18 21:08:12.395#Z#DEBUG#97838b23-52fd-11f1-a8e5-eeee0a8b5973.axon-odata-api#flowable-async-job-executor-thread-25763#
[PollStartAppStatusExecution] d92b9203-13f2-4150-992d-a89b2ef18ea4 [2026-05-18T21:04:26.593647] } { to: 'sqlite', profile: 'production' } (STDOUT, APP/PROC/WEB)#
#2026 05 18 21:08:12.395#Z#DEBUG#97838b23-52fd-11f1-a8e5-eeee0a8b5973.axon-odata-api#flowable-async-job-executor-thread-25763#
[PollStartAppStatusExecution] d92b9203-13f2-4150-992d-a89b2ef18ea4 [2026-05-18T21:04:27.378915] /> successfully deployed to in-memory database. (STDOUT, APP/PROC/WEB)#
#2026 05 18 21:08:12.395#Z#DEBUG#97838b23-52fd-11f1-a8e5-eeee0a8b5973.axon-odata-api#flowable-async-job-executor-thread-25763#
[PollStartAppStatusExecution] d92b9203-13f2-4150-992d-a89b2ef18ea4 [2026-05-18T21:04:27.397654] cp: cannot stat 'db.sqlite': No such file or directory (STDERR, APP/PROC/WEB)#
#2026 05 18 21:08:12.395#Z#DEBUG#97838b23-52fd-11f1-a8e5-eeee0a8b5973.axon-odata-api#flowable-async-job-executor-thread-25763#
[PollStartAppStatusExecution] d92b9203-13f2-4150-992d-a89b2ef18ea4 [2026-05-18T21:04:27.409061] Exit status 1 (STDOUT, APP/PROC/WEB)#
#2026 05 18 21:08:12.395#Z#DEBUG#97838b23-52fd-11f1-a8e5-eeee0a8b5973.axon-odata-api#flowable-async-job-executor-thread-25763#
[PollStartAppStatusExecution] d92b9203-13f2-4150-992d-a89b2ef18ea4 [2026-05-18T21:04:34.091916] Cell d1cc041a-d5a1-41d6-b9f6-6cda736ce3f0 stopping instance 51b659fe-6e11-48b3-51d9-0311 (STDOUT, CELL)#
#2026 05 18 21:08:12.395#Z#DEBUG#97838b23-52fd-11f1-a8e5-eeee0a8b5973.axon-odata-api#flowable-async-job-executor-thread-25763#
[PollStartAppStatusExecution] d92b9203-13f2-4150-992d-a89b2ef18ea4 [2026-05-18T21:04:34.091955] Cell d1cc041a-d5a1-41d6-b9f6-6cda736ce3f0 destroying container for instance 51b659fe-6e11-48b3-51d9-0311 (STDOUT, CELL)#
#2026 05 18 21:08:12.395#Z#DEBUG#97838b23-52fd-11f1-a8e5-eeee0a8b5973.axon-odata-api#flowable-async-job-executor-thread-25763#
[PollStartAppStatusExecution] d92b9203-13f2-4150-992d-a89b2ef18ea4 [2026-05-18T21:04:34.096559] Process has crashed with type: "web" (STDOUT, API)#
#2026 05 18 21:08:12.395#Z#DEBUG#97838b23-52fd-11f1-a8e5-eeee0a8b5973.axon-odata-api#flowable-async-job-executor-thread-25763#
[PollStartAppStatusExecution] d92b9203-13f2-4150-992d-a89b2ef18ea4 [2026-05-18T21:04:34.109087] App instance exited with guid d92b9203-13f2-4150-992d-a89b2ef18ea4 payload: {"instance"=>"51b659fe-6e11-48b3-51d9-0311", "index"=>0, "cell_id"=>"d1cc041a-d5a1-41d6-b9f6-6cda736ce3f0", "reason"=>"CRASHED", "exit_description"=>"APP/PROC/WEB: Exited with status 1", "crash_count"=>2, "crash_timestamp"=>1779138274074842398, "version"=>"173145a3-d896-43d3-b390-d3e1c86748f0"} (STDOUT, API)#
#2026 05 18 21:08:12.395#Z#DEBUG#97838b23-52fd-11f1-a8e5-eeee0a8b5973.axon-odata-api#flowable-async-job-executor-thread-25763#
[PollStartAppStatusExecution] d92b9203-13f2-4150-992d-a89b2ef18ea4 [2026-05-18T21:04:34.272147] Cell 77283d80-dfa7-40ba-ba4e-265aef112085 creating container for instance db85db5d-ee03-4b7a-4895-7cf0 (STDOUT, CELL)#
#2026 05 18 21:08:12.395#Z#DEBUG#97838b23-52fd-11f1-a8e5-eeee0a8b5973.axon-odata-api#flowable-async-job-executor-thread-25763#
[PollStartAppStatusExecution] d92b9203-13f2-4150-992d-a89b2ef18ea4 [2026-05-18T21:04:34.460329] Exit status 137 (STDOUT, PROXY)#
#2026 05 18 21:08:12.395#Z#DEBUG#97838b23-52fd-11f1-a8e5-eeee0a8b5973.axon-odata-api#flowable-async-job-executor-thread-25763#
[PollStartAppStatusExecution] d92b9203-13f2-4150-992d-a89b2ef18ea4 [2026-05-18T21:04:36.501195] Security group rules were updated (STDOUT, CELL)#
#2026 05 18 21:08:12.395#Z#DEBUG#97838b23-52fd-11f1-a8e5-eeee0a8b5973.axon-odata-api#flowable-async-job-executor-thread-25763#
[PollStartAppStatusExecution] d92b9203-13f2-4150-992d-a89b2ef18ea4 [2026-05-18T21:04:36.643558] Cell 77283d80-dfa7-40ba-ba4e-265aef112085 successfully created container for instance db85db5d-ee03-4b7a-4895-7cf0 (STDOUT, CELL)#
#2026 05 18 21:08:12.395#Z#DEBUG#97838b23-52fd-11f1-a8e5-eeee0a8b5973.axon-odata-api#flowable-async-job-executor-thread-25763#
[PollStartAppStatusExecution] d92b9203-13f2-4150-992d-a89b2ef18ea4 [2026-05-18T21:04:36.895018] Cell d1cc041a-d5a1-41d6-b9f6-6cda736ce3f0 successfully destroyed container for instance 51b659fe-6e11-48b3-51d9-0311 (STDOUT, CELL)#
#2026 05 18 21:08:12.395#Z#DEBUG#97838b23-52fd-11f1-a8e5-eeee0a8b5973.axon-odata-api#flowable-async-job-executor-thread-25763#
[PollStartAppStatusExecution] d92b9203-13f2-4150-992d-a89b2ef18ea4 [2026-05-18T21:04:37.348050] Downloading droplet... (STDOUT, CELL)#
#2026 05 18 21:08:12.395#Z#DEBUG#97838b23-52fd-11f1-a8e5-eeee0a8b5973.axon-odata-api#flowable-async-job-executor-thread-25763#
[PollStartAppStatusExecution] d92b9203-13f2-4150-992d-a89b2ef18ea4 [2026-05-18T21:04:39.604514] Downloaded droplet (STDOUT, CELL)#
#2026 05 18 21:08:12.395#Z#DEBUG#97838b23-52fd-11f1-a8e5-eeee0a8b5973.axon-odata-api#flowable-async-job-executor-thread-25763#
[PollStartAppStatusExecution] d92b9203-13f2-4150-992d-a89b2ef18ea4 [2026-05-18T21:04:39.604686] Starting health monitoring of container (STDOUT, CELL)#
#2026 05 18 21:08:12.395#Z#DEBUG#97838b23-52fd-11f1-a8e5-eeee0a8b5973.axon-odata-api#flowable-async-job-executor-thread-25763#
[PollStartAppStatusExecution] d92b9203-13f2-4150-992d-a89b2ef18ea4 [2026-05-18T21:04:39.785406] Invoking pre-start scripts. (STDOUT, APP/PROC/WEB)#
#2026 05 18 21:08:12.395#Z#DEBUG#97838b23-52fd-11f1-a8e5-eeee0a8b5973.axon-odata-api#flowable-async-job-executor-thread-25763#
[PollStartAppStatusExecution] d92b9203-13f2-4150-992d-a89b2ef18ea4 [2026-05-18T21:04:40.065511] Invoking start command. (STDOUT, APP/PROC/WEB)#
#2026 05 18 21:08:12.395#Z#DEBUG#97838b23-52fd-11f1-a8e5-eeee0a8b5973.axon-odata-api#flowable-async-job-executor-thread-25763#
[PollStartAppStatusExecution] d92b9203-13f2-4150-992d-a89b2ef18ea4 [2026-05-18T21:04:40.155060] Deploying with options: { (STDOUT, APP/PROC/WEB)#
#2026 05 18 21:08:12.395#Z#DEBUG#97838b23-52fd-11f1-a8e5-eeee0a8b5973.axon-odata-api#flowable-async-job-executor-thread-25763#
[PollStartAppStatusExecution] d92b9203-13f2-4150-992d-a89b2ef18ea4 [2026-05-18T21:04:40.155092] kind: 'sqlite', (STDOUT, APP/PROC/WEB)#
#2026 05 18 21:08:12.395#Z#DEBUG#97838b23-52fd-11f1-a8e5-eeee0a8b5973.axon-odata-api#flowable-async-job-executor-thread-25763#
[PollStartAppStatusExecution] d92b9203-13f2-4150-992d-a89b2ef18ea4 [2026-05-18T21:04:40.155096] dialect: 'sqlite', (STDOUT, APP/PROC/WEB)#
#2026 05 18 21:08:12.395#Z#DEBUG#97838b23-52fd-11f1-a8e5-eeee0a8b5973.axon-odata-api#flowable-async-job-executor-thread-25763#
[PollStartAppStatusExecution] d92b9203-13f2-4150-992d-a89b2ef18ea4 [2026-05-18T21:04:40.155099] credentials: { profile: 'production' } (STDOUT, APP/PROC/WEB)#
#2026 05 18 21:08:12.395#Z#DEBUG#97838b23-52fd-11f1-a8e5-eeee0a8b5973.axon-odata-api#flowable-async-job-executor-thread-25763#
[PollStartAppStatusExecution] d92b9203-13f2-4150-992d-a89b2ef18ea4 [2026-05-18T21:04:40.155103] } { to: 'sqlite', profile: 'production' } (STDOUT, APP/PROC/WEB)#
#2026 05 18 21:08:12.395#Z#DEBUG#97838b23-52fd-11f1-a8e5-eeee0a8b5973.axon-odata-api#flowable-async-job-executor-thread-25763#
[PollStartAppStatusExecution] d92b9203-13f2-4150-992d-a89b2ef18ea4 [2026-05-18T21:04:40.868940] /> successfully deployed to in-memory database. (STDOUT, APP/PROC/WEB)#
#2026 05 18 21:08:12.395#Z#DEBUG#97838b23-52fd-11f1-a8e5-eeee0a8b5973.axon-odata-api#flowable-async-job-executor-thread-25763#
[PollStartAppStatusExecution] d92b9203-13f2-4150-992d-a89b2ef18ea4 [2026-05-18T21:04:40.885498] cp: cannot stat 'db.sqlite': No such file or directory (STDERR, APP/PROC/WEB)#
#2026 05 18 21:08:12.395#Z#DEBUG#97838b23-52fd-11f1-a8e5-eeee0a8b5973.axon-odata-api#flowable-async-job-executor-thread-25763#
[PollStartAppStatusExecution] d92b9203-13f2-4150-992d-a89b2ef18ea4 [2026-05-18T21:04:40.895937] Exit status 1 (STDOUT, APP/PROC/WEB)#
#2026 05 18 21:08:12.395#Z#DEBUG#97838b23-52fd-11f1-a8e5-eeee0a8b5973.axon-odata-api#flowable-async-job-executor-thread-25763#
[PollStartAppStatusExecution] d92b9203-13f2-4150-992d-a89b2ef18ea4 [2026-05-18T21:04:48.035182] Cell 77283d80-dfa7-40ba-ba4e-265aef112085 stopping instance db85db5d-ee03-4b7a-4895-7cf0 (STDOUT, CELL)#
#2026 05 18 21:08:12.395#Z#DEBUG#97838b23-52fd-11f1-a8e5-eeee0a8b5973.axon-odata-api#flowable-async-job-executor-thread-25763#
[PollStartAppStatusExecution] d92b9203-13f2-4150-992d-a89b2ef18ea4 [2026-05-18T21:04:48.035223] Cell 77283d80-dfa7-40ba-ba4e-265aef112085 destroying container for instance db85db5d-ee03-4b7a-4895-7cf0 (STDOUT, CELL)#
#2026 05 18 21:08:12.395#Z#DEBUG#97838b23-52fd-11f1-a8e5-eeee0a8b5973.axon-odata-api#flowable-async-job-executor-thread-25763#
[PollStartAppStatusExecution] d92b9203-13f2-4150-992d-a89b2ef18ea4 [2026-05-18T21:04:48.053616] Process has crashed with type: "web" (STDOUT, API)#
#2026 05 18 21:08:12.395#Z#DEBUG#97838b23-52fd-11f1-a8e5-eeee0a8b5973.axon-odata-api#flowable-async-job-executor-thread-25763#
[PollStartAppStatusExecution] d92b9203-13f2-4150-992d-a89b2ef18ea4 [2026-05-18T21:04:48.068438] App instance exited with guid d92b9203-13f2-4150-992d-a89b2ef18ea4 payload: {"instance"=>"db85db5d-ee03-4b7a-4895-7cf0", "index"=>0, "cell_id"=>"77283d80-dfa7-40ba-ba4e-265aef112085", "reason"=>"CRASHED", "exit_description"=>"APP/PROC/WEB: Exited with status 1", "crash_count"=>3, "crash_timestamp"=>1779138288031533263, "version"=>"173145a3-d896-43d3-b390-d3e1c86748f0"} (STDOUT, API)#
#2026 05 18 21:08:12.395#Z#DEBUG#97838b23-52fd-11f1-a8e5-eeee0a8b5973.axon-odata-api#flowable-async-job-executor-thread-25763#
[PollStartAppStatusExecution] d92b9203-13f2-4150-992d-a89b2ef18ea4 [2026-05-18T21:04:48.346474] Exit status 137 (STDOUT, PROXY)#
#2026 05 18 21:08:12.395#Z#DEBUG#97838b23-52fd-11f1-a8e5-eeee0a8b5973.axon-odata-api#flowable-async-job-executor-thread-25763#
[PollStartAppStatusExecution] d92b9203-13f2-4150-992d-a89b2ef18ea4 [2026-05-18T21:04:50.904814] Cell 77283d80-dfa7-40ba-ba4e-265aef112085 successfully destroyed container for instance db85db5d-ee03-4b7a-4895-7cf0 (STDOUT, CELL)#
#2026 05 18 21:08:12.395#Z#DEBUG#97838b23-52fd-11f1-a8e5-eeee0a8b5973.axon-odata-api#flowable-async-job-executor-thread-25763#
[PollStartAppStatusExecution] d92b9203-13f2-4150-992d-a89b2ef18ea4 [2026-05-18T21:04:52.450682] Stopping app with guid d92b9203-13f2-4150-992d-a89b2ef18ea4 (STDOUT, API)#
#2026 05 18 21:08:12.395#Z#DEBUG#97838b23-52fd-11f1-a8e5-eeee0a8b5973.axon-odata-api#flowable-async-job-executor-thread-25763#
[PollStartAppStatusExecution] d92b9203-13f2-4150-992d-a89b2ef18ea4 [2026-05-18T21:04:52.611527] Starting app with guid d92b9203-13f2-4150-992d-a89b2ef18ea4 (STDOUT, API)#
#2026 05 18 21:08:12.395#Z#DEBUG#97838b23-52fd-11f1-a8e5-eeee0a8b5973.axon-odata-api#flowable-async-job-executor-thread-25763#
[PollStartAppStatusExecution] d92b9203-13f2-4150-992d-a89b2ef18ea4 [2026-05-18T21:04:52.946842] Cell 77283d80-dfa7-40ba-ba4e-265aef112085 creating container for instance 3b773aeb-a1b8-40c2-668d-8fd4 (STDOUT, CELL)#
#2026 05 18 21:08:12.395#Z#DEBUG#97838b23-52fd-11f1-a8e5-eeee0a8b5973.axon-odata-api#flowable-async-job-executor-thread-25763#
[PollStartAppStatusExecution] d92b9203-13f2-4150-992d-a89b2ef18ea4 [2026-05-18T21:04:54.036123] Security group rules were updated (STDOUT, CELL)#
#2026 05 18 21:08:12.395#Z#DEBUG#97838b23-52fd-11f1-a8e5-eeee0a8b5973.axon-odata-api#flowable-async-job-executor-thread-25763#
[PollStartAppStatusExecution] d92b9203-13f2-4150-992d-a89b2ef18ea4 [2026-05-18T21:04:54.148966] Cell 77283d80-dfa7-40ba-ba4e-265aef112085 successfully created container for instance 3b773aeb-a1b8-40c2-668d-8fd4 (STDOUT, CELL)#
#2026 05 18 21:08:12.395#Z#DEBUG#97838b23-52fd-11f1-a8e5-eeee0a8b5973.axon-odata-api#flowable-async-job-executor-thread-25763#
[PollStartAppStatusExecution] d92b9203-13f2-4150-992d-a89b2ef18ea4 [2026-05-18T21:04:54.940282] Downloading droplet... (STDOUT, CELL)#
#2026 05 18 21:08:12.395#Z#DEBUG#97838b23-52fd-11f1-a8e5-eeee0a8b5973.axon-odata-api#flowable-async-job-executor-thread-25763#
[PollStartAppStatusExecution] d92b9203-13f2-4150-992d-a89b2ef18ea4 [2026-05-18T21:05:01.266167] Downloaded droplet (71.8M) (STDOUT, CELL)#
#2026 05 18 21:08:12.395#Z#DEBUG#97838b23-52fd-11f1-a8e5-eeee0a8b5973.axon-odata-api#flowable-async-job-executor-thread-25763#
[PollStartAppStatusExecution] d92b9203-13f2-4150-992d-a89b2ef18ea4 [2026-05-18T21:05:01.266621] Starting health monitoring of container (STDOUT, CELL)#
#2026 05 18 21:08:12.395#Z#DEBUG#97838b23-52fd-11f1-a8e5-eeee0a8b5973.axon-odata-api#flowable-async-job-executor-thread-25763#
[PollStartAppStatusExecution] d92b9203-13f2-4150-992d-a89b2ef18ea4 [2026-05-18T21:05:01.446228] Invoking pre-start scripts. (STDOUT, APP/PROC/WEB)#
#2026 05 18 21:08:12.395#Z#DEBUG#97838b23-52fd-11f1-a8e5-eeee0a8b5973.axon-odata-api#flowable-async-job-executor-thread-25763#
[PollStartAppStatusExecution] d92b9203-13f2-4150-992d-a89b2ef18ea4 [2026-05-18T21:05:01.712076] Invoking start command. (STDOUT, APP/PROC/WEB)#
#2026 05 18 21:08:12.395#Z#DEBUG#97838b23-52fd-11f1-a8e5-eeee0a8b5973.axon-odata-api#flowable-async-job-executor-thread-25763#
[PollStartAppStatusExecution] d92b9203-13f2-4150-992d-a89b2ef18ea4 [2026-05-18T21:05:01.806207] Deploying with options: { (STDOUT, APP/PROC/WEB)#
#2026 05 18 21:08:12.395#Z#DEBUG#97838b23-52fd-11f1-a8e5-eeee0a8b5973.axon-odata-api#flowable-async-job-executor-thread-25763#
[PollStartAppStatusExecution] d92b9203-13f2-4150-992d-a89b2ef18ea4 [2026-05-18T21:05:01.806225] kind: 'sqlite', (STDOUT, APP/PROC/WEB)#
#2026 05 18 21:08:12.395#Z#DEBUG#97838b23-52fd-11f1-a8e5-eeee0a8b5973.axon-odata-api#flowable-async-job-executor-thread-25763#
[PollStartAppStatusExecution] d92b9203-13f2-4150-992d-a89b2ef18ea4 [2026-05-18T21:05:01.806229] dialect: 'sqlite', (STDOUT, APP/PROC/WEB)#
#2026 05 18 21:08:12.395#Z#DEBUG#97838b23-52fd-11f1-a8e5-eeee0a8b5973.axon-odata-api#flowable-async-job-executor-thread-25763#
[PollStartAppStatusExecution] d92b9203-13f2-4150-992d-a89b2ef18ea4 [2026-05-18T21:05:01.806232] credentials: { profile: 'production' } (STDOUT, APP/PROC/WEB)#
#2026 05 18 21:08:12.395#Z#DEBUG#97838b23-52fd-11f1-a8e5-eeee0a8b5973.axon-odata-api#flowable-async-job-executor-thread-25763#
[PollStartAppStatusExecution] d92b9203-13f2-4150-992d-a89b2ef18ea4 [2026-05-18T21:05:01.806236] } { to: 'sqlite', profile: 'production' } (STDOUT, APP/PROC/WEB)#
#2026 05 18 21:08:12.395#Z#DEBUG#97838b23-52fd-11f1-a8e5-eeee0a8b5973.axon-odata-api#flowable-async-job-executor-thread-25763#
[PollStartAppStatusExecution] d92b9203-13f2-4150-992d-a89b2ef18ea4 [2026-05-18T21:05:02.511134] /> successfully deployed to in-memory database. (STDOUT, APP/PROC/WEB)#
#2026 05 18 21:08:12.395#Z#DEBUG#97838b23-52fd-11f1-a8e5-eeee0a8b5973.axon-odata-api#flowable-async-job-executor-thread-25763#
[PollStartAppStatusExecution] d92b9203-13f2-4150-992d-a89b2ef18ea4 [2026-05-18T21:05:02.529548] cp: cannot stat 'db.sqlite': No such file or directory (STDERR, APP/PROC/WEB)#
#2026 05 18 21:08:12.395#Z#DEBUG#97838b23-52fd-11f1-a8e5-eeee0a8b5973.axon-odata-api#flowable-async-job-executor-thread-25763#
[PollStartAppStatusExecution] d92b9203-13f2-4150-992d-a89b2ef18ea4 [2026-05-18T21:05:02.540472] Exit status 1 (STDOUT, APP/PROC/WEB)#
#2026 05 18 21:08:12.395#Z#DEBUG#97838b23-52fd-11f1-a8e5-eeee0a8b5973.axon-odata-api#flowable-async-job-executor-thread-25763#
[PollStartAppStatusExecution] d92b9203-13f2-4150-992d-a89b2ef18ea4 [2026-05-18T21:05:09.739226] Cell 77283d80-dfa7-40ba-ba4e-265aef112085 stopping instance 3b773aeb-a1b8-40c2-668d-8fd4 (STDOUT, CELL)#
#2026 05 18 21:08:12.395#Z#DEBUG#97838b23-52fd-11f1-a8e5-eeee0a8b5973.axon-odata-api#flowable-async-job-executor-thread-25763#
[PollStartAppStatusExecution] d92b9203-13f2-4150-992d-a89b2ef18ea4 [2026-05-18T21:05:09.739278] Cell 77283d80-dfa7-40ba-ba4e-265aef112085 destroying container for instance 3b773aeb-a1b8-40c2-668d-8fd4 (STDOUT, CELL)#
#2026 05 18 21:08:12.395#Z#DEBUG#97838b23-52fd-11f1-a8e5-eeee0a8b5973.axon-odata-api#flowable-async-job-executor-thread-25763#
[PollStartAppStatusExecution] d92b9203-13f2-4150-992d-a89b2ef18ea4 [2026-05-18T21:05:09.745058] Process has crashed with type: "web" (STDOUT, API)#
#2026 05 18 21:08:12.395#Z#DEBUG#97838b23-52fd-11f1-a8e5-eeee0a8b5973.axon-odata-api#flowable-async-job-executor-thread-25763#
[PollStartAppStatusExecution] d92b9203-13f2-4150-992d-a89b2ef18ea4 [2026-05-18T21:05:09.758115] App instance exited with guid d92b9203-13f2-4150-992d-a89b2ef18ea4 payload: {"instance"=>"3b773aeb-a1b8-40c2-668d-8fd4", "index"=>0, "cell_id"=>"77283d80-dfa7-40ba-ba4e-265aef112085", "reason"=>"CRASHED", "exit_description"=>"APP/PROC/WEB: Exited with status 1", "crash_count"=>1, "crash_timestamp"=>1779138309720988282, "version"=>"c226be02-0b6c-4b2f-bb2a-08f46659b3e2"} (STDOUT, API)#
#2026 05 18 21:08:12.395#Z#DEBUG#97838b23-52fd-11f1-a8e5-eeee0a8b5973.axon-odata-api#flowable-async-job-executor-thread-25763#
[PollStartAppStatusExecution] d92b9203-13f2-4150-992d-a89b2ef18ea4 [2026-05-18T21:05:09.873441] Cell c839c7b1-088e-41af-b9b7-66256aacd457 creating container for instance f0f0f119-f8f6-41d4-5a76-2733 (STDOUT, CELL)#
#2026 05 18 21:08:12.395#Z#DEBUG#97838b23-52fd-11f1-a8e5-eeee0a8b5973.axon-odata-api#flowable-async-job-executor-thread-25763#
[PollStartAppStatusExecution] d92b9203-13f2-4150-992d-a89b2ef18ea4 [2026-05-18T21:05:09.960548] Exit status 137 (STDOUT, PROXY)#
#2026 05 18 21:08:12.395#Z#DEBUG#97838b23-52fd-11f1-a8e5-eeee0a8b5973.axon-odata-api#flowable-async-job-executor-thread-25763#
[PollStartAppStatusExecution] d92b9203-13f2-4150-992d-a89b2ef18ea4 [2026-05-18T21:05:10.956741] Security group rules were updated (STDOUT, CELL)#
#2026 05 18 21:08:12.395#Z#DEBUG#97838b23-52fd-11f1-a8e5-eeee0a8b5973.axon-odata-api#flowable-async-job-executor-thread-25763#
[PollStartAppStatusExecution] d92b9203-13f2-4150-992d-a89b2ef18ea4 [2026-05-18T21:05:11.051580] Cell c839c7b1-088e-41af-b9b7-66256aacd457 successfully created container for instance f0f0f119-f8f6-41d4-5a76-2733 (STDOUT, CELL)#
#2026 05 18 21:08:12.395#Z#DEBUG#97838b23-52fd-11f1-a8e5-eeee0a8b5973.axon-odata-api#flowable-async-job-executor-thread-25763#
[PollStartAppStatusExecution] d92b9203-13f2-4150-992d-a89b2ef18ea4 [2026-05-18T21:05:12.014025] Downloading droplet... (STDOUT, CELL)#
#2026 05 18 21:08:12.395#Z#DEBUG#97838b23-52fd-11f1-a8e5-eeee0a8b5973.axon-odata-api#flowable-async-job-executor-thread-25763#
[PollStartAppStatusExecution] d92b9203-13f2-4150-992d-a89b2ef18ea4 [2026-05-18T21:05:12.798314] Cell 77283d80-dfa7-40ba-ba4e-265aef112085 successfully destroyed container for instance 3b773aeb-a1b8-40c2-668d-8fd4 (STDOUT, CELL)#
#2026 05 18 21:08:12.395#Z#DEBUG#97838b23-52fd-11f1-a8e5-eeee0a8b5973.axon-odata-api#flowable-async-job-executor-thread-25763#
[PollStartAppStatusExecution] d92b9203-13f2-4150-992d-a89b2ef18ea4 [2026-05-18T21:05:18.430883] Downloaded droplet (71.8M) (STDOUT, CELL)#
#2026 05 18 21:08:12.395#Z#DEBUG#97838b23-52fd-11f1-a8e5-eeee0a8b5973.axon-odata-api#flowable-async-job-executor-thread-25763#
[PollStartAppStatusExecution] d92b9203-13f2-4150-992d-a89b2ef18ea4 [2026-05-18T21:05:18.431087] Starting health monitoring of container (STDOUT, CELL)#
#2026 05 18 21:08:12.395#Z#DEBUG#97838b23-52fd-11f1-a8e5-eeee0a8b5973.axon-odata-api#flowable-async-job-executor-thread-25763#
[PollStartAppStatusExecution] d92b9203-13f2-4150-992d-a89b2ef18ea4 [2026-05-18T21:05:18.569411] Invoking pre-start scripts. (STDOUT, APP/PROC/WEB)#
#2026 05 18 21:08:12.395#Z#DEBUG#97838b23-52fd-11f1-a8e5-eeee0a8b5973.axon-odata-api#flowable-async-job-executor-thread-25763#
[PollStartAppStatusExecution] d92b9203-13f2-4150-992d-a89b2ef18ea4 [2026-05-18T21:05:18.849734] Invoking start command. (STDOUT, APP/PROC/WEB)#
#2026 05 18 21:08:12.395#Z#DEBUG#97838b23-52fd-11f1-a8e5-eeee0a8b5973.axon-odata-api#flowable-async-job-executor-thread-25763#
[PollStartAppStatusExecution] d92b9203-13f2-4150-992d-a89b2ef18ea4 [2026-05-18T21:05:18.938192] Deploying with options: { (STDOUT, APP/PROC/WEB)#
#2026 05 18 21:08:12.395#Z#DEBUG#97838b23-52fd-11f1-a8e5-eeee0a8b5973.axon-odata-api#flowable-async-job-executor-thread-25763#
[PollStartAppStatusExecution] d92b9203-13f2-4150-992d-a89b2ef18ea4 [2026-05-18T21:05:18.938220] kind: 'sqlite', (STDOUT, APP/PROC/WEB)#
#2026 05 18 21:08:12.395#Z#DEBUG#97838b23-52fd-11f1-a8e5-eeee0a8b5973.axon-odata-api#flowable-async-job-executor-thread-25763#
[PollStartAppStatusExecution] d92b9203-13f2-4150-992d-a89b2ef18ea4 [2026-05-18T21:05:18.938224] dialect: 'sqlite', (STDOUT, APP/PROC/WEB)#
#2026 05 18 21:08:12.395#Z#DEBUG#97838b23-52fd-11f1-a8e5-eeee0a8b5973.axon-odata-api#flowable-async-job-executor-thread-25763#
[PollStartAppStatusExecution] d92b9203-13f2-4150-992d-a89b2ef18ea4 [2026-05-18T21:05:18.938227] credentials: { profile: 'production' } (STDOUT, APP/PROC/WEB)#
#2026 05 18 21:08:12.395#Z#DEBUG#97838b23-52fd-11f1-a8e5-eeee0a8b5973.axon-odata-api#flowable-async-job-executor-thread-25763#
[PollStartAppStatusExecution] d92b9203-13f2-4150-992d-a89b2ef18ea4 [2026-05-18T21:05:18.938230] } { to: 'sqlite', profile: 'production' } (STDOUT, APP/PROC/WEB)#
#2026 05 18 21:08:12.395#Z#DEBUG#97838b23-52fd-11f1-a8e5-eeee0a8b5973.axon-odata-api#flowable-async-job-executor-thread-25763#
[PollStartAppStatusExecution] d92b9203-13f2-4150-992d-a89b2ef18ea4 [2026-05-18T21:05:19.634415] /> successfully deployed to in-memory database. (STDOUT, APP/PROC/WEB)#
#2026 05 18 21:08:12.395#Z#DEBUG#97838b23-52fd-11f1-a8e5-eeee0a8b5973.axon-odata-api#flowable-async-job-executor-thread-25763#
[PollStartAppStatusExecution] d92b9203-13f2-4150-992d-a89b2ef18ea4 [2026-05-18T21:05:19.652990] cp: cannot stat 'db.sqlite': No such file or directory (STDERR, APP/PROC/WEB)#
#2026 05 18 21:08:12.395#Z#DEBUG#97838b23-52fd-11f1-a8e5-eeee0a8b5973.axon-odata-api#flowable-async-job-executor-thread-25763#
[PollStartAppStatusExecution] d92b9203-13f2-4150-992d-a89b2ef18ea4 [2026-05-18T21:05:19.661570] Exit status 1 (STDOUT, APP/PROC/WEB)#
#2026 05 18 21:08:12.395#Z#DEBUG#97838b23-52fd-11f1-a8e5-eeee0a8b5973.axon-odata-api#flowable-async-job-executor-thread-25763#
[PollStartAppStatusExecution] d92b9203-13f2-4150-992d-a89b2ef18ea4 [2026-05-18T21:05:27.467150] Cell c839c7b1-088e-41af-b9b7-66256aacd457 stopping instance f0f0f119-f8f6-41d4-5a76-2733 (STDOUT, CELL)#
#2026 05 18 21:08:12.395#Z#DEBUG#97838b23-52fd-11f1-a8e5-eeee0a8b5973.axon-odata-api#flowable-async-job-executor-thread-25763#
[PollStartAppStatusExecution] d92b9203-13f2-4150-992d-a89b2ef18ea4 [2026-05-18T21:05:27.467185] Cell c839c7b1-088e-41af-b9b7-66256aacd457 destroying container for instance f0f0f119-f8f6-41d4-5a76-2733 (STDOUT, CELL)#
#2026 05 18 21:08:12.395#Z#DEBUG#97838b23-52fd-11f1-a8e5-eeee0a8b5973.axon-odata-api#flowable-async-job-executor-thread-25763#
[PollStartAppStatusExecution] d92b9203-13f2-4150-992d-a89b2ef18ea4 [2026-05-18T21:05:27.474466] Process has crashed with type: "web" (STDOUT, API)#
#2026 05 18 21:08:12.395#Z#DEBUG#97838b23-52fd-11f1-a8e5-eeee0a8b5973.axon-odata-api#flowable-async-job-executor-thread-25763#
[PollStartAppStatusExecution] d92b9203-13f2-4150-992d-a89b2ef18ea4 [2026-05-18T21:05:27.487958] App instance exited with guid d92b9203-13f2-4150-992d-a89b2ef18ea4 payload: {"instance"=>"f0f0f119-f8f6-41d4-5a76-2733", "index"=>0, "cell_id"=>"c839c7b1-088e-41af-b9b7-66256aacd457", "reason"=>"CRASHED", "exit_description"=>"APP/PROC/WEB: Exited with status 1", "crash_count"=>2, "crash_timestamp"=>1779138327450426633, "version"=>"c226be02-0b6c-4b2f-bb2a-08f46659b3e2"} (STDOUT, API)#
#2026 05 18 21:08:12.395#Z#DEBUG#97838b23-52fd-11f1-a8e5-eeee0a8b5973.axon-odata-api#flowable-async-job-executor-thread-25763#
[PollStartAppStatusExecution] d92b9203-13f2-4150-992d-a89b2ef18ea4 [2026-05-18T21:05:27.582894] Cell 77283d80-dfa7-40ba-ba4e-265aef112085 creating container for instance cffd895c-8bf3-4c01-46d4-2fae (STDOUT, CELL)#
#2026 05 18 21:08:12.395#Z#DEBUG#97838b23-52fd-11f1-a8e5-eeee0a8b5973.axon-odata-api#flowable-async-job-executor-thread-25763#
[PollStartAppStatusExecution] d92b9203-13f2-4150-992d-a89b2ef18ea4 [2026-05-18T21:05:27.731801] Exit status 137 (STDOUT, PROXY)#
#2026 05 18 21:08:12.395#Z#DEBUG#97838b23-52fd-11f1-a8e5-eeee0a8b5973.axon-odata-api#flowable-async-job-executor-thread-25763#
[PollStartAppStatusExecution] d92b9203-13f2-4150-992d-a89b2ef18ea4 [2026-05-18T21:05:28.559949] Security group rules were updated (STDOUT, CELL)#
#2026 05 18 21:08:12.395#Z#DEBUG#97838b23-52fd-11f1-a8e5-eeee0a8b5973.axon-odata-api#flowable-async-job-executor-thread-25763#
[PollStartAppStatusExecution] d92b9203-13f2-4150-992d-a89b2ef18ea4 [2026-05-18T21:05:28.655690] Cell 77283d80-dfa7-40ba-ba4e-265aef112085 successfully created container for instance cffd895c-8bf3-4c01-46d4-2fae (STDOUT, CELL)#
#2026 05 18 21:08:12.395#Z#DEBUG#97838b23-52fd-11f1-a8e5-eeee0a8b5973.axon-odata-api#flowable-async-job-executor-thread-25763#
[PollStartAppStatusExecution] d92b9203-13f2-4150-992d-a89b2ef18ea4 [2026-05-18T21:05:28.983466] Downloading droplet... (STDOUT, CELL)#
#2026 05 18 21:08:12.395#Z#DEBUG#97838b23-52fd-11f1-a8e5-eeee0a8b5973.axon-odata-api#flowable-async-job-executor-thread-25763#
[PollStartAppStatusExecution] d92b9203-13f2-4150-992d-a89b2ef18ea4 [2026-05-18T21:05:30.266582] Cell c839c7b1-088e-41af-b9b7-66256aacd457 successfully destroyed container for instance f0f0f119-f8f6-41d4-5a76-2733 (STDOUT, CELL)#
#2026 05 18 21:08:12.395#Z#DEBUG#97838b23-52fd-11f1-a8e5-eeee0a8b5973.axon-odata-api#flowable-async-job-executor-thread-25763#
[PollStartAppStatusExecution] d92b9203-13f2-4150-992d-a89b2ef18ea4 [2026-05-18T21:05:31.250609] Downloaded droplet (STDOUT, CELL)#
#2026 05 18 21:08:12.395#Z#DEBUG#97838b23-52fd-11f1-a8e5-eeee0a8b5973.axon-odata-api#flowable-async-job-executor-thread-25763#
[PollStartAppStatusExecution] d92b9203-13f2-4150-992d-a89b2ef18ea4 [2026-05-18T21:05:31.251027] Starting health monitoring of container (STDOUT, CELL)#
#2026 05 18 21:08:12.395#Z#DEBUG#97838b23-52fd-11f1-a8e5-eeee0a8b5973.axon-odata-api#flowable-async-job-executor-thread-25763#
[PollStartAppStatusExecution] d92b9203-13f2-4150-992d-a89b2ef18ea4 [2026-05-18T21:05:31.396053] Invoking pre-start scripts. (STDOUT, APP/PROC/WEB)#
#2026 05 18 21:08:12.395#Z#DEBUG#97838b23-52fd-11f1-a8e5-eeee0a8b5973.axon-odata-api#flowable-async-job-executor-thread-25763#
[PollStartAppStatusExecution] d92b9203-13f2-4150-992d-a89b2ef18ea4 [2026-05-18T21:05:31.632984] Invoking start command. (STDOUT, APP/PROC/WEB)#
#2026 05 18 21:08:12.395#Z#DEBUG#97838b23-52fd-11f1-a8e5-eeee0a8b5973.axon-odata-api#flowable-async-job-executor-thread-25763#
[PollStartAppStatusExecution] d92b9203-13f2-4150-992d-a89b2ef18ea4 [2026-05-18T21:05:31.731986] Deploying with options: { (STDOUT, APP/PROC/WEB)#
#2026 05 18 21:08:12.395#Z#DEBUG#97838b23-52fd-11f1-a8e5-eeee0a8b5973.axon-odata-api#flowable-async-job-executor-thread-25763#
[PollStartAppStatusExecution] d92b9203-13f2-4150-992d-a89b2ef18ea4 [2026-05-18T21:05:31.732019] kind: 'sqlite', (STDOUT, APP/PROC/WEB)#
#2026 05 18 21:08:12.395#Z#DEBUG#97838b23-52fd-11f1-a8e5-eeee0a8b5973.axon-odata-api#flowable-async-job-executor-thread-25763#
[PollStartAppStatusExecution] d92b9203-13f2-4150-992d-a89b2ef18ea4 [2026-05-18T21:05:31.732022] dialect: 'sqlite', (STDOUT, APP/PROC/WEB)#
#2026 05 18 21:08:12.395#Z#DEBUG#97838b23-52fd-11f1-a8e5-eeee0a8b5973.axon-odata-api#flowable-async-job-executor-thread-25763#
[PollStartAppStatusExecution] d92b9203-13f2-4150-992d-a89b2ef18ea4 [2026-05-18T21:05:31.732026] credentials: { profile: 'production' } (STDOUT, APP/PROC/WEB)#
#2026 05 18 21:08:12.395#Z#DEBUG#97838b23-52fd-11f1-a8e5-eeee0a8b5973.axon-odata-api#flowable-async-job-executor-thread-25763#
[PollStartAppStatusExecution] d92b9203-13f2-4150-992d-a89b2ef18ea4 [2026-05-18T21:05:31.732029] } { to: 'sqlite', profile: 'production' } (STDOUT, APP/PROC/WEB)#
#2026 05 18 21:08:12.395#Z#DEBUG#97838b23-52fd-11f1-a8e5-eeee0a8b5973.axon-odata-api#flowable-async-job-executor-thread-25763#
[PollStartAppStatusExecution] d92b9203-13f2-4150-992d-a89b2ef18ea4 [2026-05-18T21:05:32.562633] /> successfully deployed to in-memory database. (STDOUT, APP/PROC/WEB)#
#2026 05 18 21:08:12.395#Z#DEBUG#97838b23-52fd-11f1-a8e5-eeee0a8b5973.axon-odata-api#flowable-async-job-executor-thread-25763#
[PollStartAppStatusExecution] d92b9203-13f2-4150-992d-a89b2ef18ea4 [2026-05-18T21:05:32.580834] cp: cannot stat 'db.sqlite': No such file or directory (STDERR, APP/PROC/WEB)#
#2026 05 18 21:08:12.395#Z#DEBUG#97838b23-52fd-11f1-a8e5-eeee0a8b5973.axon-odata-api#flowable-async-job-executor-thread-25763#
[PollStartAppStatusExecution] d92b9203-13f2-4150-992d-a89b2ef18ea4 [2026-05-18T21:05:32.591879] Exit status 1 (STDOUT, APP/PROC/WEB)#
#2026 05 18 21:08:12.395#Z#DEBUG#97838b23-52fd-11f1-a8e5-eeee0a8b5973.axon-odata-api#flowable-async-job-executor-thread-25763#
[PollStartAppStatusExecution] d92b9203-13f2-4150-992d-a89b2ef18ea4 [2026-05-18T21:05:40.382272] Cell 77283d80-dfa7-40ba-ba4e-265aef112085 stopping instance cffd895c-8bf3-4c01-46d4-2fae (STDOUT, CELL)#
#2026 05 18 21:08:12.395#Z#DEBUG#97838b23-52fd-11f1-a8e5-eeee0a8b5973.axon-odata-api#flowable-async-job-executor-thread-25763#
[PollStartAppStatusExecution] d92b9203-13f2-4150-992d-a89b2ef18ea4 [2026-05-18T21:05:40.382321] Cell 77283d80-dfa7-40ba-ba4e-265aef112085 destroying container for instance cffd895c-8bf3-4c01-46d4-2fae (STDOUT, CELL)#
#2026 05 18 21:08:12.395#Z#DEBUG#97838b23-52fd-11f1-a8e5-eeee0a8b5973.axon-odata-api#flowable-async-job-executor-thread-25763#
[PollStartAppStatusExecution] d92b9203-13f2-4150-992d-a89b2ef18ea4 [2026-05-18T21:05:40.400162] Process has crashed with type: "web" (STDOUT, API)#
#2026 05 18 21:08:12.395#Z#DEBUG#97838b23-52fd-11f1-a8e5-eeee0a8b5973.axon-odata-api#flowable-async-job-executor-thread-25763#
[PollStartAppStatusExecution] d92b9203-13f2-4150-992d-a89b2ef18ea4 [2026-05-18T21:05:40.411531] App instance exited with guid d92b9203-13f2-4150-992d-a89b2ef18ea4 payload: {"instance"=>"cffd895c-8bf3-4c01-46d4-2fae", "index"=>0, "cell_id"=>"77283d80-dfa7-40ba-ba4e-265aef112085", "reason"=>"CRASHED", "exit_description"=>"APP/PROC/WEB: Exited with status 1", "crash_count"=>3, "crash_timestamp"=>1779138340377919296, "version"=>"c226be02-0b6c-4b2f-bb2a-08f46659b3e2"} (STDOUT, API)#
#2026 05 18 21:08:12.395#Z#DEBUG#97838b23-52fd-11f1-a8e5-eeee0a8b5973.axon-odata-api#flowable-async-job-executor-thread-25763#
[PollStartAppStatusExecution] d92b9203-13f2-4150-992d-a89b2ef18ea4 [2026-05-18T21:05:40.628297] Exit status 137 (STDOUT, PROXY)#
#2026 05 18 21:08:12.395#Z#DEBUG#97838b23-52fd-11f1-a8e5-eeee0a8b5973.axon-odata-api#flowable-async-job-executor-thread-25763#
[PollStartAppStatusExecution] d92b9203-13f2-4150-992d-a89b2ef18ea4 [2026-05-18T21:05:43.302070] Cell 77283d80-dfa7-40ba-ba4e-265aef112085 successfully destroyed container for instance cffd895c-8bf3-4c01-46d4-2fae (STDOUT, CELL)#
#2026 05 18 21:08:12.395#Z#DEBUG#97838b23-52fd-11f1-a8e5-eeee0a8b5973.axon-odata-api#flowable-async-job-executor-thread-25763#
[PollStartAppStatusExecution] d92b9203-13f2-4150-992d-a89b2ef18ea4 [2026-05-18T21:05:44.017733] Stopping app with guid d92b9203-13f2-4150-992d-a89b2ef18ea4 (STDOUT, API)#
#2026 05 18 21:08:12.395#Z#DEBUG#97838b23-52fd-11f1-a8e5-eeee0a8b5973.axon-odata-api#flowable-async-job-executor-thread-25763#
[PollStartAppStatusExecution] d92b9203-13f2-4150-992d-a89b2ef18ea4 [2026-05-18T21:05:44.167983] Starting app with guid d92b9203-13f2-4150-992d-a89b2ef18ea4 (STDOUT, API)#
#2026 05 18 21:08:12.395#Z#DEBUG#97838b23-52fd-11f1-a8e5-eeee0a8b5973.axon-odata-api#flowable-async-job-executor-thread-25763#
[PollStartAppStatusExecution] d92b9203-13f2-4150-992d-a89b2ef18ea4 [2026-05-18T21:05:44.397934] Cell 684caff8-89cd-492b-be01-b3d0835f1763 creating container for instance d800f8ba-ab7f-4640-51da-b789 (STDOUT, CELL)#
#2026 05 18 21:08:12.395#Z#DEBUG#97838b23-52fd-11f1-a8e5-eeee0a8b5973.axon-odata-api#flowable-async-job-executor-thread-25763#
[PollStartAppStatusExecution] d92b9203-13f2-4150-992d-a89b2ef18ea4 [2026-05-18T21:05:45.311253] Security group rules were updated (STDOUT, CELL)#
#2026 05 18 21:08:12.395#Z#DEBUG#97838b23-52fd-11f1-a8e5-eeee0a8b5973.axon-odata-api#flowable-async-job-executor-thread-25763#
[PollStartAppStatusExecution] d92b9203-13f2-4150-992d-a89b2ef18ea4 [2026-05-18T21:05:45.414366] Cell 684caff8-89cd-492b-be01-b3d0835f1763 successfully created container for instance d800f8ba-ab7f-4640-51da-b789 (STDOUT, CELL)#
#2026 05 18 21:08:12.395#Z#DEBUG#97838b23-52fd-11f1-a8e5-eeee0a8b5973.axon-odata-api#flowable-async-job-executor-thread-25763#
[PollStartAppStatusExecution] d92b9203-13f2-4150-992d-a89b2ef18ea4 [2026-05-18T21:05:46.234241] Downloading droplet... (STDOUT, CELL)#
#2026 05 18 21:08:12.395#Z#DEBUG#97838b23-52fd-11f1-a8e5-eeee0a8b5973.axon-odata-api#flowable-async-job-executor-thread-25763#
[PollStartAppStatusExecution] d92b9203-13f2-4150-992d-a89b2ef18ea4 [2026-05-18T21:05:52.402032] Downloaded droplet (71.8M) (STDOUT, CELL)#
#2026 05 18 21:08:12.395#Z#DEBUG#97838b23-52fd-11f1-a8e5-eeee0a8b5973.axon-odata-api#flowable-async-job-executor-thread-25763#
[PollStartAppStatusExecution] d92b9203-13f2-4150-992d-a89b2ef18ea4 [2026-05-18T21:05:52.402163] Starting health monitoring of container (STDOUT, CELL)#
#2026 05 18 21:08:12.395#Z#DEBUG#97838b23-52fd-11f1-a8e5-eeee0a8b5973.axon-odata-api#flowable-async-job-executor-thread-25763#
[PollStartAppStatusExecution] d92b9203-13f2-4150-992d-a89b2ef18ea4 [2026-05-18T21:05:52.584686] Invoking pre-start scripts. (STDOUT, APP/PROC/WEB)#
#2026 05 18 21:08:12.395#Z#DEBUG#97838b23-52fd-11f1-a8e5-eeee0a8b5973.axon-odata-api#flowable-async-job-executor-thread-25763#
[PollStartAppStatusExecution] d92b9203-13f2-4150-992d-a89b2ef18ea4 [2026-05-18T21:05:52.832768] Invoking start command. (STDOUT, APP/PROC/WEB)#
#2026 05 18 21:08:12.395#Z#DEBUG#97838b23-52fd-11f1-a8e5-eeee0a8b5973.axon-odata-api#flowable-async-job-executor-thread-25763#
[PollStartAppStatusExecution] d92b9203-13f2-4150-992d-a89b2ef18ea4 [2026-05-18T21:05:52.910636] Deploying with options: { (STDOUT, APP/PROC/WEB)#
#2026 05 18 21:08:12.395#Z#DEBUG#97838b23-52fd-11f1-a8e5-eeee0a8b5973.axon-odata-api#flowable-async-job-executor-thread-25763#
[PollStartAppStatusExecution] d92b9203-13f2-4150-992d-a89b2ef18ea4 [2026-05-18T21:05:52.910666] kind: 'sqlite', (STDOUT, APP/PROC/WEB)#
#2026 05 18 21:08:12.395#Z#DEBUG#97838b23-52fd-11f1-a8e5-eeee0a8b5973.axon-odata-api#flowable-async-job-executor-thread-25763#
[PollStartAppStatusExecution] d92b9203-13f2-4150-992d-a89b2ef18ea4 [2026-05-18T21:05:52.910669] dialect: 'sqlite', (STDOUT, APP/PROC/WEB)#
#2026 05 18 21:08:12.395#Z#DEBUG#97838b23-52fd-11f1-a8e5-eeee0a8b5973.axon-odata-api#flowable-async-job-executor-thread-25763#
[PollStartAppStatusExecution] d92b9203-13f2-4150-992d-a89b2ef18ea4 [2026-05-18T21:05:52.910674] credentials: { profile: 'production' } (STDOUT, APP/PROC/WEB)#
#2026 05 18 21:08:12.395#Z#DEBUG#97838b23-52fd-11f1-a8e5-eeee0a8b5973.axon-odata-api#flowable-async-job-executor-thread-25763#
[PollStartAppStatusExecution] d92b9203-13f2-4150-992d-a89b2ef18ea4 [2026-05-18T21:05:52.910677] } { to: 'sqlite', profile: 'production' } (STDOUT, APP/PROC/WEB)#
#2026 05 18 21:08:12.395#Z#DEBUG#97838b23-52fd-11f1-a8e5-eeee0a8b5973.axon-odata-api#flowable-async-job-executor-thread-25763#
[PollStartAppStatusExecution] d92b9203-13f2-4150-992d-a89b2ef18ea4 [2026-05-18T21:05:53.501940] /> successfully deployed to in-memory database. (STDOUT, APP/PROC/WEB)#
#2026 05 18 21:08:12.395#Z#DEBUG#97838b23-52fd-11f1-a8e5-eeee0a8b5973.axon-odata-api#flowable-async-job-executor-thread-25763#
[PollStartAppStatusExecution] d92b9203-13f2-4150-992d-a89b2ef18ea4 [2026-05-18T21:05:53.517271] cp: cannot stat 'db.sqlite': No such file or directory (STDERR, APP/PROC/WEB)#
#2026 05 18 21:08:12.395#Z#DEBUG#97838b23-52fd-11f1-a8e5-eeee0a8b5973.axon-odata-api#flowable-async-job-executor-thread-25763#
[PollStartAppStatusExecution] d92b9203-13f2-4150-992d-a89b2ef18ea4 [2026-05-18T21:05:53.526255] Exit status 1 (STDOUT, APP/PROC/WEB)#
#2026 05 18 21:08:12.395#Z#DEBUG#97838b23-52fd-11f1-a8e5-eeee0a8b5973.axon-odata-api#flowable-async-job-executor-thread-25763#
[PollStartAppStatusExecution] d92b9203-13f2-4150-992d-a89b2ef18ea4 [2026-05-18T21:05:59.813776] Cell 684caff8-89cd-492b-be01-b3d0835f1763 stopping instance d800f8ba-ab7f-4640-51da-b789 (STDOUT, CELL)#
#2026 05 18 21:08:12.395#Z#DEBUG#97838b23-52fd-11f1-a8e5-eeee0a8b5973.axon-odata-api#flowable-async-job-executor-thread-25763#
[PollStartAppStatusExecution] d92b9203-13f2-4150-992d-a89b2ef18ea4 [2026-05-18T21:05:59.813832] Cell 684caff8-89cd-492b-be01-b3d0835f1763 destroying container for instance d800f8ba-ab7f-4640-51da-b789 (STDOUT, CELL)#
#2026 05 18 21:08:12.395#Z#DEBUG#97838b23-52fd-11f1-a8e5-eeee0a8b5973.axon-odata-api#flowable-async-job-executor-thread-25763#
[PollStartAppStatusExecution] d92b9203-13f2-4150-992d-a89b2ef18ea4 [2026-05-18T21:05:59.818200] Process has crashed with type: "web" (STDOUT, API)#
#2026 05 18 21:08:12.395#Z#DEBUG#97838b23-52fd-11f1-a8e5-eeee0a8b5973.axon-odata-api#flowable-async-job-executor-thread-25763#
[PollStartAppStatusExecution] d92b9203-13f2-4150-992d-a89b2ef18ea4 [2026-05-18T21:05:59.828465] App instance exited with guid d92b9203-13f2-4150-992d-a89b2ef18ea4 payload: {"instance"=>"d800f8ba-ab7f-4640-51da-b789", "index"=>0, "cell_id"=>"684caff8-89cd-492b-be01-b3d0835f1763", "reason"=>"CRASHED", "exit_description"=>"APP/PROC/WEB: Exited with status 1", "crash_count"=>1, "crash_timestamp"=>1779138359796580302, "version"=>"3bdda300-6359-415a-88fb-91b515d49d08"} (STDOUT, API)#
#2026 05 18 21:08:12.395#Z#DEBUG#97838b23-52fd-11f1-a8e5-eeee0a8b5973.axon-odata-api#flowable-async-job-executor-thread-25763#
[PollStartAppStatusExecution] d92b9203-13f2-4150-992d-a89b2ef18ea4 [2026-05-18T21:05:59.933728] Cell c839c7b1-088e-41af-b9b7-66256aacd457 creating container for instance 09c78820-6b72-46bb-4e80-e3e4 (STDOUT, CELL)#
#2026 05 18 21:08:12.395#Z#DEBUG#97838b23-52fd-11f1-a8e5-eeee0a8b5973.axon-odata-api#flowable-async-job-executor-thread-25763#
[PollStartAppStatusExecution] d92b9203-13f2-4150-992d-a89b2ef18ea4 [2026-05-18T21:06:00.075703] Exit status 137 (STDOUT, PROXY)#
#2026 05 18 21:08:12.395#Z#DEBUG#97838b23-52fd-11f1-a8e5-eeee0a8b5973.axon-odata-api#flowable-async-job-executor-thread-25763#
[PollStartAppStatusExecution] d92b9203-13f2-4150-992d-a89b2ef18ea4 [2026-05-18T21:06:00.860366] Security group rules were updated (STDOUT, CELL)#
#2026 05 18 21:08:12.395#Z#DEBUG#97838b23-52fd-11f1-a8e5-eeee0a8b5973.axon-odata-api#flowable-async-job-executor-thread-25763#
[PollStartAppStatusExecution] d92b9203-13f2-4150-992d-a89b2ef18ea4 [2026-05-18T21:06:00.956496] Cell c839c7b1-088e-41af-b9b7-66256aacd457 successfully created container for instance 09c78820-6b72-46bb-4e80-e3e4 (STDOUT, CELL)#
#2026 05 18 21:08:12.395#Z#DEBUG#97838b23-52fd-11f1-a8e5-eeee0a8b5973.axon-odata-api#flowable-async-job-executor-thread-25763#
[PollStartAppStatusExecution] d92b9203-13f2-4150-992d-a89b2ef18ea4 [2026-05-18T21:06:01.785294] Downloading droplet... (STDOUT, CELL)#
#2026 05 18 21:08:12.395#Z#DEBUG#97838b23-52fd-11f1-a8e5-eeee0a8b5973.axon-odata-api#flowable-async-job-executor-thread-25763#
[PollStartAppStatusExecution] d92b9203-13f2-4150-992d-a89b2ef18ea4 [2026-05-18T21:06:02.573352] Cell 684caff8-89cd-492b-be01-b3d0835f1763 successfully destroyed container for instance d800f8ba-ab7f-4640-51da-b789 (STDOUT, CELL)#
#2026 05 18 21:08:12.395#Z#DEBUG#97838b23-52fd-11f1-a8e5-eeee0a8b5973.axon-odata-api#flowable-async-job-executor-thread-25763#
[PollStartAppStatusExecution] d92b9203-13f2-4150-992d-a89b2ef18ea4 [2026-05-18T21:06:07.835516] Downloaded droplet (71.8M) (STDOUT, CELL)#
#2026 05 18 21:08:12.395#Z#DEBUG#97838b23-52fd-11f1-a8e5-eeee0a8b5973.axon-odata-api#flowable-async-job-executor-thread-25763#
[PollStartAppStatusExecution] d92b9203-13f2-4150-992d-a89b2ef18ea4 [2026-05-18T21:06:07.835719] Starting health monitoring of container (STDOUT, CELL)#
#2026 05 18 21:08:12.395#Z#DEBUG#97838b23-52fd-11f1-a8e5-eeee0a8b5973.axon-odata-api#flowable-async-job-executor-thread-25763#
[PollStartAppStatusExecution] d92b9203-13f2-4150-992d-a89b2ef18ea4 [2026-05-18T21:06:08.062428] Invoking pre-start scripts. (STDOUT, APP/PROC/WEB)#
#2026 05 18 21:08:12.395#Z#DEBUG#97838b23-52fd-11f1-a8e5-eeee0a8b5973.axon-odata-api#flowable-async-job-executor-thread-25763#
[PollStartAppStatusExecution] d92b9203-13f2-4150-992d-a89b2ef18ea4 [2026-05-18T21:06:08.313229] Invoking start command. (STDOUT, APP/PROC/WEB)#
#2026 05 18 21:08:12.395#Z#DEBUG#97838b23-52fd-11f1-a8e5-eeee0a8b5973.axon-odata-api#flowable-async-job-executor-thread-25763#
[PollStartAppStatusExecution] d92b9203-13f2-4150-992d-a89b2ef18ea4 [2026-05-18T21:06:08.393057] Deploying with options: { (STDOUT, APP/PROC/WEB)#
#2026 05 18 21:08:12.395#Z#DEBUG#97838b23-52fd-11f1-a8e5-eeee0a8b5973.axon-odata-api#flowable-async-job-executor-thread-25763#
[PollStartAppStatusExecution] d92b9203-13f2-4150-992d-a89b2ef18ea4 [2026-05-18T21:06:08.393082] kind: 'sqlite', (STDOUT, APP/PROC/WEB)#
#2026 05 18 21:08:12.395#Z#DEBUG#97838b23-52fd-11f1-a8e5-eeee0a8b5973.axon-odata-api#flowable-async-job-executor-thread-25763#
[PollStartAppStatusExecution] d92b9203-13f2-4150-992d-a89b2ef18ea4 [2026-05-18T21:06:08.393087] dialect: 'sqlite', (STDOUT, APP/PROC/WEB)#
#2026 05 18 21:08:12.395#Z#DEBUG#97838b23-52fd-11f1-a8e5-eeee0a8b5973.axon-odata-api#flowable-async-job-executor-thread-25763#
[PollStartAppStatusExecution] d92b9203-13f2-4150-992d-a89b2ef18ea4 [2026-05-18T21:06:08.393095] credentials: { profile: 'production' } (STDOUT, APP/PROC/WEB)#
#2026 05 18 21:08:12.395#Z#DEBUG#97838b23-52fd-11f1-a8e5-eeee0a8b5973.axon-odata-api#flowable-async-job-executor-thread-25763#
[PollStartAppStatusExecution] d92b9203-13f2-4150-992d-a89b2ef18ea4 [2026-05-18T21:06:08.393097] } { to: 'sqlite', profile: 'production' } (STDOUT, APP/PROC/WEB)#
#2026 05 18 21:08:12.395#Z#DEBUG#97838b23-52fd-11f1-a8e5-eeee0a8b5973.axon-odata-api#flowable-async-job-executor-thread-25763#
[PollStartAppStatusExecution] d92b9203-13f2-4150-992d-a89b2ef18ea4 [2026-05-18T21:06:09.010507] /> successfully deployed to in-memory database. (STDOUT, APP/PROC/WEB)#
#2026 05 18 21:08:12.395#Z#DEBUG#97838b23-52fd-11f1-a8e5-eeee0a8b5973.axon-odata-api#flowable-async-job-executor-thread-25763#
[PollStartAppStatusExecution] d92b9203-13f2-4150-992d-a89b2ef18ea4 [2026-05-18T21:06:09.027716] cp: cannot stat 'db.sqlite': No such file or directory (STDERR, APP/PROC/WEB)#
#2026 05 18 21:08:12.395#Z#DEBUG#97838b23-52fd-11f1-a8e5-eeee0a8b5973.axon-odata-api#flowable-async-job-executor-thread-25763#
[PollStartAppStatusExecution] d92b9203-13f2-4150-992d-a89b2ef18ea4 [2026-05-18T21:06:09.038885] Exit status 1 (STDOUT, APP/PROC/WEB)#
#2026 05 18 21:08:12.395#Z#DEBUG#97838b23-52fd-11f1-a8e5-eeee0a8b5973.axon-odata-api#flowable-async-job-executor-thread-25763#
[PollStartAppStatusExecution] d92b9203-13f2-4150-992d-a89b2ef18ea4 [2026-05-18T21:06:16.414112] Cell c839c7b1-088e-41af-b9b7-66256aacd457 stopping instance 09c78820-6b72-46bb-4e80-e3e4 (STDOUT, CELL)#
#2026 05 18 21:08:12.395#Z#DEBUG#97838b23-52fd-11f1-a8e5-eeee0a8b5973.axon-odata-api#flowable-async-job-executor-thread-25763#
[PollStartAppStatusExecution] d92b9203-13f2-4150-992d-a89b2ef18ea4 [2026-05-18T21:06:16.414160] Cell c839c7b1-088e-41af-b9b7-66256aacd457 destroying container for instance 09c78820-6b72-46bb-4e80-e3e4 (STDOUT, CELL)#
#2026 05 18 21:08:12.395#Z#DEBUG#97838b23-52fd-11f1-a8e5-eeee0a8b5973.axon-odata-api#flowable-async-job-executor-thread-25763#
[PollStartAppStatusExecution] d92b9203-13f2-4150-992d-a89b2ef18ea4 [2026-05-18T21:06:16.420386] Process has crashed with type: "web" (STDOUT, API)#
#2026 05 18 21:08:12.395#Z#DEBUG#97838b23-52fd-11f1-a8e5-eeee0a8b5973.axon-odata-api#flowable-async-job-executor-thread-25763#
[PollStartAppStatusExecution] d92b9203-13f2-4150-992d-a89b2ef18ea4 [2026-05-18T21:06:16.431897] App instance exited with guid d92b9203-13f2-4150-992d-a89b2ef18ea4 payload: {"instance"=>"09c78820-6b72-46bb-4e80-e3e4", "index"=>0, "cell_id"=>"c839c7b1-088e-41af-b9b7-66256aacd457", "reason"=>"CRASHED", "exit_description"=>"APP/PROC/WEB: Exited with status 1", "crash_count"=>2, "crash_timestamp"=>1779138376397615357, "version"=>"3bdda300-6359-415a-88fb-91b515d49d08"} (STDOUT, API)#
#2026 05 18 21:08:12.395#Z#DEBUG#97838b23-52fd-11f1-a8e5-eeee0a8b5973.axon-odata-api#flowable-async-job-executor-thread-25763#
[PollStartAppStatusExecution] d92b9203-13f2-4150-992d-a89b2ef18ea4 [2026-05-18T21:06:16.538006] Cell 77283d80-dfa7-40ba-ba4e-265aef112085 creating container for instance 6428b659-9cbb-4386-41bb-4417 (STDOUT, CELL)#
#2026 05 18 21:08:12.395#Z#DEBUG#97838b23-52fd-11f1-a8e5-eeee0a8b5973.axon-odata-api#flowable-async-job-executor-thread-25763#
[PollStartAppStatusExecution] d92b9203-13f2-4150-992d-a89b2ef18ea4 [2026-05-18T21:06:16.645900] Exit status 137 (STDOUT, PROXY)#
#2026 05 18 21:08:12.395#Z#DEBUG#97838b23-52fd-11f1-a8e5-eeee0a8b5973.axon-odata-api#flowable-async-job-executor-thread-25763#
[PollStartAppStatusExecution] d92b9203-13f2-4150-992d-a89b2ef18ea4 [2026-05-18T21:06:17.554110] Security group rules were updated (STDOUT, CELL)#
#2026 05 18 21:08:12.395#Z#DEBUG#97838b23-52fd-11f1-a8e5-eeee0a8b5973.axon-odata-api#flowable-async-job-executor-thread-25763#
[PollStartAppStatusExecution] d92b9203-13f2-4150-992d-a89b2ef18ea4 [2026-05-18T21:06:17.662608] Cell 77283d80-dfa7-40ba-ba4e-265aef112085 successfully created container for instance 6428b659-9cbb-4386-41bb-4417 (STDOUT, CELL)#
#2026 05 18 21:08:12.395#Z#DEBUG#97838b23-52fd-11f1-a8e5-eeee0a8b5973.axon-odata-api#flowable-async-job-executor-thread-25763#
[PollStartAppStatusExecution] d92b9203-13f2-4150-992d-a89b2ef18ea4 [2026-05-18T21:06:18.094209] Downloading droplet... (STDOUT, CELL)#
#2026 05 18 21:08:12.395#Z#DEBUG#97838b23-52fd-11f1-a8e5-eeee0a8b5973.axon-odata-api#flowable-async-job-executor-thread-25763#
[PollStartAppStatusExecution] d92b9203-13f2-4150-992d-a89b2ef18ea4 [2026-05-18T21:06:19.376590] Cell c839c7b1-088e-41af-b9b7-66256aacd457 successfully destroyed container for instance 09c78820-6b72-46bb-4e80-e3e4 (STDOUT, CELL)#
#2026 05 18 21:08:12.395#Z#DEBUG#97838b23-52fd-11f1-a8e5-eeee0a8b5973.axon-odata-api#flowable-async-job-executor-thread-25763#
[PollStartAppStatusExecution] d92b9203-13f2-4150-992d-a89b2ef18ea4 [2026-05-18T21:06:24.099034] Downloaded droplet (71.8M) (STDOUT, CELL)#
#2026 05 18 21:08:12.395#Z#DEBUG#97838b23-52fd-11f1-a8e5-eeee0a8b5973.axon-odata-api#flowable-async-job-executor-thread-25763#
[PollStartAppStatusExecution] d92b9203-13f2-4150-992d-a89b2ef18ea4 [2026-05-18T21:06:24.099198] Starting health monitoring of container (STDOUT, CELL)#
#2026 05 18 21:08:12.395#Z#DEBUG#97838b23-52fd-11f1-a8e5-eeee0a8b5973.axon-odata-api#flowable-async-job-executor-thread-25763#
[PollStartAppStatusExecution] d92b9203-13f2-4150-992d-a89b2ef18ea4 [2026-05-18T21:06:24.279031] Invoking pre-start scripts. (STDOUT, APP/PROC/WEB)#
#2026 05 18 21:08:12.395#Z#DEBUG#97838b23-52fd-11f1-a8e5-eeee0a8b5973.axon-odata-api#flowable-async-job-executor-thread-25763#
[PollStartAppStatusExecution] d92b9203-13f2-4150-992d-a89b2ef18ea4 [2026-05-18T21:06:24.572794] Invoking start command. (STDOUT, APP/PROC/WEB)#
#2026 05 18 21:08:12.395#Z#DEBUG#97838b23-52fd-11f1-a8e5-eeee0a8b5973.axon-odata-api#flowable-async-job-executor-thread-25763#
[PollStartAppStatusExecution] d92b9203-13f2-4150-992d-a89b2ef18ea4 [2026-05-18T21:06:24.657481] Deploying with options: { (STDOUT, APP/PROC/WEB)#
#2026 05 18 21:08:12.395#Z#DEBUG#97838b23-52fd-11f1-a8e5-eeee0a8b5973.axon-odata-api#flowable-async-job-executor-thread-25763#
[PollStartAppStatusExecution] d92b9203-13f2-4150-992d-a89b2ef18ea4 [2026-05-18T21:06:24.657512] kind: 'sqlite', (STDOUT, APP/PROC/WEB)#
#2026 05 18 21:08:12.395#Z#DEBUG#97838b23-52fd-11f1-a8e5-eeee0a8b5973.axon-odata-api#flowable-async-job-executor-thread-25763#
[PollStartAppStatusExecution] d92b9203-13f2-4150-992d-a89b2ef18ea4 [2026-05-18T21:06:24.657520] dialect: 'sqlite', (STDOUT, APP/PROC/WEB)#
#2026 05 18 21:08:12.395#Z#DEBUG#97838b23-52fd-11f1-a8e5-eeee0a8b5973.axon-odata-api#flowable-async-job-executor-thread-25763#
[PollStartAppStatusExecution] d92b9203-13f2-4150-992d-a89b2ef18ea4 [2026-05-18T21:06:24.657525] credentials: { profile: 'production' } (STDOUT, APP/PROC/WEB)#
#2026 05 18 21:08:12.395#Z#DEBUG#97838b23-52fd-11f1-a8e5-eeee0a8b5973.axon-odata-api#flowable-async-job-executor-thread-25763#
[PollStartAppStatusExecution] d92b9203-13f2-4150-992d-a89b2ef18ea4 [2026-05-18T21:06:24.657528] } { to: 'sqlite', profile: 'production' } (STDOUT, APP/PROC/WEB)#
#2026 05 18 21:08:12.395#Z#DEBUG#97838b23-52fd-11f1-a8e5-eeee0a8b5973.axon-odata-api#flowable-async-job-executor-thread-25763#
[PollStartAppStatusExecution] d92b9203-13f2-4150-992d-a89b2ef18ea4 [2026-05-18T21:06:25.321298] /> successfully deployed to in-memory database. (STDOUT, APP/PROC/WEB)#
#2026 05 18 21:08:12.395#Z#DEBUG#97838b23-52fd-11f1-a8e5-eeee0a8b5973.axon-odata-api#flowable-async-job-executor-thread-25763#
[PollStartAppStatusExecution] d92b9203-13f2-4150-992d-a89b2ef18ea4 [2026-05-18T21:06:25.340469] cp: cannot stat 'db.sqlite': No such file or directory (STDERR, APP/PROC/WEB)#
#2026 05 18 21:08:12.395#Z#DEBUG#97838b23-52fd-11f1-a8e5-eeee0a8b5973.axon-odata-api#flowable-async-job-executor-thread-25763#
[PollStartAppStatusExecution] d92b9203-13f2-4150-992d-a89b2ef18ea4 [2026-05-18T21:06:25.352229] Exit status 1 (STDOUT, APP/PROC/WEB)#
#2026 05 18 21:08:12.395#Z#DEBUG#97838b23-52fd-11f1-a8e5-eeee0a8b5973.axon-odata-api#flowable-async-job-executor-thread-25763#
[PollStartAppStatusExecution] d92b9203-13f2-4150-992d-a89b2ef18ea4 [2026-05-18T21:06:31.940848] Cell 77283d80-dfa7-40ba-ba4e-265aef112085 stopping instance 6428b659-9cbb-4386-41bb-4417 (STDOUT, CELL)#
#2026 05 18 21:08:12.395#Z#DEBUG#97838b23-52fd-11f1-a8e5-eeee0a8b5973.axon-odata-api#flowable-async-job-executor-thread-25763#
[PollStartAppStatusExecution] d92b9203-13f2-4150-992d-a89b2ef18ea4 [2026-05-18T21:06:31.940919] Cell 77283d80-dfa7-40ba-ba4e-265aef112085 destroying container for instance 6428b659-9cbb-4386-41bb-4417 (STDOUT, CELL)#
#2026 05 18 21:08:12.395#Z#DEBUG#97838b23-52fd-11f1-a8e5-eeee0a8b5973.axon-odata-api#flowable-async-job-executor-thread-25763#
[PollStartAppStatusExecution] d92b9203-13f2-4150-992d-a89b2ef18ea4 [2026-05-18T21:06:31.962629] Process has crashed with type: "web" (STDOUT, API)#
#2026 05 18 21:08:12.395#Z#DEBUG#97838b23-52fd-11f1-a8e5-eeee0a8b5973.axon-odata-api#flowable-async-job-executor-thread-25763#
[PollStartAppStatusExecution] d92b9203-13f2-4150-992d-a89b2ef18ea4 [2026-05-18T21:06:31.974505] App instance exited with guid d92b9203-13f2-4150-992d-a89b2ef18ea4 payload: {"instance"=>"6428b659-9cbb-4386-41bb-4417", "index"=>0, "cell_id"=>"77283d80-dfa7-40ba-ba4e-265aef112085", "reason"=>"CRASHED", "exit_description"=>"APP/PROC/WEB: Exited with status 1", "crash_count"=>3, "crash_timestamp"=>1779138391936597381, "version"=>"3bdda300-6359-415a-88fb-91b515d49d08"} (STDOUT, API)#
#2026 05 18 21:08:12.395#Z#DEBUG#97838b23-52fd-11f1-a8e5-eeee0a8b5973.axon-odata-api#flowable-async-job-executor-thread-25763#
[PollStartAppStatusExecution] d92b9203-13f2-4150-992d-a89b2ef18ea4 [2026-05-18T21:06:32.208997] Exit status 137 (STDOUT, PROXY)#
#2026 05 18 21:08:12.395#Z#DEBUG#97838b23-52fd-11f1-a8e5-eeee0a8b5973.axon-odata-api#flowable-async-job-executor-thread-25763#
[PollStartAppStatusExecution] d92b9203-13f2-4150-992d-a89b2ef18ea4 [2026-05-18T21:06:34.858724] Cell 77283d80-dfa7-40ba-ba4e-265aef112085 successfully destroyed container for instance 6428b659-9cbb-4386-41bb-4417 (STDOUT, CELL)#
#2026 05 18 21:08:12.395#Z#DEBUG#97838b23-52fd-11f1-a8e5-eeee0a8b5973.axon-odata-api#flowable-async-job-executor-thread-25763#
[PollStartAppStatusExecution] d92b9203-13f2-4150-992d-a89b2ef18ea4 [2026-05-18T21:06:44.871683] Stopping app with guid d92b9203-13f2-4150-992d-a89b2ef18ea4 (STDOUT, API)#
#2026 05 18 21:08:12.395#Z#DEBUG#97838b23-52fd-11f1-a8e5-eeee0a8b5973.axon-odata-api#flowable-async-job-executor-thread-25763#
[PollStartAppStatusExecution] d92b9203-13f2-4150-992d-a89b2ef18ea4 [2026-05-18T21:06:45.032176] Starting app with guid d92b9203-13f2-4150-992d-a89b2ef18ea4 (STDOUT, API)#
#2026 05 18 21:08:12.395#Z#DEBUG#97838b23-52fd-11f1-a8e5-eeee0a8b5973.axon-odata-api#flowable-async-job-executor-thread-25763#
[PollStartAppStatusExecution] d92b9203-13f2-4150-992d-a89b2ef18ea4 [2026-05-18T21:06:45.245740] Cell 77283d80-dfa7-40ba-ba4e-265aef112085 creating container for instance 8508921a-b73c-4e91-4d0d-3575 (STDOUT, CELL)#
#2026 05 18 21:08:12.395#Z#DEBUG#97838b23-52fd-11f1-a8e5-eeee0a8b5973.axon-odata-api#flowable-async-job-executor-thread-25763#
[PollStartAppStatusExecution] d92b9203-13f2-4150-992d-a89b2ef18ea4 [2026-05-18T21:06:46.227425] Security group rules were updated (STDOUT, CELL)#
#2026 05 18 21:08:12.395#Z#DEBUG#97838b23-52fd-11f1-a8e5-eeee0a8b5973.axon-odata-api#flowable-async-job-executor-thread-25763#
[PollStartAppStatusExecution] d92b9203-13f2-4150-992d-a89b2ef18ea4 [2026-05-18T21:06:46.362564] Cell 77283d80-dfa7-40ba-ba4e-265aef112085 successfully created container for instance 8508921a-b73c-4e91-4d0d-3575 (STDOUT, CELL)#
#2026 05 18 21:08:12.395#Z#DEBUG#97838b23-52fd-11f1-a8e5-eeee0a8b5973.axon-odata-api#flowable-async-job-executor-thread-25763#
[PollStartAppStatusExecution] d92b9203-13f2-4150-992d-a89b2ef18ea4 [2026-05-18T21:06:47.373153] Downloading droplet... (STDOUT, CELL)#
#2026 05 18 21:08:12.395#Z#DEBUG#97838b23-52fd-11f1-a8e5-eeee0a8b5973.axon-odata-api#flowable-async-job-executor-thread-25763#
[PollStartAppStatusExecution] d92b9203-13f2-4150-992d-a89b2ef18ea4 [2026-05-18T21:06:53.453103] Downloaded droplet (71.8M) (STDOUT, CELL)#
#2026 05 18 21:08:12.395#Z#DEBUG#97838b23-52fd-11f1-a8e5-eeee0a8b5973.axon-odata-api#flowable-async-job-executor-thread-25763#
[PollStartAppStatusExecution] d92b9203-13f2-4150-992d-a89b2ef18ea4 [2026-05-18T21:06:53.453302] Starting health monitoring of container (STDOUT, CELL)#
#2026 05 18 21:08:12.395#Z#DEBUG#97838b23-52fd-11f1-a8e5-eeee0a8b5973.axon-odata-api#flowable-async-job-executor-thread-25763#
[PollStartAppStatusExecution] d92b9203-13f2-4150-992d-a89b2ef18ea4 [2026-05-18T21:06:53.637227] Invoking pre-start scripts. (STDOUT, APP/PROC/WEB)#
#2026 05 18 21:08:12.395#Z#DEBUG#97838b23-52fd-11f1-a8e5-eeee0a8b5973.axon-odata-api#flowable-async-job-executor-thread-25763#
[PollStartAppStatusExecution] d92b9203-13f2-4150-992d-a89b2ef18ea4 [2026-05-18T21:06:53.890480] Invoking start command. (STDOUT, APP/PROC/WEB)#
#2026 05 18 21:08:12.395#Z#DEBUG#97838b23-52fd-11f1-a8e5-eeee0a8b5973.axon-odata-api#flowable-async-job-executor-thread-25763#
[PollStartAppStatusExecution] d92b9203-13f2-4150-992d-a89b2ef18ea4 [2026-05-18T21:06:53.973260] Deploying with options: { (STDOUT, APP/PROC/WEB)#
#2026 05 18 21:08:12.395#Z#DEBUG#97838b23-52fd-11f1-a8e5-eeee0a8b5973.axon-odata-api#flowable-async-job-executor-thread-25763#
[PollStartAppStatusExecution] d92b9203-13f2-4150-992d-a89b2ef18ea4 [2026-05-18T21:06:53.973294] kind: 'sqlite', (STDOUT, APP/PROC/WEB)#
#2026 05 18 21:08:12.395#Z#DEBUG#97838b23-52fd-11f1-a8e5-eeee0a8b5973.axon-odata-api#flowable-async-job-executor-thread-25763#
[PollStartAppStatusExecution] d92b9203-13f2-4150-992d-a89b2ef18ea4 [2026-05-18T21:06:53.973299] dialect: 'sqlite', (STDOUT, APP/PROC/WEB)#
#2026 05 18 21:08:12.395#Z#DEBUG#97838b23-52fd-11f1-a8e5-eeee0a8b5973.axon-odata-api#flowable-async-job-executor-thread-25763#
[PollStartAppStatusExecution] d92b9203-13f2-4150-992d-a89b2ef18ea4 [2026-05-18T21:06:53.973303] credentials: { profile: 'production' } (STDOUT, APP/PROC/WEB)#
#2026 05 18 21:08:12.395#Z#DEBUG#97838b23-52fd-11f1-a8e5-eeee0a8b5973.axon-odata-api#flowable-async-job-executor-thread-25763#
[PollStartAppStatusExecution] d92b9203-13f2-4150-992d-a89b2ef18ea4 [2026-05-18T21:06:53.973306] } { to: 'sqlite', profile: 'production' } (STDOUT, APP/PROC/WEB)#
#2026 05 18 21:08:12.395#Z#DEBUG#97838b23-52fd-11f1-a8e5-eeee0a8b5973.axon-odata-api#flowable-async-job-executor-thread-25763#
[PollStartAppStatusExecution] d92b9203-13f2-4150-992d-a89b2ef18ea4 [2026-05-18T21:06:54.663574] /> successfully deployed to in-memory database. (STDOUT, APP/PROC/WEB)#
#2026 05 18 21:08:12.395#Z#DEBUG#97838b23-52fd-11f1-a8e5-eeee0a8b5973.axon-odata-api#flowable-async-job-executor-thread-25763#
[PollStartAppStatusExecution] d92b9203-13f2-4150-992d-a89b2ef18ea4 [2026-05-18T21:06:54.681407] cp: cannot stat 'db.sqlite': No such file or directory (STDERR, APP/PROC/WEB)#
#2026 05 18 21:08:12.395#Z#DEBUG#97838b23-52fd-11f1-a8e5-eeee0a8b5973.axon-odata-api#flowable-async-job-executor-thread-25763#
[PollStartAppStatusExecution] d92b9203-13f2-4150-992d-a89b2ef18ea4 [2026-05-18T21:06:54.692017] Exit status 1 (STDOUT, APP/PROC/WEB)#
#2026 05 18 21:08:12.395#Z#DEBUG#97838b23-52fd-11f1-a8e5-eeee0a8b5973.axon-odata-api#flowable-async-job-executor-thread-25763#
[PollStartAppStatusExecution] d92b9203-13f2-4150-992d-a89b2ef18ea4 [2026-05-18T21:07:01.005230] Cell 77283d80-dfa7-40ba-ba4e-265aef112085 stopping instance 8508921a-b73c-4e91-4d0d-3575 (STDOUT, CELL)#
#2026 05 18 21:08:12.395#Z#DEBUG#97838b23-52fd-11f1-a8e5-eeee0a8b5973.axon-odata-api#flowable-async-job-executor-thread-25763#
[PollStartAppStatusExecution] d92b9203-13f2-4150-992d-a89b2ef18ea4 [2026-05-18T21:07:01.005305] Cell 77283d80-dfa7-40ba-ba4e-265aef112085 destroying container for instance 8508921a-b73c-4e91-4d0d-3575 (STDOUT, CELL)#
#2026 05 18 21:08:12.395#Z#DEBUG#97838b23-52fd-11f1-a8e5-eeee0a8b5973.axon-odata-api#flowable-async-job-executor-thread-25763#
[PollStartAppStatusExecution] d92b9203-13f2-4150-992d-a89b2ef18ea4 [2026-05-18T21:07:01.010060] Process has crashed with type: "web" (STDOUT, API)#
#2026 05 18 21:08:12.395#Z#DEBUG#97838b23-52fd-11f1-a8e5-eeee0a8b5973.axon-odata-api#flowable-async-job-executor-thread-25763#
[PollStartAppStatusExecution] d92b9203-13f2-4150-992d-a89b2ef18ea4 [2026-05-18T21:07:01.022433] App instance exited with guid d92b9203-13f2-4150-992d-a89b2ef18ea4 payload: {"instance"=>"8508921a-b73c-4e91-4d0d-3575", "index"=>0, "cell_id"=>"77283d80-dfa7-40ba-ba4e-265aef112085", "reason"=>"CRASHED", "exit_description"=>"APP/PROC/WEB: Exited with status 1", "crash_count"=>1, "crash_timestamp"=>1779138420987794997, "version"=>"3d825247-a365-42db-bcdc-0f893f435e3c"} (STDOUT, API)#
#2026 05 18 21:08:12.395#Z#DEBUG#97838b23-52fd-11f1-a8e5-eeee0a8b5973.axon-odata-api#flowable-async-job-executor-thread-25763#
[PollStartAppStatusExecution] d92b9203-13f2-4150-992d-a89b2ef18ea4 [2026-05-18T21:07:01.117992] Cell 684caff8-89cd-492b-be01-b3d0835f1763 creating container for instance 1e554e9b-36ef-4cfa-54c8-175b (STDOUT, CELL)#
#2026 05 18 21:08:12.395#Z#DEBUG#97838b23-52fd-11f1-a8e5-eeee0a8b5973.axon-odata-api#flowable-async-job-executor-thread-25763#
[PollStartAppStatusExecution] d92b9203-13f2-4150-992d-a89b2ef18ea4 [2026-05-18T21:07:01.252027] Exit status 137 (STDOUT, PROXY)#
#2026 05 18 21:08:12.395#Z#DEBUG#97838b23-52fd-11f1-a8e5-eeee0a8b5973.axon-odata-api#flowable-async-job-executor-thread-25763#
[PollStartAppStatusExecution] d92b9203-13f2-4150-992d-a89b2ef18ea4 [2026-05-18T21:07:02.112759] Security group rules were updated (STDOUT, CELL)#
#2026 05 18 21:08:12.395#Z#DEBUG#97838b23-52fd-11f1-a8e5-eeee0a8b5973.axon-odata-api#flowable-async-job-executor-thread-25763#
[PollStartAppStatusExecution] d92b9203-13f2-4150-992d-a89b2ef18ea4 [2026-05-18T21:07:02.215149] Cell 684caff8-89cd-492b-be01-b3d0835f1763 successfully created container for instance 1e554e9b-36ef-4cfa-54c8-175b (STDOUT, CELL)#
#2026 05 18 21:08:12.395#Z#DEBUG#97838b23-52fd-11f1-a8e5-eeee0a8b5973.axon-odata-api#flowable-async-job-executor-thread-25763#
[PollStartAppStatusExecution] d92b9203-13f2-4150-992d-a89b2ef18ea4 [2026-05-18T21:07:03.463753] Downloading droplet... (STDOUT, CELL)#
#2026 05 18 21:08:12.395#Z#DEBUG#97838b23-52fd-11f1-a8e5-eeee0a8b5973.axon-odata-api#flowable-async-job-executor-thread-25763#
[PollStartAppStatusExecution] d92b9203-13f2-4150-992d-a89b2ef18ea4 [2026-05-18T21:07:03.634494] Cell 77283d80-dfa7-40ba-ba4e-265aef112085 successfully destroyed container for instance 8508921a-b73c-4e91-4d0d-3575 (STDOUT, CELL)#
#2026 05 18 21:08:12.395#Z#DEBUG#97838b23-52fd-11f1-a8e5-eeee0a8b5973.axon-odata-api#flowable-async-job-executor-thread-25763#
[PollStartAppStatusExecution] d92b9203-13f2-4150-992d-a89b2ef18ea4 [2026-05-18T21:07:09.508072] Downloaded droplet (71.8M) (STDOUT, CELL)#
#2026 05 18 21:08:12.395#Z#DEBUG#97838b23-52fd-11f1-a8e5-eeee0a8b5973.axon-odata-api#flowable-async-job-executor-thread-25763#
[PollStartAppStatusExecution] d92b9203-13f2-4150-992d-a89b2ef18ea4 [2026-05-18T21:07:09.508232] Starting health monitoring of container (STDOUT, CELL)#
#2026 05 18 21:08:12.396#Z#DEBUG#97838b23-52fd-11f1-a8e5-eeee0a8b5973.axon-odata-api#flowable-async-job-executor-thread-25763#
[PollStartAppStatusExecution] d92b9203-13f2-4150-992d-a89b2ef18ea4 [2026-05-18T21:07:09.676260] Invoking pre-start scripts. (STDOUT, APP/PROC/WEB)#
#2026 05 18 21:08:12.396#Z#DEBUG#97838b23-52fd-11f1-a8e5-eeee0a8b5973.axon-odata-api#flowable-async-job-executor-thread-25763#
[PollStartAppStatusExecution] d92b9203-13f2-4150-992d-a89b2ef18ea4 [2026-05-18T21:07:09.943532] Invoking start command. (STDOUT, APP/PROC/WEB)#
#2026 05 18 21:08:12.396#Z#DEBUG#97838b23-52fd-11f1-a8e5-eeee0a8b5973.axon-odata-api#flowable-async-job-executor-thread-25763#
[PollStartAppStatusExecution] d92b9203-13f2-4150-992d-a89b2ef18ea4 [2026-05-18T21:07:10.020213] Deploying with options: { (STDOUT, APP/PROC/WEB)#
#2026 05 18 21:08:12.396#Z#DEBUG#97838b23-52fd-11f1-a8e5-eeee0a8b5973.axon-odata-api#flowable-async-job-executor-thread-25763#
[PollStartAppStatusExecution] d92b9203-13f2-4150-992d-a89b2ef18ea4 [2026-05-18T21:07:10.020244] kind: 'sqlite', (STDOUT, APP/PROC/WEB)#
#2026 05 18 21:08:12.396#Z#DEBUG#97838b23-52fd-11f1-a8e5-eeee0a8b5973.axon-odata-api#flowable-async-job-executor-thread-25763#
[PollStartAppStatusExecution] d92b9203-13f2-4150-992d-a89b2ef18ea4 [2026-05-18T21:07:10.020249] dialect: 'sqlite', (STDOUT, APP/PROC/WEB)#
#2026 05 18 21:08:12.396#Z#DEBUG#97838b23-52fd-11f1-a8e5-eeee0a8b5973.axon-odata-api#flowable-async-job-executor-thread-25763#
[PollStartAppStatusExecution] d92b9203-13f2-4150-992d-a89b2ef18ea4 [2026-05-18T21:07:10.020252] credentials: { profile: 'production' } (STDOUT, APP/PROC/WEB)#
#2026 05 18 21:08:12.396#Z#DEBUG#97838b23-52fd-11f1-a8e5-eeee0a8b5973.axon-odata-api#flowable-async-job-executor-thread-25763#
[PollStartAppStatusExecution] d92b9203-13f2-4150-992d-a89b2ef18ea4 [2026-05-18T21:07:10.020255] } { to: 'sqlite', profile: 'production' } (STDOUT, APP/PROC/WEB)#
#2026 05 18 21:08:12.396#Z#DEBUG#97838b23-52fd-11f1-a8e5-eeee0a8b5973.axon-odata-api#flowable-async-job-executor-thread-25763#
[PollStartAppStatusExecution] d92b9203-13f2-4150-992d-a89b2ef18ea4 [2026-05-18T21:07:10.653333] /> successfully deployed to in-memory database. (STDOUT, APP/PROC/WEB)#
#2026 05 18 21:08:12.396#Z#DEBUG#97838b23-52fd-11f1-a8e5-eeee0a8b5973.axon-odata-api#flowable-async-job-executor-thread-25763#
[PollStartAppStatusExecution] d92b9203-13f2-4150-992d-a89b2ef18ea4 [2026-05-18T21:07:10.670176] cp: cannot stat 'db.sqlite': No such file or directory (STDERR, APP/PROC/WEB)#
#2026 05 18 21:08:12.396#Z#DEBUG#97838b23-52fd-11f1-a8e5-eeee0a8b5973.axon-odata-api#flowable-async-job-executor-thread-25763#
[PollStartAppStatusExecution] d92b9203-13f2-4150-992d-a89b2ef18ea4 [2026-05-18T21:07:10.679733] Exit status 1 (STDOUT, APP/PROC/WEB)#
#2026 05 18 21:08:12.396#Z#DEBUG#97838b23-52fd-11f1-a8e5-eeee0a8b5973.axon-odata-api#flowable-async-job-executor-thread-25763#
[PollStartAppStatusExecution] d92b9203-13f2-4150-992d-a89b2ef18ea4 [2026-05-18T21:07:17.488435] Cell 684caff8-89cd-492b-be01-b3d0835f1763 stopping instance 1e554e9b-36ef-4cfa-54c8-175b (STDOUT, CELL)#
#2026 05 18 21:08:12.396#Z#DEBUG#97838b23-52fd-11f1-a8e5-eeee0a8b5973.axon-odata-api#flowable-async-job-executor-thread-25763#
[PollStartAppStatusExecution] d92b9203-13f2-4150-992d-a89b2ef18ea4 [2026-05-18T21:07:17.488479] Cell 684caff8-89cd-492b-be01-b3d0835f1763 destroying container for instance 1e554e9b-36ef-4cfa-54c8-175b (STDOUT, CELL)#
#2026 05 18 21:08:12.396#Z#DEBUG#97838b23-52fd-11f1-a8e5-eeee0a8b5973.axon-odata-api#flowable-async-job-executor-thread-25763#
[PollStartAppStatusExecution] d92b9203-13f2-4150-992d-a89b2ef18ea4 [2026-05-18T21:07:17.493877] Process has crashed with type: "web" (STDOUT, API)#
#2026 05 18 21:08:12.396#Z#DEBUG#97838b23-52fd-11f1-a8e5-eeee0a8b5973.axon-odata-api#flowable-async-job-executor-thread-25763#
[PollStartAppStatusExecution] d92b9203-13f2-4150-992d-a89b2ef18ea4 [2026-05-18T21:07:17.506633] App instance exited with guid d92b9203-13f2-4150-992d-a89b2ef18ea4 payload: {"instance"=>"1e554e9b-36ef-4cfa-54c8-175b", "index"=>0, "cell_id"=>"684caff8-89cd-492b-be01-b3d0835f1763", "reason"=>"CRASHED", "exit_description"=>"APP/PROC/WEB: Exited with status 1", "crash_count"=>2, "crash_timestamp"=>1779138437471668572, "version"=>"3d825247-a365-42db-bcdc-0f893f435e3c"} (STDOUT, API)#
#2026 05 18 21:08:12.396#Z#DEBUG#97838b23-52fd-11f1-a8e5-eeee0a8b5973.axon-odata-api#flowable-async-job-executor-thread-25763#
[PollStartAppStatusExecution] d92b9203-13f2-4150-992d-a89b2ef18ea4 [2026-05-18T21:07:17.776005] Exit status 137 (STDOUT, PROXY)#
#2026 05 18 21:08:12.396#Z#DEBUG#97838b23-52fd-11f1-a8e5-eeee0a8b5973.axon-odata-api#flowable-async-job-executor-thread-25763#
[PollStartAppStatusExecution] d92b9203-13f2-4150-992d-a89b2ef18ea4 [2026-05-18T21:07:17.982759] Cell 77283d80-dfa7-40ba-ba4e-265aef112085 creating container for instance f7bcda62-4b29-42c7-7115-3431 (STDOUT, CELL)#
#2026 05 18 21:08:12.396#Z#DEBUG#97838b23-52fd-11f1-a8e5-eeee0a8b5973.axon-odata-api#flowable-async-job-executor-thread-25763#
[PollStartAppStatusExecution] d92b9203-13f2-4150-992d-a89b2ef18ea4 [2026-05-18T21:07:19.023902] Security group rules were updated (STDOUT, CELL)#
#2026 05 18 21:08:12.396#Z#DEBUG#97838b23-52fd-11f1-a8e5-eeee0a8b5973.axon-odata-api#flowable-async-job-executor-thread-25763#
[PollStartAppStatusExecution] d92b9203-13f2-4150-992d-a89b2ef18ea4 [2026-05-18T21:07:19.124600] Cell 77283d80-dfa7-40ba-ba4e-265aef112085 successfully created container for instance f7bcda62-4b29-42c7-7115-3431 (STDOUT, CELL)#
#2026 05 18 21:08:12.396#Z#DEBUG#97838b23-52fd-11f1-a8e5-eeee0a8b5973.axon-odata-api#flowable-async-job-executor-thread-25763#
[PollStartAppStatusExecution] d92b9203-13f2-4150-992d-a89b2ef18ea4 [2026-05-18T21:07:19.744564] Downloading droplet... (STDOUT, CELL)#
#2026 05 18 21:08:12.396#Z#DEBUG#97838b23-52fd-11f1-a8e5-eeee0a8b5973.axon-odata-api#flowable-async-job-executor-thread-25763#
[PollStartAppStatusExecution] d92b9203-13f2-4150-992d-a89b2ef18ea4 [2026-05-18T21:07:20.308780] Cell 684caff8-89cd-492b-be01-b3d0835f1763 successfully destroyed container for instance 1e554e9b-36ef-4cfa-54c8-175b (STDOUT, CELL)#
#2026 05 18 21:08:12.396#Z#DEBUG#97838b23-52fd-11f1-a8e5-eeee0a8b5973.axon-odata-api#flowable-async-job-executor-thread-25763#
[PollStartAppStatusExecution] d92b9203-13f2-4150-992d-a89b2ef18ea4 [2026-05-18T21:07:22.616437] Downloaded droplet (STDOUT, CELL)#
#2026 05 18 21:08:12.396#Z#DEBUG#97838b23-52fd-11f1-a8e5-eeee0a8b5973.axon-odata-api#flowable-async-job-executor-thread-25763#
[PollStartAppStatusExecution] d92b9203-13f2-4150-992d-a89b2ef18ea4 [2026-05-18T21:07:22.616601] Starting health monitoring of container (STDOUT, CELL)#
#2026 05 18 21:08:12.396#Z#DEBUG#97838b23-52fd-11f1-a8e5-eeee0a8b5973.axon-odata-api#flowable-async-job-executor-thread-25763#
[PollStartAppStatusExecution] d92b9203-13f2-4150-992d-a89b2ef18ea4 [2026-05-18T21:07:22.828613] Invoking pre-start scripts. (STDOUT, APP/PROC/WEB)#
#2026 05 18 21:08:12.396#Z#DEBUG#97838b23-52fd-11f1-a8e5-eeee0a8b5973.axon-odata-api#flowable-async-job-executor-thread-25763#
[PollStartAppStatusExecution] d92b9203-13f2-4150-992d-a89b2ef18ea4 [2026-05-18T21:07:23.077957] Invoking start command. (STDOUT, APP/PROC/WEB)#
#2026 05 18 21:08:12.396#Z#DEBUG#97838b23-52fd-11f1-a8e5-eeee0a8b5973.axon-odata-api#flowable-async-job-executor-thread-25763#
[PollStartAppStatusExecution] d92b9203-13f2-4150-992d-a89b2ef18ea4 [2026-05-18T21:07:23.157126] Deploying with options: { (STDOUT, APP/PROC/WEB)#
#2026 05 18 21:08:12.396#Z#DEBUG#97838b23-52fd-11f1-a8e5-eeee0a8b5973.axon-odata-api#flowable-async-job-executor-thread-25763#
[PollStartAppStatusExecution] d92b9203-13f2-4150-992d-a89b2ef18ea4 [2026-05-18T21:07:23.157166] kind: 'sqlite', (STDOUT, APP/PROC/WEB)#
#2026 05 18 21:08:12.396#Z#DEBUG#97838b23-52fd-11f1-a8e5-eeee0a8b5973.axon-odata-api#flowable-async-job-executor-thread-25763#
[PollStartAppStatusExecution] d92b9203-13f2-4150-992d-a89b2ef18ea4 [2026-05-18T21:07:23.157169] dialect: 'sqlite', (STDOUT, APP/PROC/WEB)#
#2026 05 18 21:08:12.396#Z#DEBUG#97838b23-52fd-11f1-a8e5-eeee0a8b5973.axon-odata-api#flowable-async-job-executor-thread-25763#
[PollStartAppStatusExecution] d92b9203-13f2-4150-992d-a89b2ef18ea4 [2026-05-18T21:07:23.157173] credentials: { profile: 'production' } (STDOUT, APP/PROC/WEB)#
#2026 05 18 21:08:12.396#Z#DEBUG#97838b23-52fd-11f1-a8e5-eeee0a8b5973.axon-odata-api#flowable-async-job-executor-thread-25763#
[PollStartAppStatusExecution] d92b9203-13f2-4150-992d-a89b2ef18ea4 [2026-05-18T21:07:23.157175] } { to: 'sqlite', profile: 'production' } (STDOUT, APP/PROC/WEB)#
#2026 05 18 21:08:12.396#Z#DEBUG#97838b23-52fd-11f1-a8e5-eeee0a8b5973.axon-odata-api#flowable-async-job-executor-thread-25763#
[PollStartAppStatusExecution] d92b9203-13f2-4150-992d-a89b2ef18ea4 [2026-05-18T21:07:23.835286] /> successfully deployed to in-memory database. (STDOUT, APP/PROC/WEB)#
#2026 05 18 21:08:12.396#Z#DEBUG#97838b23-52fd-11f1-a8e5-eeee0a8b5973.axon-odata-api#flowable-async-job-executor-thread-25763#
[PollStartAppStatusExecution] d92b9203-13f2-4150-992d-a89b2ef18ea4 [2026-05-18T21:07:23.850250] cp: cannot stat 'db.sqlite': No such file or directory (STDERR, APP/PROC/WEB)#
#2026 05 18 21:08:12.396#Z#DEBUG#97838b23-52fd-11f1-a8e5-eeee0a8b5973.axon-odata-api#flowable-async-job-executor-thread-25763#
[PollStartAppStatusExecution] d92b9203-13f2-4150-992d-a89b2ef18ea4 [2026-05-18T21:07:23.872175] Exit status 1 (STDOUT, APP/PROC/WEB)#
#2026 05 18 21:08:12.396#Z#DEBUG#97838b23-52fd-11f1-a8e5-eeee0a8b5973.axon-odata-api#flowable-async-job-executor-thread-25763#
[PollStartAppStatusExecution] d92b9203-13f2-4150-992d-a89b2ef18ea4 [2026-05-18T21:07:31.381198] Cell 77283d80-dfa7-40ba-ba4e-265aef112085 stopping instance f7bcda62-4b29-42c7-7115-3431 (STDOUT, CELL)#
#2026 05 18 21:08:12.396#Z#DEBUG#97838b23-52fd-11f1-a8e5-eeee0a8b5973.axon-odata-api#flowable-async-job-executor-thread-25763#
[PollStartAppStatusExecution] d92b9203-13f2-4150-992d-a89b2ef18ea4 [2026-05-18T21:07:31.381233] Cell 77283d80-dfa7-40ba-ba4e-265aef112085 destroying container for instance f7bcda62-4b29-42c7-7115-3431 (STDOUT, CELL)#
#2026 05 18 21:08:12.396#Z#DEBUG#97838b23-52fd-11f1-a8e5-eeee0a8b5973.axon-odata-api#flowable-async-job-executor-thread-25763#
[PollStartAppStatusExecution] d92b9203-13f2-4150-992d-a89b2ef18ea4 [2026-05-18T21:07:31.400026] Process has crashed with type: "web" (STDOUT, API)#
#2026 05 18 21:08:12.396#Z#DEBUG#97838b23-52fd-11f1-a8e5-eeee0a8b5973.axon-odata-api#flowable-async-job-executor-thread-25763#
[PollStartAppStatusExecution] d92b9203-13f2-4150-992d-a89b2ef18ea4 [2026-05-18T21:07:31.412521] App instance exited with guid d92b9203-13f2-4150-992d-a89b2ef18ea4 payload: {"instance"=>"f7bcda62-4b29-42c7-7115-3431", "index"=>0, "cell_id"=>"77283d80-dfa7-40ba-ba4e-265aef112085", "reason"=>"CRASHED", "exit_description"=>"APP/PROC/WEB: Exited with status 1", "crash_count"=>3, "crash_timestamp"=>1779138451377051946, "version"=>"3d825247-a365-42db-bcdc-0f893f435e3c"} (STDOUT, API)#
#2026 05 18 21:08:12.396#Z#DEBUG#97838b23-52fd-11f1-a8e5-eeee0a8b5973.axon-odata-api#flowable-async-job-executor-thread-25763#
[PollStartAppStatusExecution] d92b9203-13f2-4150-992d-a89b2ef18ea4 [2026-05-18T21:07:31.637920] Exit status 137 (STDOUT, PROXY)#
#2026 05 18 21:08:12.396#Z#DEBUG#97838b23-52fd-11f1-a8e5-eeee0a8b5973.axon-odata-api#flowable-async-job-executor-thread-25763#
[PollStartAppStatusExecution] d92b9203-13f2-4150-992d-a89b2ef18ea4 [2026-05-18T21:07:34.963977] Cell 77283d80-dfa7-40ba-ba4e-265aef112085 successfully destroyed container for instance f7bcda62-4b29-42c7-7115-3431 (STDOUT, CELL)#
#2026 05 18 21:08:12.396#Z#DEBUG#97838b23-52fd-11f1-a8e5-eeee0a8b5973.axon-odata-api#flowable-async-job-executor-thread-25763#
[PollStartAppStatusExecution] d92b9203-13f2-4150-992d-a89b2ef18ea4 [2026-05-18T21:07:37.653173] Updated app with guid d92b9203-13f2-4150-992d-a89b2ef18ea4 ({"lifecycle"=>{"data"=>{"buildpacks"=>[]}, "type"=>"buildpack"}}) (STDOUT, API)#
#2026 05 18 21:08:12.396#Z#DEBUG#97838b23-52fd-11f1-a8e5-eeee0a8b5973.axon-odata-api#flowable-async-job-executor-thread-25763#
[PollStartAppStatusExecution] d92b9203-13f2-4150-992d-a89b2ef18ea4 [2026-05-18T21:07:37.748294] Updating process: "web" (STDOUT, API)#
#2026 05 18 21:08:12.396#Z#DEBUG#97838b23-52fd-11f1-a8e5-eeee0a8b5973.axon-odata-api#flowable-async-job-executor-thread-25763#
[PollStartAppStatusExecution] d92b9203-13f2-4150-992d-a89b2ef18ea4 [2026-05-18T21:07:37.905927] Updated app with guid d92b9203-13f2-4150-992d-a89b2ef18ea4 ({"environment_variables"=>"[PRIVATE DATA HIDDEN]"}) (STDOUT, API)#
#2026 05 18 21:08:12.396#Z#DEBUG#97838b23-52fd-11f1-a8e5-eeee0a8b5973.axon-odata-api#flowable-async-job-executor-thread-25763#
[PollStartAppStatusExecution] d92b9203-13f2-4150-992d-a89b2ef18ea4 [2026-05-18T21:08:03.603252] Stopping app with guid d92b9203-13f2-4150-992d-a89b2ef18ea4 (STDOUT, API)#
#2026 05 18 21:08:12.396#Z#DEBUG#97838b23-52fd-11f1-a8e5-eeee0a8b5973.axon-odata-api#flowable-async-job-executor-thread-25763#
[PollStartAppStatusExecution] d92b9203-13f2-4150-992d-a89b2ef18ea4 [2026-05-18T21:08:03.911940] Starting app with guid d92b9203-13f2-4150-992d-a89b2ef18ea4 (STDOUT, API)#
#2026 05 18 21:08:12.396#Z#DEBUG#97838b23-52fd-11f1-a8e5-eeee0a8b5973.axon-odata-api#flowable-async-job-executor-thread-25763#
[PollStartAppStatusExecution] d92b9203-13f2-4150-992d-a89b2ef18ea4 [2026-05-18T21:08:04.199568] Cell c839c7b1-088e-41af-b9b7-66256aacd457 creating container for instance 4a4b44c0-601f-4ce9-70c6-33c1 (STDOUT, CELL)#
#2026 05 18 21:08:12.396#Z#DEBUG#97838b23-52fd-11f1-a8e5-eeee0a8b5973.axon-odata-api#flowable-async-job-executor-thread-25763#
[PollStartAppStatusExecution] d92b9203-13f2-4150-992d-a89b2ef18ea4 [2026-05-18T21:08:06.291079] Security group rules were updated (STDOUT, CELL)#
#2026 05 18 21:08:12.396#Z#DEBUG#97838b23-52fd-11f1-a8e5-eeee0a8b5973.axon-odata-api#flowable-async-job-executor-thread-25763#
[PollStartAppStatusExecution] d92b9203-13f2-4150-992d-a89b2ef18ea4 [2026-05-18T21:08:06.387543] Cell c839c7b1-088e-41af-b9b7-66256aacd457 successfully created container for instance 4a4b44c0-601f-4ce9-70c6-33c1 (STDOUT, CELL)#
#2026 05 18 21:08:12.396#Z#DEBUG#97838b23-52fd-11f1-a8e5-eeee0a8b5973.axon-odata-api#flowable-async-job-executor-thread-25763#
[PollStartAppStatusExecution] d92b9203-13f2-4150-992d-a89b2ef18ea4 [2026-05-18T21:08:06.975423] Downloading droplet... (STDOUT, CELL)#
#2026 05 18 21:08:22.366#Z#DEBUG#97838b23-52fd-11f1-a8e5-eeee0a8b5973.axon-odata-api#flowable-async-job-executor-thread-20426#
[PollStartAppStatusExecution] d92b9203-13f2-4150-992d-a89b2ef18ea4 [2026-05-18T21:08:13.905044] Downloaded droplet (71.8M) (STDOUT, CELL)#
#2026 05 18 21:08:22.366#Z#DEBUG#97838b23-52fd-11f1-a8e5-eeee0a8b5973.axon-odata-api#flowable-async-job-executor-thread-20426#
[PollStartAppStatusExecution] d92b9203-13f2-4150-992d-a89b2ef18ea4 [2026-05-18T21:08:13.905236] Starting health monitoring of container (STDOUT, CELL)#
#2026 05 18 21:08:22.366#Z#DEBUG#97838b23-52fd-11f1-a8e5-eeee0a8b5973.axon-odata-api#flowable-async-job-executor-thread-20426#
[PollStartAppStatusExecution] d92b9203-13f2-4150-992d-a89b2ef18ea4 [2026-05-18T21:08:14.066141] Invoking pre-start scripts. (STDOUT, APP/PROC/WEB)#
#2026 05 18 21:08:22.366#Z#DEBUG#97838b23-52fd-11f1-a8e5-eeee0a8b5973.axon-odata-api#flowable-async-job-executor-thread-20426#
[PollStartAppStatusExecution] d92b9203-13f2-4150-992d-a89b2ef18ea4 [2026-05-18T21:08:14.343092] Invoking start command. (STDOUT, APP/PROC/WEB)#
#2026 05 18 21:08:22.366#Z#DEBUG#97838b23-52fd-11f1-a8e5-eeee0a8b5973.axon-odata-api#flowable-async-job-executor-thread-20426#
[PollStartAppStatusExecution] d92b9203-13f2-4150-992d-a89b2ef18ea4 [2026-05-18T21:08:14.427497] Deploying with options: { (STDOUT, APP/PROC/WEB)#
#2026 05 18 21:08:22.366#Z#DEBUG#97838b23-52fd-11f1-a8e5-eeee0a8b5973.axon-odata-api#flowable-async-job-executor-thread-20426#
[PollStartAppStatusExecution] d92b9203-13f2-4150-992d-a89b2ef18ea4 [2026-05-18T21:08:14.427531] kind: 'sqlite', (STDOUT, APP/PROC/WEB)#
#2026 05 18 21:08:22.366#Z#DEBUG#97838b23-52fd-11f1-a8e5-eeee0a8b5973.axon-odata-api#flowable-async-job-executor-thread-20426#
[PollStartAppStatusExecution] d92b9203-13f2-4150-992d-a89b2ef18ea4 [2026-05-18T21:08:14.427535] dialect: 'sqlite', (STDOUT, APP/PROC/WEB)#
#2026 05 18 21:08:22.366#Z#DEBUG#97838b23-52fd-11f1-a8e5-eeee0a8b5973.axon-odata-api#flowable-async-job-executor-thread-20426#
[PollStartAppStatusExecution] d92b9203-13f2-4150-992d-a89b2ef18ea4 [2026-05-18T21:08:14.427540] credentials: { profile: 'production' } (STDOUT, APP/PROC/WEB)#
#2026 05 18 21:08:22.366#Z#DEBUG#97838b23-52fd-11f1-a8e5-eeee0a8b5973.axon-odata-api#flowable-async-job-executor-thread-20426#
[PollStartAppStatusExecution] d92b9203-13f2-4150-992d-a89b2ef18ea4 [2026-05-18T21:08:14.427542] } { to: 'sqlite', profile: 'production' } (STDOUT, APP/PROC/WEB)#
#2026 05 18 21:08:22.366#Z#DEBUG#97838b23-52fd-11f1-a8e5-eeee0a8b5973.axon-odata-api#flowable-async-job-executor-thread-20426#
[PollStartAppStatusExecution] d92b9203-13f2-4150-992d-a89b2ef18ea4 [2026-05-18T21:08:15.140018] /> successfully deployed to in-memory database. (STDOUT, APP/PROC/WEB)#
#2026 05 18 21:08:22.366#Z#DEBUG#97838b23-52fd-11f1-a8e5-eeee0a8b5973.axon-odata-api#flowable-async-job-executor-thread-20426#
[PollStartAppStatusExecution] d92b9203-13f2-4150-992d-a89b2ef18ea4 [2026-05-18T21:08:15.156320] cp: cannot stat 'db.sqlite': No such file or directory (STDERR, APP/PROC/WEB)#
#2026 05 18 21:08:22.366#Z#DEBUG#97838b23-52fd-11f1-a8e5-eeee0a8b5973.axon-odata-api#flowable-async-job-executor-thread-20426#
[PollStartAppStatusExecution] d92b9203-13f2-4150-992d-a89b2ef18ea4 [2026-05-18T21:08:15.166766] Exit status 1 (STDOUT, APP/PROC/WEB)#
#2026 05 18 21:08:32.335#Z#DEBUG#97838b23-52fd-11f1-a8e5-eeee0a8b5973.axon-odata-api#flowable-async-job-executor-thread-20486#
[PollStartAppStatusExecution] d92b9203-13f2-4150-992d-a89b2ef18ea4 [2026-05-18T21:08:22.376184] Cell c839c7b1-088e-41af-b9b7-66256aacd457 stopping instance 4a4b44c0-601f-4ce9-70c6-33c1 (STDOUT, CELL)#
#2026 05 18 21:08:32.335#Z#DEBUG#97838b23-52fd-11f1-a8e5-eeee0a8b5973.axon-odata-api#flowable-async-job-executor-thread-20486#
[PollStartAppStatusExecution] d92b9203-13f2-4150-992d-a89b2ef18ea4 [2026-05-18T21:08:22.376256] Cell c839c7b1-088e-41af-b9b7-66256aacd457 destroying container for instance 4a4b44c0-601f-4ce9-70c6-33c1 (STDOUT, CELL)#
#2026 05 18 21:08:32.335#Z#DEBUG#97838b23-52fd-11f1-a8e5-eeee0a8b5973.axon-odata-api#flowable-async-job-executor-thread-20486#
[PollStartAppStatusExecution] d92b9203-13f2-4150-992d-a89b2ef18ea4 [2026-05-18T21:08:22.380934] Process has crashed with type: "web" (STDOUT, API)#
#2026 05 18 21:08:32.335#Z#DEBUG#97838b23-52fd-11f1-a8e5-eeee0a8b5973.axon-odata-api#flowable-async-job-executor-thread-20486#
[PollStartAppStatusExecution] d92b9203-13f2-4150-992d-a89b2ef18ea4 [2026-05-18T21:08:22.392580] App instance exited with guid d92b9203-13f2-4150-992d-a89b2ef18ea4 payload: {"instance"=>"4a4b44c0-601f-4ce9-70c6-33c1", "index"=>0, "cell_id"=>"c839c7b1-088e-41af-b9b7-66256aacd457", "reason"=>"CRASHED", "exit_description"=>"APP/PROC/WEB: Exited with status 1", "crash_count"=>1, "crash_timestamp"=>1779138502353609862, "version"=>"9c06e9e2-2235-4251-8935-5f22fe546905"} (STDOUT, API)#
#2026 05 18 21:08:32.335#Z#DEBUG#97838b23-52fd-11f1-a8e5-eeee0a8b5973.axon-odata-api#flowable-async-job-executor-thread-20486#
[PollStartAppStatusExecution] d92b9203-13f2-4150-992d-a89b2ef18ea4 [2026-05-18T21:08:22.572751] Cell 684caff8-89cd-492b-be01-b3d0835f1763 creating container for instance 2071d1da-1129-4ed4-7c8f-d1d5 (STDOUT, CELL)#
#2026 05 18 21:08:32.335#Z#DEBUG#97838b23-52fd-11f1-a8e5-eeee0a8b5973.axon-odata-api#flowable-async-job-executor-thread-20486#
[PollStartAppStatusExecution] d92b9203-13f2-4150-992d-a89b2ef18ea4 [2026-05-18T21:08:22.687730] Exit status 137 (STDOUT, PROXY)#
#2026 05 18 21:08:32.335#Z#DEBUG#97838b23-52fd-11f1-a8e5-eeee0a8b5973.axon-odata-api#flowable-async-job-executor-thread-20486#
[PollStartAppStatusExecution] d92b9203-13f2-4150-992d-a89b2ef18ea4 [2026-05-18T21:08:23.547227] Security group rules were updated (STDOUT, CELL)#
#2026 05 18 21:08:32.335#Z#DEBUG#97838b23-52fd-11f1-a8e5-eeee0a8b5973.axon-odata-api#flowable-async-job-executor-thread-20486#
[PollStartAppStatusExecution] d92b9203-13f2-4150-992d-a89b2ef18ea4 [2026-05-18T21:08:23.647609] Cell 684caff8-89cd-492b-be01-b3d0835f1763 successfully created container for instance 2071d1da-1129-4ed4-7c8f-d1d5 (STDOUT, CELL)#
#2026 05 18 21:08:32.335#Z#DEBUG#97838b23-52fd-11f1-a8e5-eeee0a8b5973.axon-odata-api#flowable-async-job-executor-thread-20486#
[PollStartAppStatusExecution] d92b9203-13f2-4150-992d-a89b2ef18ea4 [2026-05-18T21:08:24.759410] Downloading droplet... (STDOUT, CELL)#
#2026 05 18 21:08:32.335#Z#DEBUG#97838b23-52fd-11f1-a8e5-eeee0a8b5973.axon-odata-api#flowable-async-job-executor-thread-20486#
[PollStartAppStatusExecution] d92b9203-13f2-4150-992d-a89b2ef18ea4 [2026-05-18T21:08:25.359278] Cell c839c7b1-088e-41af-b9b7-66256aacd457 successfully destroyed container for instance 4a4b44c0-601f-4ce9-70c6-33c1 (STDOUT, CELL)#
#2026 05 18 21:08:32.335#Z#DEBUG#97838b23-52fd-11f1-a8e5-eeee0a8b5973.axon-odata-api#flowable-async-job-executor-thread-20486#
[PollStartAppStatusExecution] d92b9203-13f2-4150-992d-a89b2ef18ea4 [2026-05-18T21:08:31.119171] Downloaded droplet (71.8M) (STDOUT, CELL)#
#2026 05 18 21:08:32.335#Z#DEBUG#97838b23-52fd-11f1-a8e5-eeee0a8b5973.axon-odata-api#flowable-async-job-executor-thread-20486#
[PollStartAppStatusExecution] d92b9203-13f2-4150-992d-a89b2ef18ea4 [2026-05-18T21:08:31.119337] Starting health monitoring of container (STDOUT, CELL)#
#2026 05 18 21:08:32.335#Z#DEBUG#97838b23-52fd-11f1-a8e5-eeee0a8b5973.axon-odata-api#flowable-async-job-executor-thread-20486#
[PollStartAppStatusExecution] d92b9203-13f2-4150-992d-a89b2ef18ea4 [2026-05-18T21:08:31.265912] Invoking pre-start scripts. (STDOUT, APP/PROC/WEB)#
#2026 05 18 21:08:32.335#Z#DEBUG#97838b23-52fd-11f1-a8e5-eeee0a8b5973.axon-odata-api#flowable-async-job-executor-thread-20486#
[PollStartAppStatusExecution] d92b9203-13f2-4150-992d-a89b2ef18ea4 [2026-05-18T21:08:31.499233] Invoking start command. (STDOUT, APP/PROC/WEB)#
#2026 05 18 21:08:32.335#Z#DEBUG#97838b23-52fd-11f1-a8e5-eeee0a8b5973.axon-odata-api#flowable-async-job-executor-thread-20486#
[PollStartAppStatusExecution] d92b9203-13f2-4150-992d-a89b2ef18ea4 [2026-05-18T21:08:31.582540] Deploying with options: { (STDOUT, APP/PROC/WEB)#
#2026 05 18 21:08:32.335#Z#DEBUG#97838b23-52fd-11f1-a8e5-eeee0a8b5973.axon-odata-api#flowable-async-job-executor-thread-20486#
[PollStartAppStatusExecution] d92b9203-13f2-4150-992d-a89b2ef18ea4 [2026-05-18T21:08:31.582571] kind: 'sqlite', (STDOUT, APP/PROC/WEB)#
#2026 05 18 21:08:32.335#Z#DEBUG#97838b23-52fd-11f1-a8e5-eeee0a8b5973.axon-odata-api#flowable-async-job-executor-thread-20486#
[PollStartAppStatusExecution] d92b9203-13f2-4150-992d-a89b2ef18ea4 [2026-05-18T21:08:31.582575] dialect: 'sqlite', (STDOUT, APP/PROC/WEB)#
#2026 05 18 21:08:32.335#Z#DEBUG#97838b23-52fd-11f1-a8e5-eeee0a8b5973.axon-odata-api#flowable-async-job-executor-thread-20486#
[PollStartAppStatusExecution] d92b9203-13f2-4150-992d-a89b2ef18ea4 [2026-05-18T21:08:31.582579] credentials: { profile: 'production' } (STDOUT, APP/PROC/WEB)#
#2026 05 18 21:08:32.335#Z#DEBUG#97838b23-52fd-11f1-a8e5-eeee0a8b5973.axon-odata-api#flowable-async-job-executor-thread-20486#
[PollStartAppStatusExecution] d92b9203-13f2-4150-992d-a89b2ef18ea4 [2026-05-18T21:08:31.582586] } { to: 'sqlite', profile: 'production' } (STDOUT, APP/PROC/WEB)#
#2026 05 18 21:08:42.393#Z#DEBUG#97838b23-52fd-11f1-a8e5-eeee0a8b5973.axon-odata-api#flowable-async-job-executor-thread-25785#
[PollStartAppStatusExecution] d92b9203-13f2-4150-992d-a89b2ef18ea4 [2026-05-18T21:08:32.216120] /> successfully deployed to in-memory database. (STDOUT, APP/PROC/WEB)#
#2026 05 18 21:08:42.393#Z#DEBUG#97838b23-52fd-11f1-a8e5-eeee0a8b5973.axon-odata-api#flowable-async-job-executor-thread-25785#
[PollStartAppStatusExecution] d92b9203-13f2-4150-992d-a89b2ef18ea4 [2026-05-18T21:08:32.231548] cp: cannot stat 'db.sqlite': No such file or directory (STDERR, APP/PROC/WEB)#
#2026 05 18 21:08:42.393#Z#DEBUG#97838b23-52fd-11f1-a8e5-eeee0a8b5973.axon-odata-api#flowable-async-job-executor-thread-25785#
[PollStartAppStatusExecution] d92b9203-13f2-4150-992d-a89b2ef18ea4 [2026-05-18T21:08:32.248639] Exit status 1 (STDOUT, APP/PROC/WEB)#
#2026 05 18 21:08:42.393#Z#DEBUG#97838b23-52fd-11f1-a8e5-eeee0a8b5973.axon-odata-api#flowable-async-job-executor-thread-25785#
[PollStartAppStatusExecution] d92b9203-13f2-4150-992d-a89b2ef18ea4 [2026-05-18T21:08:38.294015] Cell 684caff8-89cd-492b-be01-b3d0835f1763 stopping instance 2071d1da-1129-4ed4-7c8f-d1d5 (STDOUT, CELL)#
#2026 05 18 21:08:42.393#Z#DEBUG#97838b23-52fd-11f1-a8e5-eeee0a8b5973.axon-odata-api#flowable-async-job-executor-thread-25785#
[PollStartAppStatusExecution] d92b9203-13f2-4150-992d-a89b2ef18ea4 [2026-05-18T21:08:38.294058] Cell 684caff8-89cd-492b-be01-b3d0835f1763 destroying container for instance 2071d1da-1129-4ed4-7c8f-d1d5 (STDOUT, CELL)#
#2026 05 18 21:08:42.393#Z#DEBUG#97838b23-52fd-11f1-a8e5-eeee0a8b5973.axon-odata-api#flowable-async-job-executor-thread-25785#
[PollStartAppStatusExecution] d92b9203-13f2-4150-992d-a89b2ef18ea4 [2026-05-18T21:08:38.298765] Process has crashed with type: "web" (STDOUT, API)#
#2026 05 18 21:08:42.393#Z#DEBUG#97838b23-52fd-11f1-a8e5-eeee0a8b5973.axon-odata-api#flowable-async-job-executor-thread-25785#
[PollStartAppStatusExecution] d92b9203-13f2-4150-992d-a89b2ef18ea4 [2026-05-18T21:08:38.312301] App instance exited with guid d92b9203-13f2-4150-992d-a89b2ef18ea4 payload: {"instance"=>"2071d1da-1129-4ed4-7c8f-d1d5", "index"=>0, "cell_id"=>"684caff8-89cd-492b-be01-b3d0835f1763", "reason"=>"CRASHED", "exit_description"=>"APP/PROC/WEB: Exited with status 1", "crash_count"=>2, "crash_timestamp"=>1779138518275922513, "version"=>"9c06e9e2-2235-4251-8935-5f22fe546905"} (STDOUT, API)#
#2026 05 18 21:08:42.393#Z#DEBUG#97838b23-52fd-11f1-a8e5-eeee0a8b5973.axon-odata-api#flowable-async-job-executor-thread-25785#
[PollStartAppStatusExecution] d92b9203-13f2-4150-992d-a89b2ef18ea4 [2026-05-18T21:08:38.413201] Cell c839c7b1-088e-41af-b9b7-66256aacd457 creating container for instance 993cc791-13ec-4e75-49f4-f2f0 (STDOUT, CELL)#
#2026 05 18 21:08:42.393#Z#DEBUG#97838b23-52fd-11f1-a8e5-eeee0a8b5973.axon-odata-api#flowable-async-job-executor-thread-25785#
[PollStartAppStatusExecution] d92b9203-13f2-4150-992d-a89b2ef18ea4 [2026-05-18T21:08:38.531409] Exit status 137 (STDOUT, PROXY)#
#2026 05 18 21:08:42.393#Z#DEBUG#97838b23-52fd-11f1-a8e5-eeee0a8b5973.axon-odata-api#flowable-async-job-executor-thread-25785#
[PollStartAppStatusExecution] d92b9203-13f2-4150-992d-a89b2ef18ea4 [2026-05-18T21:08:39.255510] Security group rules were updated (STDOUT, CELL)#
#2026 05 18 21:08:42.393#Z#DEBUG#97838b23-52fd-11f1-a8e5-eeee0a8b5973.axon-odata-api#flowable-async-job-executor-thread-25785#
[PollStartAppStatusExecution] d92b9203-13f2-4150-992d-a89b2ef18ea4 [2026-05-18T21:08:39.362363] Cell c839c7b1-088e-41af-b9b7-66256aacd457 successfully created container for instance 993cc791-13ec-4e75-49f4-f2f0 (STDOUT, CELL)#
#2026 05 18 21:08:42.393#Z#DEBUG#97838b23-52fd-11f1-a8e5-eeee0a8b5973.axon-odata-api#flowable-async-job-executor-thread-25785#
[PollStartAppStatusExecution] d92b9203-13f2-4150-992d-a89b2ef18ea4 [2026-05-18T21:08:39.938854] Downloading droplet... (STDOUT, CELL)#
#2026 05 18 21:08:42.393#Z#DEBUG#97838b23-52fd-11f1-a8e5-eeee0a8b5973.axon-odata-api#flowable-async-job-executor-thread-25785#
[PollStartAppStatusExecution] d92b9203-13f2-4150-992d-a89b2ef18ea4 [2026-05-18T21:08:40.937556] Cell 684caff8-89cd-492b-be01-b3d0835f1763 successfully destroyed container for instance 2071d1da-1129-4ed4-7c8f-d1d5 (STDOUT, CELL)#
#2026 05 18 21:08:52.447#Z#DEBUG#97838b23-52fd-11f1-a8e5-eeee0a8b5973.axon-odata-api#flowable-async-job-executor-thread-25796#
[PollStartAppStatusExecution] d92b9203-13f2-4150-992d-a89b2ef18ea4 [2026-05-18T21:08:42.195613] Downloaded droplet (STDOUT, CELL)#
#2026 05 18 21:08:52.447#Z#DEBUG#97838b23-52fd-11f1-a8e5-eeee0a8b5973.axon-odata-api#flowable-async-job-executor-thread-25796#
[PollStartAppStatusExecution] d92b9203-13f2-4150-992d-a89b2ef18ea4 [2026-05-18T21:08:42.195854] Starting health monitoring of container (STDOUT, CELL)#
#2026 05 18 21:08:52.447#Z#DEBUG#97838b23-52fd-11f1-a8e5-eeee0a8b5973.axon-odata-api#flowable-async-job-executor-thread-25796#
[PollStartAppStatusExecution] d92b9203-13f2-4150-992d-a89b2ef18ea4 [2026-05-18T21:08:42.365521] Invoking pre-start scripts. (STDOUT, APP/PROC/WEB)#
#2026 05 18 21:08:52.447#Z#DEBUG#97838b23-52fd-11f1-a8e5-eeee0a8b5973.axon-odata-api#flowable-async-job-executor-thread-25796#
[PollStartAppStatusExecution] d92b9203-13f2-4150-992d-a89b2ef18ea4 [2026-05-18T21:08:42.634975] Invoking start command. (STDOUT, APP/PROC/WEB)#
#2026 05 18 21:08:52.447#Z#DEBUG#97838b23-52fd-11f1-a8e5-eeee0a8b5973.axon-odata-api#flowable-async-job-executor-thread-25796#
[PollStartAppStatusExecution] d92b9203-13f2-4150-992d-a89b2ef18ea4 [2026-05-18T21:08:42.751956] Deploying with options: { (STDOUT, APP/PROC/WEB)#
#2026 05 18 21:08:52.447#Z#DEBUG#97838b23-52fd-11f1-a8e5-eeee0a8b5973.axon-odata-api#flowable-async-job-executor-thread-25796#
[PollStartAppStatusExecution] d92b9203-13f2-4150-992d-a89b2ef18ea4 [2026-05-18T21:08:42.751993] kind: 'sqlite', (STDOUT, APP/PROC/WEB)#
#2026 05 18 21:08:52.447#Z#DEBUG#97838b23-52fd-11f1-a8e5-eeee0a8b5973.axon-odata-api#flowable-async-job-executor-thread-25796#
[PollStartAppStatusExecution] d92b9203-13f2-4150-992d-a89b2ef18ea4 [2026-05-18T21:08:42.751997] dialect: 'sqlite', (STDOUT, APP/PROC/WEB)#
#2026 05 18 21:08:52.447#Z#DEBUG#97838b23-52fd-11f1-a8e5-eeee0a8b5973.axon-odata-api#flowable-async-job-executor-thread-25796#
[PollStartAppStatusExecution] d92b9203-13f2-4150-992d-a89b2ef18ea4 [2026-05-18T21:08:42.752001] credentials: { profile: 'production' } (STDOUT, APP/PROC/WEB)#
#2026 05 18 21:08:52.447#Z#DEBUG#97838b23-52fd-11f1-a8e5-eeee0a8b5973.axon-odata-api#flowable-async-job-executor-thread-25796#
[PollStartAppStatusExecution] d92b9203-13f2-4150-992d-a89b2ef18ea4 [2026-05-18T21:08:42.752004] } { to: 'sqlite', profile: 'production' } (STDOUT, APP/PROC/WEB)#
#2026 05 18 21:08:52.447#Z#DEBUG#97838b23-52fd-11f1-a8e5-eeee0a8b5973.axon-odata-api#flowable-async-job-executor-thread-25796#
[PollStartAppStatusExecution] d92b9203-13f2-4150-992d-a89b2ef18ea4 [2026-05-18T21:08:43.464519] /> successfully deployed to in-memory database. (STDOUT, APP/PROC/WEB)#
#2026 05 18 21:08:52.447#Z#DEBUG#97838b23-52fd-11f1-a8e5-eeee0a8b5973.axon-odata-api#flowable-async-job-executor-thread-25796#
[PollStartAppStatusExecution] d92b9203-13f2-4150-992d-a89b2ef18ea4 [2026-05-18T21:08:43.483475] cp: cannot stat 'db.sqlite': No such file or directory (STDERR, APP/PROC/WEB)#
#2026 05 18 21:08:52.447#Z#DEBUG#97838b23-52fd-11f1-a8e5-eeee0a8b5973.axon-odata-api#flowable-async-job-executor-thread-25796#
[PollStartAppStatusExecution] d92b9203-13f2-4150-992d-a89b2ef18ea4 [2026-05-18T21:08:43.492048] Exit status 1 (STDOUT, APP/PROC/WEB)#
#2026 05 18 21:08:52.447#Z#DEBUG#97838b23-52fd-11f1-a8e5-eeee0a8b5973.axon-odata-api#flowable-async-job-executor-thread-25796#
[PollStartAppStatusExecution] d92b9203-13f2-4150-992d-a89b2ef18ea4 [2026-05-18T21:08:50.731830] Cell c839c7b1-088e-41af-b9b7-66256aacd457 stopping instance 993cc791-13ec-4e75-49f4-f2f0 (STDOUT, CELL)#
#2026 05 18 21:08:52.447#Z#DEBUG#97838b23-52fd-11f1-a8e5-eeee0a8b5973.axon-odata-api#flowable-async-job-executor-thread-25796#
[PollStartAppStatusExecution] d92b9203-13f2-4150-992d-a89b2ef18ea4 [2026-05-18T21:08:50.731877] Cell c839c7b1-088e-41af-b9b7-66256aacd457 destroying container for instance 993cc791-13ec-4e75-49f4-f2f0 (STDOUT, CELL)#
#2026 05 18 21:08:52.447#Z#DEBUG#97838b23-52fd-11f1-a8e5-eeee0a8b5973.axon-odata-api#flowable-async-job-executor-thread-25796#
[PollStartAppStatusExecution] d92b9203-13f2-4150-992d-a89b2ef18ea4 [2026-05-18T21:08:50.749617] Process has crashed with type: "web" (STDOUT, API)#
#2026 05 18 21:08:52.447#Z#DEBUG#97838b23-52fd-11f1-a8e5-eeee0a8b5973.axon-odata-api#flowable-async-job-executor-thread-25796#
[PollStartAppStatusExecution] d92b9203-13f2-4150-992d-a89b2ef18ea4 [2026-05-18T21:08:50.762171] App instance exited with guid d92b9203-13f2-4150-992d-a89b2ef18ea4 payload: {"instance"=>"993cc791-13ec-4e75-49f4-f2f0", "index"=>0, "cell_id"=>"c839c7b1-088e-41af-b9b7-66256aacd457", "reason"=>"CRASHED", "exit_description"=>"APP/PROC/WEB: Exited with status 1", "crash_count"=>3, "crash_timestamp"=>1779138530727282332, "version"=>"9c06e9e2-2235-4251-8935-5f22fe546905"} (STDOUT, API)#
#2026 05 18 21:08:52.447#Z#DEBUG#97838b23-52fd-11f1-a8e5-eeee0a8b5973.axon-odata-api#flowable-async-job-executor-thread-25796#
[PollStartAppStatusExecution] d92b9203-13f2-4150-992d-a89b2ef18ea4 [2026-05-18T21:08:51.003524] Exit status 137 (STDOUT, PROXY)#
#2026 05 18 21:09:02.557#Z#DEBUG#97838b23-52fd-11f1-a8e5-eeee0a8b5973.axon-odata-api#flowable-async-job-executor-thread-25801#
[PollStartAppStatusExecution] d92b9203-13f2-4150-992d-a89b2ef18ea4 [2026-05-18T21:08:42.195613] Downloaded droplet (STDOUT, CELL)#
#2026 05 18 21:09:02.557#Z#DEBUG#97838b23-52fd-11f1-a8e5-eeee0a8b5973.axon-odata-api#flowable-async-job-executor-thread-25801#
[PollStartAppStatusExecution] d92b9203-13f2-4150-992d-a89b2ef18ea4 [2026-05-18T21:08:42.195854] Starting health monitoring of container (STDOUT, CELL)#
#2026 05 18 21:09:02.557#Z#DEBUG#97838b23-52fd-11f1-a8e5-eeee0a8b5973.axon-odata-api#flowable-async-job-executor-thread-25801#
[PollStartAppStatusExecution] d92b9203-13f2-4150-992d-a89b2ef18ea4 [2026-05-18T21:08:42.365521] Invoking pre-start scripts. (STDOUT, APP/PROC/WEB)#
#2026 05 18 21:09:02.557#Z#DEBUG#97838b23-52fd-11f1-a8e5-eeee0a8b5973.axon-odata-api#flowable-async-job-executor-thread-25801#
[PollStartAppStatusExecution] d92b9203-13f2-4150-992d-a89b2ef18ea4 [2026-05-18T21:08:42.634975] Invoking start command. (STDOUT, APP/PROC/WEB)#
#2026 05 18 21:09:02.557#Z#DEBUG#97838b23-52fd-11f1-a8e5-eeee0a8b5973.axon-odata-api#flowable-async-job-executor-thread-25801#
[PollStartAppStatusExecution] d92b9203-13f2-4150-992d-a89b2ef18ea4 [2026-05-18T21:08:42.751956] Deploying with options: { (STDOUT, APP/PROC/WEB)#
#2026 05 18 21:09:02.557#Z#DEBUG#97838b23-52fd-11f1-a8e5-eeee0a8b5973.axon-odata-api#flowable-async-job-executor-thread-25801#
[PollStartAppStatusExecution] d92b9203-13f2-4150-992d-a89b2ef18ea4 [2026-05-18T21:08:42.751993] kind: 'sqlite', (STDOUT, APP/PROC/WEB)#
#2026 05 18 21:09:02.557#Z#DEBUG#97838b23-52fd-11f1-a8e5-eeee0a8b5973.axon-odata-api#flowable-async-job-executor-thread-25801#
[PollStartAppStatusExecution] d92b9203-13f2-4150-992d-a89b2ef18ea4 [2026-05-18T21:08:42.751997] dialect: 'sqlite', (STDOUT, APP/PROC/WEB)#
#2026 05 18 21:09:02.557#Z#DEBUG#97838b23-52fd-11f1-a8e5-eeee0a8b5973.axon-odata-api#flowable-async-job-executor-thread-25801#
[PollStartAppStatusExecution] d92b9203-13f2-4150-992d-a89b2ef18ea4 [2026-05-18T21:08:42.752001] credentials: { profile: 'production' } (STDOUT, APP/PROC/WEB)#
#2026 05 18 21:09:02.557#Z#DEBUG#97838b23-52fd-11f1-a8e5-eeee0a8b5973.axon-odata-api#flowable-async-job-executor-thread-25801#
[PollStartAppStatusExecution] d92b9203-13f2-4150-992d-a89b2ef18ea4 [2026-05-18T21:08:42.752004] } { to: 'sqlite', profile: 'production' } (STDOUT, APP/PROC/WEB)#
#2026 05 18 21:09:02.557#Z#DEBUG#97838b23-52fd-11f1-a8e5-eeee0a8b5973.axon-odata-api#flowable-async-job-executor-thread-25801#
[PollStartAppStatusExecution] d92b9203-13f2-4150-992d-a89b2ef18ea4 [2026-05-18T21:08:43.464519] /> successfully deployed to in-memory database. (STDOUT, APP/PROC/WEB)#
#2026 05 18 21:09:02.557#Z#DEBUG#97838b23-52fd-11f1-a8e5-eeee0a8b5973.axon-odata-api#flowable-async-job-executor-thread-25801#
[PollStartAppStatusExecution] d92b9203-13f2-4150-992d-a89b2ef18ea4 [2026-05-18T21:08:43.483475] cp: cannot stat 'db.sqlite': No such file or directory (STDERR, APP/PROC/WEB)#
#2026 05 18 21:09:02.557#Z#DEBUG#97838b23-52fd-11f1-a8e5-eeee0a8b5973.axon-odata-api#flowable-async-job-executor-thread-25801#
[PollStartAppStatusExecution] d92b9203-13f2-4150-992d-a89b2ef18ea4 [2026-05-18T21:08:43.492048] Exit status 1 (STDOUT, APP/PROC/WEB)#
#2026 05 18 21:09:02.557#Z#DEBUG#97838b23-52fd-11f1-a8e5-eeee0a8b5973.axon-odata-api#flowable-async-job-executor-thread-25801#
[PollStartAppStatusExecution] d92b9203-13f2-4150-992d-a89b2ef18ea4 [2026-05-18T21:08:50.731830] Cell c839c7b1-088e-41af-b9b7-66256aacd457 stopping instance 993cc791-13ec-4e75-49f4-f2f0 (STDOUT, CELL)#
#2026 05 18 21:09:02.557#Z#DEBUG#97838b23-52fd-11f1-a8e5-eeee0a8b5973.axon-odata-api#flowable-async-job-executor-thread-25801#
[PollStartAppStatusExecution] d92b9203-13f2-4150-992d-a89b2ef18ea4 [2026-05-18T21:08:50.731877] Cell c839c7b1-088e-41af-b9b7-66256aacd457 destroying container for instance 993cc791-13ec-4e75-49f4-f2f0 (STDOUT, CELL)#
#2026 05 18 21:09:02.557#Z#DEBUG#97838b23-52fd-11f1-a8e5-eeee0a8b5973.axon-odata-api#flowable-async-job-executor-thread-25801#
[PollStartAppStatusExecution] d92b9203-13f2-4150-992d-a89b2ef18ea4 [2026-05-18T21:08:50.749617] Process has crashed with type: "web" (STDOUT, API)#
#2026 05 18 21:09:02.557#Z#DEBUG#97838b23-52fd-11f1-a8e5-eeee0a8b5973.axon-odata-api#flowable-async-job-executor-thread-25801#
[PollStartAppStatusExecution] d92b9203-13f2-4150-992d-a89b2ef18ea4 [2026-05-18T21:08:50.762171] App instance exited with guid d92b9203-13f2-4150-992d-a89b2ef18ea4 payload: {"instance"=>"993cc791-13ec-4e75-49f4-f2f0", "index"=>0, "cell_id"=>"c839c7b1-088e-41af-b9b7-66256aacd457", "reason"=>"CRASHED", "exit_description"=>"APP/PROC/WEB: Exited with status 1", "crash_count"=>3, "crash_timestamp"=>1779138530727282332, "version"=>"9c06e9e2-2235-4251-8935-5f22fe546905"} (STDOUT, API)#
#2026 05 18 21:09:02.557#Z#DEBUG#97838b23-52fd-11f1-a8e5-eeee0a8b5973.axon-odata-api#flowable-async-job-executor-thread-25801#
[PollStartAppStatusExecution] d92b9203-13f2-4150-992d-a89b2ef18ea4 [2026-05-18T21:08:51.003524] Exit status 137 (STDOUT, PROXY)#
#2026 05 18 21:09:02.557#Z#DEBUG#97838b23-52fd-11f1-a8e5-eeee0a8b5973.axon-odata-api#flowable-async-job-executor-thread-25801#
[PollStartAppStatusExecution] d92b9203-13f2-4150-992d-a89b2ef18ea4 [2026-05-18T21:08:53.503195] Cell c839c7b1-088e-41af-b9b7-66256aacd457 successfully destroyed container for instance 993cc791-13ec-4e75-49f4-f2f0 (STDOUT, CELL)#
#2026 05 18 21:09:02.557#Z#DEBUG#97838b23-52fd-11f1-a8e5-eeee0a8b5973.axon-odata-api#flowable-async-job-executor-thread-25801#
[PollStartAppStatusExecution] d92b9203-13f2-4150-992d-a89b2ef18ea4 [2026-05-18T21:08:56.137772] Stopping app with guid d92b9203-13f2-4150-992d-a89b2ef18ea4 (STDOUT, API)#
#2026 05 18 21:09:02.557#Z#DEBUG#97838b23-52fd-11f1-a8e5-eeee0a8b5973.axon-odata-api#flowable-async-job-executor-thread-25801#
[PollStartAppStatusExecution] d92b9203-13f2-4150-992d-a89b2ef18ea4 [2026-05-18T21:08:56.316768] Starting app with guid d92b9203-13f2-4150-992d-a89b2ef18ea4 (STDOUT, API)#
#2026 05 18 21:09:02.557#Z#DEBUG#97838b23-52fd-11f1-a8e5-eeee0a8b5973.axon-odata-api#flowable-async-job-executor-thread-25801#
[PollStartAppStatusExecution] d92b9203-13f2-4150-992d-a89b2ef18ea4 [2026-05-18T21:08:56.529477] Cell c839c7b1-088e-41af-b9b7-66256aacd457 creating container for instance 8b675b71-c66a-4e7f-5d34-cd41 (STDOUT, CELL)#
#2026 05 18 21:09:02.557#Z#DEBUG#97838b23-52fd-11f1-a8e5-eeee0a8b5973.axon-odata-api#flowable-async-job-executor-thread-25801#
[PollStartAppStatusExecution] d92b9203-13f2-4150-992d-a89b2ef18ea4 [2026-05-18T21:08:57.552564] Security group rules were updated (STDOUT, CELL)#
#2026 05 18 21:09:02.557#Z#DEBUG#97838b23-52fd-11f1-a8e5-eeee0a8b5973.axon-odata-api#flowable-async-job-executor-thread-25801#
[PollStartAppStatusExecution] d92b9203-13f2-4150-992d-a89b2ef18ea4 [2026-05-18T21:08:57.663168] Cell c839c7b1-088e-41af-b9b7-66256aacd457 successfully created container for instance 8b675b71-c66a-4e7f-5d34-cd41 (STDOUT, CELL)#
#2026 05 18 21:09:02.557#Z#DEBUG#97838b23-52fd-11f1-a8e5-eeee0a8b5973.axon-odata-api#flowable-async-job-executor-thread-25801#
[PollStartAppStatusExecution] d92b9203-13f2-4150-992d-a89b2ef18ea4 [2026-05-18T21:08:58.339757] Downloading droplet... (STDOUT, CELL)#
#2026 05 18 21:09:12.469#Z#DEBUG#97838b23-52fd-11f1-a8e5-eeee0a8b5973.axon-odata-api#flowable-async-job-executor-thread-25806#
[PollStartAppStatusExecution] d92b9203-13f2-4150-992d-a89b2ef18ea4 [2026-05-18T21:09:04.306660] Downloaded droplet (71.8M) (STDOUT, CELL)#
#2026 05 18 21:09:12.469#Z#DEBUG#97838b23-52fd-11f1-a8e5-eeee0a8b5973.axon-odata-api#flowable-async-job-executor-thread-25806#
[PollStartAppStatusExecution] d92b9203-13f2-4150-992d-a89b2ef18ea4 [2026-05-18T21:09:04.306809] Starting health monitoring of container (STDOUT, CELL)#
#2026 05 18 21:09:12.469#Z#DEBUG#97838b23-52fd-11f1-a8e5-eeee0a8b5973.axon-odata-api#flowable-async-job-executor-thread-25806#
[PollStartAppStatusExecution] d92b9203-13f2-4150-992d-a89b2ef18ea4 [2026-05-18T21:09:04.478388] Invoking pre-start scripts. (STDOUT, APP/PROC/WEB)#
#2026 05 18 21:09:12.469#Z#DEBUG#97838b23-52fd-11f1-a8e5-eeee0a8b5973.axon-odata-api#flowable-async-job-executor-thread-25806#
[PollStartAppStatusExecution] d92b9203-13f2-4150-992d-a89b2ef18ea4 [2026-05-18T21:09:04.754378] Invoking start command. (STDOUT, APP/PROC/WEB)#
#2026 05 18 21:09:12.469#Z#DEBUG#97838b23-52fd-11f1-a8e5-eeee0a8b5973.axon-odata-api#flowable-async-job-executor-thread-25806#
[PollStartAppStatusExecution] d92b9203-13f2-4150-992d-a89b2ef18ea4 [2026-05-18T21:09:04.831884] Deploying with options: { (STDOUT, APP/PROC/WEB)#
#2026 05 18 21:09:12.469#Z#DEBUG#97838b23-52fd-11f1-a8e5-eeee0a8b5973.axon-odata-api#flowable-async-job-executor-thread-25806#
[PollStartAppStatusExecution] d92b9203-13f2-4150-992d-a89b2ef18ea4 [2026-05-18T21:09:04.831918] kind: 'sqlite', (STDOUT, APP/PROC/WEB)#
#2026 05 18 21:09:12.469#Z#DEBUG#97838b23-52fd-11f1-a8e5-eeee0a8b5973.axon-odata-api#flowable-async-job-executor-thread-25806#
[PollStartAppStatusExecution] d92b9203-13f2-4150-992d-a89b2ef18ea4 [2026-05-18T21:09:04.831921] dialect: 'sqlite', (STDOUT, APP/PROC/WEB)#
#2026 05 18 21:09:12.469#Z#DEBUG#97838b23-52fd-11f1-a8e5-eeee0a8b5973.axon-odata-api#flowable-async-job-executor-thread-25806#
[PollStartAppStatusExecution] d92b9203-13f2-4150-992d-a89b2ef18ea4 [2026-05-18T21:09:04.831929] credentials: { profile: 'production' } (STDOUT, APP/PROC/WEB)#
#2026 05 18 21:09:12.469#Z#DEBUG#97838b23-52fd-11f1-a8e5-eeee0a8b5973.axon-odata-api#flowable-async-job-executor-thread-25806#
[PollStartAppStatusExecution] d92b9203-13f2-4150-992d-a89b2ef18ea4 [2026-05-18T21:09:04.831933] } { to: 'sqlite', profile: 'production' } (STDOUT, APP/PROC/WEB)#
#2026 05 18 21:09:12.469#Z#DEBUG#97838b23-52fd-11f1-a8e5-eeee0a8b5973.axon-odata-api#flowable-async-job-executor-thread-25806#
[PollStartAppStatusExecution] d92b9203-13f2-4150-992d-a89b2ef18ea4 [2026-05-18T21:09:05.483468] /> successfully deployed to in-memory database. (STDOUT, APP/PROC/WEB)#
#2026 05 18 21:09:12.469#Z#DEBUG#97838b23-52fd-11f1-a8e5-eeee0a8b5973.axon-odata-api#flowable-async-job-executor-thread-25806#
[PollStartAppStatusExecution] d92b9203-13f2-4150-992d-a89b2ef18ea4 [2026-05-18T21:09:05.502758] cp: cannot stat 'db.sqlite': No such file or directory (STDERR, APP/PROC/WEB)#
#2026 05 18 21:09:12.469#Z#DEBUG#97838b23-52fd-11f1-a8e5-eeee0a8b5973.axon-odata-api#flowable-async-job-executor-thread-25806#
[PollStartAppStatusExecution] d92b9203-13f2-4150-992d-a89b2ef18ea4 [2026-05-18T21:09:05.515504] Exit status 1 (STDOUT, APP/PROC/WEB)#
#2026 05 18 21:09:12.469#Z#DEBUG#97838b23-52fd-11f1-a8e5-eeee0a8b5973.axon-odata-api#flowable-async-job-executor-thread-25806#
[PollStartAppStatusExecution] d92b9203-13f2-4150-992d-a89b2ef18ea4 [2026-05-18T21:09:12.022525] Cell c839c7b1-088e-41af-b9b7-66256aacd457 stopping instance 8b675b71-c66a-4e7f-5d34-cd41 (STDOUT, CELL)#
#2026 05 18 21:09:12.469#Z#DEBUG#97838b23-52fd-11f1-a8e5-eeee0a8b5973.axon-odata-api#flowable-async-job-executor-thread-25806#
[PollStartAppStatusExecution] d92b9203-13f2-4150-992d-a89b2ef18ea4 [2026-05-18T21:09:12.022585] Cell c839c7b1-088e-41af-b9b7-66256aacd457 destroying container for instance 8b675b71-c66a-4e7f-5d34-cd41 (STDOUT, CELL)#
#2026 05 18 21:09:12.469#Z#DEBUG#97838b23-52fd-11f1-a8e5-eeee0a8b5973.axon-odata-api#flowable-async-job-executor-thread-25806#
[PollStartAppStatusExecution] d92b9203-13f2-4150-992d-a89b2ef18ea4 [2026-05-18T21:09:12.027227] Process has crashed with type: "web" (STDOUT, API)#
#2026 05 18 21:09:12.469#Z#DEBUG#97838b23-52fd-11f1-a8e5-eeee0a8b5973.axon-odata-api#flowable-async-job-executor-thread-25806#
[PollStartAppStatusExecution] d92b9203-13f2-4150-992d-a89b2ef18ea4 [2026-05-18T21:09:12.042562] App instance exited with guid d92b9203-13f2-4150-992d-a89b2ef18ea4 payload: {"instance"=>"8b675b71-c66a-4e7f-5d34-cd41", "index"=>0, "cell_id"=>"c839c7b1-088e-41af-b9b7-66256aacd457", "reason"=>"CRASHED", "exit_description"=>"APP/PROC/WEB: Exited with status 1", "crash_count"=>1, "crash_timestamp"=>1779138552002253925, "version"=>"cf4f135e-75a7-4bb7-8041-17219d68544a"} (STDOUT, API)#
#2026 05 18 21:09:22.520#Z#DEBUG#97838b23-52fd-11f1-a8e5-eeee0a8b5973.axon-odata-api#flowable-async-job-executor-thread-25816#
[PollStartAppStatusExecution] d92b9203-13f2-4150-992d-a89b2ef18ea4 [2026-05-18T21:09:12.143671] Cell d1cc041a-d5a1-41d6-b9f6-6cda736ce3f0 creating container for instance e060e60d-ff9f-4cad-4d06-bfc1 (STDOUT, CELL)#
#2026 05 18 21:09:22.520#Z#DEBUG#97838b23-52fd-11f1-a8e5-eeee0a8b5973.axon-odata-api#flowable-async-job-executor-thread-25816#
[PollStartAppStatusExecution] d92b9203-13f2-4150-992d-a89b2ef18ea4 [2026-05-18T21:09:12.236571] Exit status 137 (STDOUT, PROXY)#
#2026 05 18 21:09:22.520#Z#DEBUG#97838b23-52fd-11f1-a8e5-eeee0a8b5973.axon-odata-api#flowable-async-job-executor-thread-25816#
[PollStartAppStatusExecution] d92b9203-13f2-4150-992d-a89b2ef18ea4 [2026-05-18T21:09:13.138121] Security group rules were updated (STDOUT, CELL)#
#2026 05 18 21:09:22.520#Z#DEBUG#97838b23-52fd-11f1-a8e5-eeee0a8b5973.axon-odata-api#flowable-async-job-executor-thread-25816#
[PollStartAppStatusExecution] d92b9203-13f2-4150-992d-a89b2ef18ea4 [2026-05-18T21:09:13.237129] Cell d1cc041a-d5a1-41d6-b9f6-6cda736ce3f0 successfully created container for instance e060e60d-ff9f-4cad-4d06-bfc1 (STDOUT, CELL)#
#2026 05 18 21:09:22.520#Z#DEBUG#97838b23-52fd-11f1-a8e5-eeee0a8b5973.axon-odata-api#flowable-async-job-executor-thread-25816#
[PollStartAppStatusExecution] d92b9203-13f2-4150-992d-a89b2ef18ea4 [2026-05-18T21:09:13.923527] Downloading droplet... (STDOUT, CELL)#
#2026 05 18 21:09:22.520#Z#DEBUG#97838b23-52fd-11f1-a8e5-eeee0a8b5973.axon-odata-api#flowable-async-job-executor-thread-25816#
[PollStartAppStatusExecution] d92b9203-13f2-4150-992d-a89b2ef18ea4 [2026-05-18T21:09:14.753883] Cell c839c7b1-088e-41af-b9b7-66256aacd457 successfully destroyed container for instance 8b675b71-c66a-4e7f-5d34-cd41 (STDOUT, CELL)#
#2026 05 18 21:09:22.520#Z#DEBUG#97838b23-52fd-11f1-a8e5-eeee0a8b5973.axon-odata-api#flowable-async-job-executor-thread-25816#
[PollStartAppStatusExecution] d92b9203-13f2-4150-992d-a89b2ef18ea4 [2026-05-18T21:09:19.977371] Downloaded droplet (71.8M) (STDOUT, CELL)#
#2026 05 18 21:09:22.520#Z#DEBUG#97838b23-52fd-11f1-a8e5-eeee0a8b5973.axon-odata-api#flowable-async-job-executor-thread-25816#
[PollStartAppStatusExecution] d92b9203-13f2-4150-992d-a89b2ef18ea4 [2026-05-18T21:09:19.977517] Starting health monitoring of container (STDOUT, CELL)#
#2026 05 18 21:09:22.520#Z#DEBUG#97838b23-52fd-11f1-a8e5-eeee0a8b5973.axon-odata-api#flowable-async-job-executor-thread-25816#
[PollStartAppStatusExecution] d92b9203-13f2-4150-992d-a89b2ef18ea4 [2026-05-18T21:09:20.128483] Invoking pre-start scripts. (STDOUT, APP/PROC/WEB)#
#2026 05 18 21:09:22.520#Z#DEBUG#97838b23-52fd-11f1-a8e5-eeee0a8b5973.axon-odata-api#flowable-async-job-executor-thread-25816#
[PollStartAppStatusExecution] d92b9203-13f2-4150-992d-a89b2ef18ea4 [2026-05-18T21:09:20.367623] Invoking start command. (STDOUT, APP/PROC/WEB)#
#2026 05 18 21:09:22.520#Z#DEBUG#97838b23-52fd-11f1-a8e5-eeee0a8b5973.axon-odata-api#flowable-async-job-executor-thread-25816#
[PollStartAppStatusExecution] d92b9203-13f2-4150-992d-a89b2ef18ea4 [2026-05-18T21:09:20.461825] Deploying with options: { (STDOUT, APP/PROC/WEB)#
#2026 05 18 21:09:22.520#Z#DEBUG#97838b23-52fd-11f1-a8e5-eeee0a8b5973.axon-odata-api#flowable-async-job-executor-thread-25816#
[PollStartAppStatusExecution] d92b9203-13f2-4150-992d-a89b2ef18ea4 [2026-05-18T21:09:20.461858] kind: 'sqlite', (STDOUT, APP/PROC/WEB)#
#2026 05 18 21:09:22.520#Z#DEBUG#97838b23-52fd-11f1-a8e5-eeee0a8b5973.axon-odata-api#flowable-async-job-executor-thread-25816#
[PollStartAppStatusExecution] d92b9203-13f2-4150-992d-a89b2ef18ea4 [2026-05-18T21:09:20.461862] dialect: 'sqlite', (STDOUT, APP/PROC/WEB)#
#2026 05 18 21:09:22.520#Z#DEBUG#97838b23-52fd-11f1-a8e5-eeee0a8b5973.axon-odata-api#flowable-async-job-executor-thread-25816#
[PollStartAppStatusExecution] d92b9203-13f2-4150-992d-a89b2ef18ea4 [2026-05-18T21:09:20.461895] credentials: { profile: 'production' } (STDOUT, APP/PROC/WEB)#
#2026 05 18 21:09:22.520#Z#DEBUG#97838b23-52fd-11f1-a8e5-eeee0a8b5973.axon-odata-api#flowable-async-job-executor-thread-25816#
[PollStartAppStatusExecution] d92b9203-13f2-4150-992d-a89b2ef18ea4 [2026-05-18T21:09:20.461897] } { to: 'sqlite', profile: 'production' } (STDOUT, APP/PROC/WEB)#
#2026 05 18 21:09:22.520#Z#DEBUG#97838b23-52fd-11f1-a8e5-eeee0a8b5973.axon-odata-api#flowable-async-job-executor-thread-25816#
[PollStartAppStatusExecution] d92b9203-13f2-4150-992d-a89b2ef18ea4 [2026-05-18T21:09:21.073197] /> successfully deployed to in-memory database. (STDOUT, APP/PROC/WEB)#
#2026 05 18 21:09:22.520#Z#DEBUG#97838b23-52fd-11f1-a8e5-eeee0a8b5973.axon-odata-api#flowable-async-job-executor-thread-25816#
[PollStartAppStatusExecution] d92b9203-13f2-4150-992d-a89b2ef18ea4 [2026-05-18T21:09:21.088921] cp: cannot stat 'db.sqlite': No such file or directory (STDERR, APP/PROC/WEB)#
#2026 05 18 21:09:22.520#Z#DEBUG#97838b23-52fd-11f1-a8e5-eeee0a8b5973.axon-odata-api#flowable-async-job-executor-thread-25816#
[PollStartAppStatusExecution] d92b9203-13f2-4150-992d-a89b2ef18ea4 [2026-05-18T21:09:21.109047] Exit status 1 (STDOUT, APP/PROC/WEB)#
#2026 05 18 21:09:32.576#Z#DEBUG#97838b23-52fd-11f1-a8e5-eeee0a8b5973.axon-odata-api#flowable-async-job-executor-thread-20482#
[PollStartAppStatusExecution] d92b9203-13f2-4150-992d-a89b2ef18ea4 [2026-05-18T21:09:28.055210] Cell d1cc041a-d5a1-41d6-b9f6-6cda736ce3f0 stopping instance e060e60d-ff9f-4cad-4d06-bfc1 (STDOUT, CELL)#
#2026 05 18 21:09:32.576#Z#DEBUG#97838b23-52fd-11f1-a8e5-eeee0a8b5973.axon-odata-api#flowable-async-job-executor-thread-20482#
[PollStartAppStatusExecution] d92b9203-13f2-4150-992d-a89b2ef18ea4 [2026-05-18T21:09:28.055286] Cell d1cc041a-d5a1-41d6-b9f6-6cda736ce3f0 destroying container for instance e060e60d-ff9f-4cad-4d06-bfc1 (STDOUT, CELL)#
#2026 05 18 21:09:32.576#Z#DEBUG#97838b23-52fd-11f1-a8e5-eeee0a8b5973.axon-odata-api#flowable-async-job-executor-thread-20482#
[PollStartAppStatusExecution] d92b9203-13f2-4150-992d-a89b2ef18ea4 [2026-05-18T21:09:28.058955] Process has crashed with type: "web" (STDOUT, API)#
#2026 05 18 21:09:32.576#Z#DEBUG#97838b23-52fd-11f1-a8e5-eeee0a8b5973.axon-odata-api#flowable-async-job-executor-thread-20482#
[PollStartAppStatusExecution] d92b9203-13f2-4150-992d-a89b2ef18ea4 [2026-05-18T21:09:28.070471] App instance exited with guid d92b9203-13f2-4150-992d-a89b2ef18ea4 payload: {"instance"=>"e060e60d-ff9f-4cad-4d06-bfc1", "index"=>0, "cell_id"=>"d1cc041a-d5a1-41d6-b9f6-6cda736ce3f0", "reason"=>"CRASHED", "exit_description"=>"APP/PROC/WEB: Exited with status 1", "crash_count"=>2, "crash_timestamp"=>1779138568037029821, "version"=>"cf4f135e-75a7-4bb7-8041-17219d68544a"} (STDOUT, API)#
#2026 05 18 21:09:32.576#Z#DEBUG#97838b23-52fd-11f1-a8e5-eeee0a8b5973.axon-odata-api#flowable-async-job-executor-thread-20482#
[PollStartAppStatusExecution] d92b9203-13f2-4150-992d-a89b2ef18ea4 [2026-05-18T21:09:28.175315] Cell 77283d80-dfa7-40ba-ba4e-265aef112085 creating container for instance 481e217f-9900-4c36-6059-e49b (STDOUT, CELL)#
#2026 05 18 21:09:32.576#Z#DEBUG#97838b23-52fd-11f1-a8e5-eeee0a8b5973.axon-odata-api#flowable-async-job-executor-thread-20482#
[PollStartAppStatusExecution] d92b9203-13f2-4150-992d-a89b2ef18ea4 [2026-05-18T21:09:28.305957] Exit status 137 (STDOUT, PROXY)#
#2026 05 18 21:09:32.576#Z#DEBUG#97838b23-52fd-11f1-a8e5-eeee0a8b5973.axon-odata-api#flowable-async-job-executor-thread-20482#
[PollStartAppStatusExecution] d92b9203-13f2-4150-992d-a89b2ef18ea4 [2026-05-18T21:09:29.101727] Security group rules were updated (STDOUT, CELL)#
#2026 05 18 21:09:32.576#Z#DEBUG#97838b23-52fd-11f1-a8e5-eeee0a8b5973.axon-odata-api#flowable-async-job-executor-thread-20482#
[PollStartAppStatusExecution] d92b9203-13f2-4150-992d-a89b2ef18ea4 [2026-05-18T21:09:29.217063] Cell 77283d80-dfa7-40ba-ba4e-265aef112085 successfully created container for instance 481e217f-9900-4c36-6059-e49b (STDOUT, CELL)#
#2026 05 18 21:09:32.576#Z#DEBUG#97838b23-52fd-11f1-a8e5-eeee0a8b5973.axon-odata-api#flowable-async-job-executor-thread-20482#
[PollStartAppStatusExecution] d92b9203-13f2-4150-992d-a89b2ef18ea4 [2026-05-18T21:09:30.162806] Downloading droplet... (STDOUT, CELL)#
#2026 05 18 21:09:32.576#Z#DEBUG#97838b23-52fd-11f1-a8e5-eeee0a8b5973.axon-odata-api#flowable-async-job-executor-thread-20482#
[PollStartAppStatusExecution] d92b9203-13f2-4150-992d-a89b2ef18ea4 [2026-05-18T21:09:30.854645] Cell d1cc041a-d5a1-41d6-b9f6-6cda736ce3f0 successfully destroyed container for instance e060e60d-ff9f-4cad-4d06-bfc1 (STDOUT, CELL)#
#2026 05 18 21:09:42.560#Z#DEBUG#97838b23-52fd-11f1-a8e5-eeee0a8b5973.axon-odata-api#flowable-async-job-executor-thread-25833#
[PollStartAppStatusExecution] d92b9203-13f2-4150-992d-a89b2ef18ea4 [2026-05-18T21:09:36.662502] Downloaded droplet (71.8M) (STDOUT, CELL)#
#2026 05 18 21:09:42.560#Z#DEBUG#97838b23-52fd-11f1-a8e5-eeee0a8b5973.axon-odata-api#flowable-async-job-executor-thread-25833#
[PollStartAppStatusExecution] d92b9203-13f2-4150-992d-a89b2ef18ea4 [2026-05-18T21:09:36.662729] Starting health monitoring of container (STDOUT, CELL)#
#2026 05 18 21:09:42.560#Z#DEBUG#97838b23-52fd-11f1-a8e5-eeee0a8b5973.axon-odata-api#flowable-async-job-executor-thread-25833#
[PollStartAppStatusExecution] d92b9203-13f2-4150-992d-a89b2ef18ea4 [2026-05-18T21:09:36.839211] Invoking pre-start scripts. (STDOUT, APP/PROC/WEB)#
#2026 05 18 21:09:42.560#Z#DEBUG#97838b23-52fd-11f1-a8e5-eeee0a8b5973.axon-odata-api#flowable-async-job-executor-thread-25833#
[PollStartAppStatusExecution] d92b9203-13f2-4150-992d-a89b2ef18ea4 [2026-05-18T21:09:37.113305] Invoking start command. (STDOUT, APP/PROC/WEB)#
#2026 05 18 21:09:42.560#Z#DEBUG#97838b23-52fd-11f1-a8e5-eeee0a8b5973.axon-odata-api#flowable-async-job-executor-thread-25833#
[PollStartAppStatusExecution] d92b9203-13f2-4150-992d-a89b2ef18ea4 [2026-05-18T21:09:37.196154] Deploying with options: { (STDOUT, APP/PROC/WEB)#
#2026 05 18 21:09:42.560#Z#DEBUG#97838b23-52fd-11f1-a8e5-eeee0a8b5973.axon-odata-api#flowable-async-job-executor-thread-25833#
[PollStartAppStatusExecution] d92b9203-13f2-4150-992d-a89b2ef18ea4 [2026-05-18T21:09:37.196187] kind: 'sqlite', (STDOUT, APP/PROC/WEB)#
#2026 05 18 21:09:42.560#Z#DEBUG#97838b23-52fd-11f1-a8e5-eeee0a8b5973.axon-odata-api#flowable-async-job-executor-thread-25833#
[PollStartAppStatusExecution] d92b9203-13f2-4150-992d-a89b2ef18ea4 [2026-05-18T21:09:37.196191] dialect: 'sqlite', (STDOUT, APP/PROC/WEB)#
#2026 05 18 21:09:42.560#Z#DEBUG#97838b23-52fd-11f1-a8e5-eeee0a8b5973.axon-odata-api#flowable-async-job-executor-thread-25833#
[PollStartAppStatusExecution] d92b9203-13f2-4150-992d-a89b2ef18ea4 [2026-05-18T21:09:37.196196] credentials: { profile: 'production' } (STDOUT, APP/PROC/WEB)#
#2026 05 18 21:09:42.560#Z#DEBUG#97838b23-52fd-11f1-a8e5-eeee0a8b5973.axon-odata-api#flowable-async-job-executor-thread-25833#
[PollStartAppStatusExecution] d92b9203-13f2-4150-992d-a89b2ef18ea4 [2026-05-18T21:09:37.196199] } { to: 'sqlite', profile: 'production' } (STDOUT, APP/PROC/WEB)#
#2026 05 18 21:09:42.560#Z#DEBUG#97838b23-52fd-11f1-a8e5-eeee0a8b5973.axon-odata-api#flowable-async-job-executor-thread-25833#
[PollStartAppStatusExecution] d92b9203-13f2-4150-992d-a89b2ef18ea4 [2026-05-18T21:09:37.861965] /> successfully deployed to in-memory database. (STDOUT, APP/PROC/WEB)#
#2026 05 18 21:09:42.560#Z#DEBUG#97838b23-52fd-11f1-a8e5-eeee0a8b5973.axon-odata-api#flowable-async-job-executor-thread-25833#
[PollStartAppStatusExecution] d92b9203-13f2-4150-992d-a89b2ef18ea4 [2026-05-18T21:09:37.879127] cp: cannot stat 'db.sqlite': No such file or directory (STDERR, APP/PROC/WEB)#
#2026 05 18 21:09:42.560#Z#DEBUG#97838b23-52fd-11f1-a8e5-eeee0a8b5973.axon-odata-api#flowable-async-job-executor-thread-25833#
[PollStartAppStatusExecution] d92b9203-13f2-4150-992d-a89b2ef18ea4 [2026-05-18T21:09:37.887947] Exit status 1 (STDOUT, APP/PROC/WEB)#
#2026 05 18 21:09:52.627#Z#DEBUG#97838b23-52fd-11f1-a8e5-eeee0a8b5973.axon-odata-api#flowable-async-job-executor-thread-25839#
[PollStartAppStatusExecution] d92b9203-13f2-4150-992d-a89b2ef18ea4 [2026-05-18T21:09:45.227341] Cell 77283d80-dfa7-40ba-ba4e-265aef112085 stopping instance 481e217f-9900-4c36-6059-e49b (STDOUT, CELL)#
#2026 05 18 21:09:52.627#Z#DEBUG#97838b23-52fd-11f1-a8e5-eeee0a8b5973.axon-odata-api#flowable-async-job-executor-thread-25839#
[PollStartAppStatusExecution] d92b9203-13f2-4150-992d-a89b2ef18ea4 [2026-05-18T21:09:45.227383] Cell 77283d80-dfa7-40ba-ba4e-265aef112085 destroying container for instance 481e217f-9900-4c36-6059-e49b (STDOUT, CELL)#
#2026 05 18 21:09:52.627#Z#DEBUG#97838b23-52fd-11f1-a8e5-eeee0a8b5973.axon-odata-api#flowable-async-job-executor-thread-25839#
[PollStartAppStatusExecution] d92b9203-13f2-4150-992d-a89b2ef18ea4 [2026-05-18T21:09:45.244575] Process has crashed with type: "web" (STDOUT, API)#
#2026 05 18 21:09:52.627#Z#DEBUG#97838b23-52fd-11f1-a8e5-eeee0a8b5973.axon-odata-api#flowable-async-job-executor-thread-25839#
[PollStartAppStatusExecution] d92b9203-13f2-4150-992d-a89b2ef18ea4 [2026-05-18T21:09:45.258791] App instance exited with guid d92b9203-13f2-4150-992d-a89b2ef18ea4 payload: {"instance"=>"481e217f-9900-4c36-6059-e49b", "index"=>0, "cell_id"=>"77283d80-dfa7-40ba-ba4e-265aef112085", "reason"=>"CRASHED", "exit_description"=>"APP/PROC/WEB: Exited with status 1", "crash_count"=>3, "crash_timestamp"=>1779138585223552619, "version"=>"cf4f135e-75a7-4bb7-8041-17219d68544a"} (STDOUT, API)#
#2026 05 18 21:09:52.627#Z#DEBUG#97838b23-52fd-11f1-a8e5-eeee0a8b5973.axon-odata-api#flowable-async-job-executor-thread-25839#
[PollStartAppStatusExecution] d92b9203-13f2-4150-992d-a89b2ef18ea4 [2026-05-18T21:09:45.465630] Exit status 137 (STDOUT, PROXY)#
#2026 05 18 21:09:52.627#Z#DEBUG#97838b23-52fd-11f1-a8e5-eeee0a8b5973.axon-odata-api#flowable-async-job-executor-thread-25839#
[PollStartAppStatusExecution] d92b9203-13f2-4150-992d-a89b2ef18ea4 [2026-05-18T21:09:47.886067] Cell 77283d80-dfa7-40ba-ba4e-265aef112085 successfully destroyed container for instance 481e217f-9900-4c36-6059-e49b (STDOUT, CELL)#
#2026 05 18 21:10:02.756#Z#DEBUG#97838b23-52fd-11f1-a8e5-eeee0a8b5973.axon-odata-api#flowable-async-job-executor-thread-25849#
[PollStartAppStatusExecution] d92b9203-13f2-4150-992d-a89b2ef18ea4 [2026-05-18T21:09:45.227341] Cell 77283d80-dfa7-40ba-ba4e-265aef112085 stopping instance 481e217f-9900-4c36-6059-e49b (STDOUT, CELL)#
#2026 05 18 21:10:02.756#Z#DEBUG#97838b23-52fd-11f1-a8e5-eeee0a8b5973.axon-odata-api#flowable-async-job-executor-thread-25849#
[PollStartAppStatusExecution] d92b9203-13f2-4150-992d-a89b2ef18ea4 [2026-05-18T21:09:45.227383] Cell 77283d80-dfa7-40ba-ba4e-265aef112085 destroying container for instance 481e217f-9900-4c36-6059-e49b (STDOUT, CELL)#
#2026 05 18 21:10:02.756#Z#DEBUG#97838b23-52fd-11f1-a8e5-eeee0a8b5973.axon-odata-api#flowable-async-job-executor-thread-25849#
[PollStartAppStatusExecution] d92b9203-13f2-4150-992d-a89b2ef18ea4 [2026-05-18T21:09:45.244575] Process has crashed with type: "web" (STDOUT, API)#
#2026 05 18 21:10:02.756#Z#DEBUG#97838b23-52fd-11f1-a8e5-eeee0a8b5973.axon-odata-api#flowable-async-job-executor-thread-25849#
[PollStartAppStatusExecution] d92b9203-13f2-4150-992d-a89b2ef18ea4 [2026-05-18T21:09:45.258791] App instance exited with guid d92b9203-13f2-4150-992d-a89b2ef18ea4 payload: {"instance"=>"481e217f-9900-4c36-6059-e49b", "index"=>0, "cell_id"=>"77283d80-dfa7-40ba-ba4e-265aef112085", "reason"=>"CRASHED", "exit_description"=>"APP/PROC/WEB: Exited with status 1", "crash_count"=>3, "crash_timestamp"=>1779138585223552619, "version"=>"cf4f135e-75a7-4bb7-8041-17219d68544a"} (STDOUT, API)#
#2026 05 18 21:10:02.756#Z#DEBUG#97838b23-52fd-11f1-a8e5-eeee0a8b5973.axon-odata-api#flowable-async-job-executor-thread-25849#
[PollStartAppStatusExecution] d92b9203-13f2-4150-992d-a89b2ef18ea4 [2026-05-18T21:09:45.465630] Exit status 137 (STDOUT, PROXY)#
#2026 05 18 21:10:02.756#Z#DEBUG#97838b23-52fd-11f1-a8e5-eeee0a8b5973.axon-odata-api#flowable-async-job-executor-thread-25849#
[PollStartAppStatusExecution] d92b9203-13f2-4150-992d-a89b2ef18ea4 [2026-05-18T21:09:47.886067] Cell 77283d80-dfa7-40ba-ba4e-265aef112085 successfully destroyed container for instance 481e217f-9900-4c36-6059-e49b (STDOUT, CELL)#
#2026 05 18 21:10:02.756#Z#DEBUG#97838b23-52fd-11f1-a8e5-eeee0a8b5973.axon-odata-api#flowable-async-job-executor-thread-25849#
[PollStartAppStatusExecution] d92b9203-13f2-4150-992d-a89b2ef18ea4 [2026-05-18T21:09:54.528308] Stopping app with guid d92b9203-13f2-4150-992d-a89b2ef18ea4 (STDOUT, API)#
#2026 05 18 21:10:02.756#Z#DEBUG#97838b23-52fd-11f1-a8e5-eeee0a8b5973.axon-odata-api#flowable-async-job-executor-thread-25849#
[PollStartAppStatusExecution] d92b9203-13f2-4150-992d-a89b2ef18ea4 [2026-05-18T21:09:54.713238] Starting app with guid d92b9203-13f2-4150-992d-a89b2ef18ea4 (STDOUT, API)#
#2026 05 18 21:10:02.756#Z#DEBUG#97838b23-52fd-11f1-a8e5-eeee0a8b5973.axon-odata-api#flowable-async-job-executor-thread-25849#
[PollStartAppStatusExecution] d92b9203-13f2-4150-992d-a89b2ef18ea4 [2026-05-18T21:09:54.924301] Cell 77283d80-dfa7-40ba-ba4e-265aef112085 creating container for instance be2816ff-491c-4e92-73dc-5dff (STDOUT, CELL)#
#2026 05 18 21:10:02.756#Z#DEBUG#97838b23-52fd-11f1-a8e5-eeee0a8b5973.axon-odata-api#flowable-async-job-executor-thread-25849#
[PollStartAppStatusExecution] d92b9203-13f2-4150-992d-a89b2ef18ea4 [2026-05-18T21:09:55.891620] Security group rules were updated (STDOUT, CELL)#
#2026 05 18 21:10:02.756#Z#DEBUG#97838b23-52fd-11f1-a8e5-eeee0a8b5973.axon-odata-api#flowable-async-job-executor-thread-25849#
[PollStartAppStatusExecution] d92b9203-13f2-4150-992d-a89b2ef18ea4 [2026-05-18T21:09:56.005686] Cell 77283d80-dfa7-40ba-ba4e-265aef112085 successfully created container for instance be2816ff-491c-4e92-73dc-5dff (STDOUT, CELL)#
#2026 05 18 21:10:02.756#Z#DEBUG#97838b23-52fd-11f1-a8e5-eeee0a8b5973.axon-odata-api#flowable-async-job-executor-thread-25849#
[PollStartAppStatusExecution] d92b9203-13f2-4150-992d-a89b2ef18ea4 [2026-05-18T21:09:56.428875] Downloading droplet... (STDOUT, CELL)#
#2026 05 18 21:10:12.791#Z#DEBUG#97838b23-52fd-11f1-a8e5-eeee0a8b5973.axon-odata-api#flowable-async-job-executor-thread-25853#
[PollStartAppStatusExecution] d92b9203-13f2-4150-992d-a89b2ef18ea4 [2026-05-18T21:10:02.642232] Downloaded droplet (71.8M) (STDOUT, CELL)#
#2026 05 18 21:10:12.791#Z#DEBUG#97838b23-52fd-11f1-a8e5-eeee0a8b5973.axon-odata-api#flowable-async-job-executor-thread-25853#
[PollStartAppStatusExecution] d92b9203-13f2-4150-992d-a89b2ef18ea4 [2026-05-18T21:10:02.642405] Starting health monitoring of container (STDOUT, CELL)#
#2026 05 18 21:10:12.791#Z#DEBUG#97838b23-52fd-11f1-a8e5-eeee0a8b5973.axon-odata-api#flowable-async-job-executor-thread-25853#
[PollStartAppStatusExecution] d92b9203-13f2-4150-992d-a89b2ef18ea4 [2026-05-18T21:10:02.788739] Invoking pre-start scripts. (STDOUT, APP/PROC/WEB)#
#2026 05 18 21:10:12.791#Z#DEBUG#97838b23-52fd-11f1-a8e5-eeee0a8b5973.axon-odata-api#flowable-async-job-executor-thread-25853#
[PollStartAppStatusExecution] d92b9203-13f2-4150-992d-a89b2ef18ea4 [2026-05-18T21:10:03.038047] Invoking start command. (STDOUT, APP/PROC/WEB)#
#2026 05 18 21:10:12.791#Z#DEBUG#97838b23-52fd-11f1-a8e5-eeee0a8b5973.axon-odata-api#flowable-async-job-executor-thread-25853#
[PollStartAppStatusExecution] d92b9203-13f2-4150-992d-a89b2ef18ea4 [2026-05-18T21:10:03.117970] Deploying with options: { (STDOUT, APP/PROC/WEB)#
#2026 05 18 21:10:12.791#Z#DEBUG#97838b23-52fd-11f1-a8e5-eeee0a8b5973.axon-odata-api#flowable-async-job-executor-thread-25853#
[PollStartAppStatusExecution] d92b9203-13f2-4150-992d-a89b2ef18ea4 [2026-05-18T21:10:03.117997] kind: 'sqlite', (STDOUT, APP/PROC/WEB)#
#2026 05 18 21:10:12.791#Z#DEBUG#97838b23-52fd-11f1-a8e5-eeee0a8b5973.axon-odata-api#flowable-async-job-executor-thread-25853#
[PollStartAppStatusExecution] d92b9203-13f2-4150-992d-a89b2ef18ea4 [2026-05-18T21:10:03.118] dialect: 'sqlite', (STDOUT, APP/PROC/WEB)#
#2026 05 18 21:10:12.791#Z#DEBUG#97838b23-52fd-11f1-a8e5-eeee0a8b5973.axon-odata-api#flowable-async-job-executor-thread-25853#
[PollStartAppStatusExecution] d92b9203-13f2-4150-992d-a89b2ef18ea4 [2026-05-18T21:10:03.118008] credentials: { profile: 'production' } (STDOUT, APP/PROC/WEB)#
#2026 05 18 21:10:12.791#Z#DEBUG#97838b23-52fd-11f1-a8e5-eeee0a8b5973.axon-odata-api#flowable-async-job-executor-thread-25853#
[PollStartAppStatusExecution] d92b9203-13f2-4150-992d-a89b2ef18ea4 [2026-05-18T21:10:03.118010] } { to: 'sqlite', profile: 'production' } (STDOUT, APP/PROC/WEB)#
#2026 05 18 21:10:12.791#Z#DEBUG#97838b23-52fd-11f1-a8e5-eeee0a8b5973.axon-odata-api#flowable-async-job-executor-thread-25853#
[PollStartAppStatusExecution] d92b9203-13f2-4150-992d-a89b2ef18ea4 [2026-05-18T21:10:03.794853] /> successfully deployed to in-memory database. (STDOUT, APP/PROC/WEB)#
#2026 05 18 21:10:12.791#Z#DEBUG#97838b23-52fd-11f1-a8e5-eeee0a8b5973.axon-odata-api#flowable-async-job-executor-thread-25853#
[PollStartAppStatusExecution] d92b9203-13f2-4150-992d-a89b2ef18ea4 [2026-05-18T21:10:03.811815] cp: cannot stat 'db.sqlite': No such file or directory (STDERR, APP/PROC/WEB)#
#2026 05 18 21:10:12.791#Z#DEBUG#97838b23-52fd-11f1-a8e5-eeee0a8b5973.axon-odata-api#flowable-async-job-executor-thread-25853#
[PollStartAppStatusExecution] d92b9203-13f2-4150-992d-a89b2ef18ea4 [2026-05-18T21:10:03.821361] Exit status 1 (STDOUT, APP/PROC/WEB)#
#2026 05 18 21:10:12.791#Z#DEBUG#97838b23-52fd-11f1-a8e5-eeee0a8b5973.axon-odata-api#flowable-async-job-executor-thread-25853#
[PollStartAppStatusExecution] d92b9203-13f2-4150-992d-a89b2ef18ea4 [2026-05-18T21:10:10.399426] Cell 77283d80-dfa7-40ba-ba4e-265aef112085 stopping instance be2816ff-491c-4e92-73dc-5dff (STDOUT, CELL)#
#2026 05 18 21:10:12.791#Z#DEBUG#97838b23-52fd-11f1-a8e5-eeee0a8b5973.axon-odata-api#flowable-async-job-executor-thread-25853#
[PollStartAppStatusExecution] d92b9203-13f2-4150-992d-a89b2ef18ea4 [2026-05-18T21:10:10.399466] Cell 77283d80-dfa7-40ba-ba4e-265aef112085 destroying container for instance be2816ff-491c-4e92-73dc-5dff (STDOUT, CELL)#
#2026 05 18 21:10:12.791#Z#DEBUG#97838b23-52fd-11f1-a8e5-eeee0a8b5973.axon-odata-api#flowable-async-job-executor-thread-25853#
[PollStartAppStatusExecution] d92b9203-13f2-4150-992d-a89b2ef18ea4 [2026-05-18T21:10:10.403221] Process has crashed with type: "web" (STDOUT, API)#
#2026 05 18 21:10:12.791#Z#DEBUG#97838b23-52fd-11f1-a8e5-eeee0a8b5973.axon-odata-api#flowable-async-job-executor-thread-25853#
[PollStartAppStatusExecution] d92b9203-13f2-4150-992d-a89b2ef18ea4 [2026-05-18T21:10:10.418933] App instance exited with guid d92b9203-13f2-4150-992d-a89b2ef18ea4 payload: {"instance"=>"be2816ff-491c-4e92-73dc-5dff", "index"=>0, "cell_id"=>"77283d80-dfa7-40ba-ba4e-265aef112085", "reason"=>"CRASHED", "exit_description"=>"APP/PROC/WEB: Exited with status 1", "crash_count"=>1, "crash_timestamp"=>1779138610378656422, "version"=>"b5b2d211-075b-411f-9116-d541d0e4dab2"} (STDOUT, API)#
#2026 05 18 21:10:12.791#Z#DEBUG#97838b23-52fd-11f1-a8e5-eeee0a8b5973.axon-odata-api#flowable-async-job-executor-thread-25853#
[PollStartAppStatusExecution] d92b9203-13f2-4150-992d-a89b2ef18ea4 [2026-05-18T21:10:10.526222] Cell d1cc041a-d5a1-41d6-b9f6-6cda736ce3f0 creating container for instance 05c5b705-6348-4e93-40e1-52e7 (STDOUT, CELL)#
#2026 05 18 21:10:12.791#Z#DEBUG#97838b23-52fd-11f1-a8e5-eeee0a8b5973.axon-odata-api#flowable-async-job-executor-thread-25853#
[PollStartAppStatusExecution] d92b9203-13f2-4150-992d-a89b2ef18ea4 [2026-05-18T21:10:10.652103] Exit status 137 (STDOUT, PROXY)#
#2026 05 18 21:10:12.791#Z#DEBUG#97838b23-52fd-11f1-a8e5-eeee0a8b5973.axon-odata-api#flowable-async-job-executor-thread-25853#
[PollStartAppStatusExecution] d92b9203-13f2-4150-992d-a89b2ef18ea4 [2026-05-18T21:10:11.770181] Security group rules were updated (STDOUT, CELL)#
#2026 05 18 21:10:12.791#Z#DEBUG#97838b23-52fd-11f1-a8e5-eeee0a8b5973.axon-odata-api#flowable-async-job-executor-thread-25853#
[PollStartAppStatusExecution] d92b9203-13f2-4150-992d-a89b2ef18ea4 [2026-05-18T21:10:11.879294] Cell d1cc041a-d5a1-41d6-b9f6-6cda736ce3f0 successfully created container for instance 05c5b705-6348-4e93-40e1-52e7 (STDOUT, CELL)#
#2026 05 18 21:10:12.791#Z#DEBUG#97838b23-52fd-11f1-a8e5-eeee0a8b5973.axon-odata-api#flowable-async-job-executor-thread-25853#
[PollStartAppStatusExecution] d92b9203-13f2-4150-992d-a89b2ef18ea4 [2026-05-18T21:10:12.294696] Downloading droplet... (STDOUT, CELL)#
#2026 05 18 21:10:22.862#Z#DEBUG#97838b23-52fd-11f1-a8e5-eeee0a8b5973.axon-odata-api#flowable-async-job-executor-thread-25865#
[PollStartAppStatusExecution] d92b9203-13f2-4150-992d-a89b2ef18ea4 [2026-05-18T21:10:13.415034] Cell 77283d80-dfa7-40ba-ba4e-265aef112085 successfully destroyed container for instance be2816ff-491c-4e92-73dc-5dff (STDOUT, CELL)#
#2026 05 18 21:10:22.862#Z#DEBUG#97838b23-52fd-11f1-a8e5-eeee0a8b5973.axon-odata-api#flowable-async-job-executor-thread-25865#
[PollStartAppStatusExecution] d92b9203-13f2-4150-992d-a89b2ef18ea4 [2026-05-18T21:10:18.046702] Downloaded droplet (71.8M) (STDOUT, CELL)#
#2026 05 18 21:10:22.862#Z#DEBUG#97838b23-52fd-11f1-a8e5-eeee0a8b5973.axon-odata-api#flowable-async-job-executor-thread-25865#
[PollStartAppStatusExecution] d92b9203-13f2-4150-992d-a89b2ef18ea4 [2026-05-18T21:10:18.046876] Starting health monitoring of container (STDOUT, CELL)#
#2026 05 18 21:10:22.862#Z#DEBUG#97838b23-52fd-11f1-a8e5-eeee0a8b5973.axon-odata-api#flowable-async-job-executor-thread-25865#
[PollStartAppStatusExecution] d92b9203-13f2-4150-992d-a89b2ef18ea4 [2026-05-18T21:10:18.230596] Invoking pre-start scripts. (STDOUT, APP/PROC/WEB)#
#2026 05 18 21:10:22.862#Z#DEBUG#97838b23-52fd-11f1-a8e5-eeee0a8b5973.axon-odata-api#flowable-async-job-executor-thread-25865#
[PollStartAppStatusExecution] d92b9203-13f2-4150-992d-a89b2ef18ea4 [2026-05-18T21:10:18.505891] Invoking start command. (STDOUT, APP/PROC/WEB)#
#2026 05 18 21:10:22.862#Z#DEBUG#97838b23-52fd-11f1-a8e5-eeee0a8b5973.axon-odata-api#flowable-async-job-executor-thread-25865#
[PollStartAppStatusExecution] d92b9203-13f2-4150-992d-a89b2ef18ea4 [2026-05-18T21:10:18.600651] Deploying with options: { (STDOUT, APP/PROC/WEB)#
#2026 05 18 21:10:22.862#Z#DEBUG#97838b23-52fd-11f1-a8e5-eeee0a8b5973.axon-odata-api#flowable-async-job-executor-thread-25865#
[PollStartAppStatusExecution] d92b9203-13f2-4150-992d-a89b2ef18ea4 [2026-05-18T21:10:18.600683] kind: 'sqlite', (STDOUT, APP/PROC/WEB)#
#2026 05 18 21:10:22.862#Z#DEBUG#97838b23-52fd-11f1-a8e5-eeee0a8b5973.axon-odata-api#flowable-async-job-executor-thread-25865#
[PollStartAppStatusExecution] d92b9203-13f2-4150-992d-a89b2ef18ea4 [2026-05-18T21:10:18.600687] dialect: 'sqlite', (STDOUT, APP/PROC/WEB)#
#2026 05 18 21:10:22.862#Z#DEBUG#97838b23-52fd-11f1-a8e5-eeee0a8b5973.axon-odata-api#flowable-async-job-executor-thread-25865#
[PollStartAppStatusExecution] d92b9203-13f2-4150-992d-a89b2ef18ea4 [2026-05-18T21:10:18.600698] credentials: { profile: 'production' } (STDOUT, APP/PROC/WEB)#
#2026 05 18 21:10:22.862#Z#DEBUG#97838b23-52fd-11f1-a8e5-eeee0a8b5973.axon-odata-api#flowable-async-job-executor-thread-25865#
[PollStartAppStatusExecution] d92b9203-13f2-4150-992d-a89b2ef18ea4 [2026-05-18T21:10:18.600701] } { to: 'sqlite', profile: 'production' } (STDOUT, APP/PROC/WEB)#
#2026 05 18 21:10:22.862#Z#DEBUG#97838b23-52fd-11f1-a8e5-eeee0a8b5973.axon-odata-api#flowable-async-job-executor-thread-25865#
[PollStartAppStatusExecution] d92b9203-13f2-4150-992d-a89b2ef18ea4 [2026-05-18T21:10:19.253817] /> successfully deployed to in-memory database. (STDOUT, APP/PROC/WEB)#
#2026 05 18 21:10:22.862#Z#DEBUG#97838b23-52fd-11f1-a8e5-eeee0a8b5973.axon-odata-api#flowable-async-job-executor-thread-25865#
[PollStartAppStatusExecution] d92b9203-13f2-4150-992d-a89b2ef18ea4 [2026-05-18T21:10:19.270680] cp: cannot stat 'db.sqlite': No such file or directory (STDERR, APP/PROC/WEB)#
#2026 05 18 21:10:22.862#Z#DEBUG#97838b23-52fd-11f1-a8e5-eeee0a8b5973.axon-odata-api#flowable-async-job-executor-thread-25865#
[PollStartAppStatusExecution] d92b9203-13f2-4150-992d-a89b2ef18ea4 [2026-05-18T21:10:19.281058] Exit status 1 (STDOUT, APP/PROC/WEB)#
#2026 05 18 21:10:32.873#Z#DEBUG#97838b23-52fd-11f1-a8e5-eeee0a8b5973.axon-odata-api#flowable-async-job-executor-thread-25869#
[PollStartAppStatusExecution] d92b9203-13f2-4150-992d-a89b2ef18ea4 [2026-05-18T21:10:26.020406] Cell d1cc041a-d5a1-41d6-b9f6-6cda736ce3f0 stopping instance 05c5b705-6348-4e93-40e1-52e7 (STDOUT, CELL)#
#2026 05 18 21:10:32.873#Z#DEBUG#97838b23-52fd-11f1-a8e5-eeee0a8b5973.axon-odata-api#flowable-async-job-executor-thread-25869#
[PollStartAppStatusExecution] d92b9203-13f2-4150-992d-a89b2ef18ea4 [2026-05-18T21:10:26.020447] Cell d1cc041a-d5a1-41d6-b9f6-6cda736ce3f0 destroying container for instance 05c5b705-6348-4e93-40e1-52e7 (STDOUT, CELL)#
#2026 05 18 21:10:32.873#Z#DEBUG#97838b23-52fd-11f1-a8e5-eeee0a8b5973.axon-odata-api#flowable-async-job-executor-thread-25869#
[PollStartAppStatusExecution] d92b9203-13f2-4150-992d-a89b2ef18ea4 [2026-05-18T21:10:26.026098] Process has crashed with type: "web" (STDOUT, API)#
#2026 05 18 21:10:32.873#Z#DEBUG#97838b23-52fd-11f1-a8e5-eeee0a8b5973.axon-odata-api#flowable-async-job-executor-thread-25869#
[PollStartAppStatusExecution] d92b9203-13f2-4150-992d-a89b2ef18ea4 [2026-05-18T21:10:26.039240] App instance exited with guid d92b9203-13f2-4150-992d-a89b2ef18ea4 payload: {"instance"=>"05c5b705-6348-4e93-40e1-52e7", "index"=>0, "cell_id"=>"d1cc041a-d5a1-41d6-b9f6-6cda736ce3f0", "reason"=>"CRASHED", "exit_description"=>"APP/PROC/WEB: Exited with status 1", "crash_count"=>2, "crash_timestamp"=>1779138626003494750, "version"=>"b5b2d211-075b-411f-9116-d541d0e4dab2"} (STDOUT, API)#
#2026 05 18 21:10:32.873#Z#DEBUG#97838b23-52fd-11f1-a8e5-eeee0a8b5973.axon-odata-api#flowable-async-job-executor-thread-25869#
[PollStartAppStatusExecution] d92b9203-13f2-4150-992d-a89b2ef18ea4 [2026-05-18T21:10:26.165362] Cell 77283d80-dfa7-40ba-ba4e-265aef112085 creating container for instance 3c5c962b-89a8-4244-7533-f94b (STDOUT, CELL)#
#2026 05 18 21:10:32.873#Z#DEBUG#97838b23-52fd-11f1-a8e5-eeee0a8b5973.axon-odata-api#flowable-async-job-executor-thread-25869#
[PollStartAppStatusExecution] d92b9203-13f2-4150-992d-a89b2ef18ea4 [2026-05-18T21:10:26.255279] Exit status 137 (STDOUT, PROXY)#
#2026 05 18 21:10:32.873#Z#DEBUG#97838b23-52fd-11f1-a8e5-eeee0a8b5973.axon-odata-api#flowable-async-job-executor-thread-25869#
[PollStartAppStatusExecution] d92b9203-13f2-4150-992d-a89b2ef18ea4 [2026-05-18T21:10:27.211938] Security group rules were updated (STDOUT, CELL)#
#2026 05 18 21:10:32.873#Z#DEBUG#97838b23-52fd-11f1-a8e5-eeee0a8b5973.axon-odata-api#flowable-async-job-executor-thread-25869#
[PollStartAppStatusExecution] d92b9203-13f2-4150-992d-a89b2ef18ea4 [2026-05-18T21:10:27.305165] Cell 77283d80-dfa7-40ba-ba4e-265aef112085 successfully created container for instance 3c5c962b-89a8-4244-7533-f94b (STDOUT, CELL)#
#2026 05 18 21:10:32.873#Z#DEBUG#97838b23-52fd-11f1-a8e5-eeee0a8b5973.axon-odata-api#flowable-async-job-executor-thread-25869#
[PollStartAppStatusExecution] d92b9203-13f2-4150-992d-a89b2ef18ea4 [2026-05-18T21:10:27.611707] Downloading droplet... (STDOUT, CELL)#
#2026 05 18 21:10:32.873#Z#DEBUG#97838b23-52fd-11f1-a8e5-eeee0a8b5973.axon-odata-api#flowable-async-job-executor-thread-25869#
[PollStartAppStatusExecution] d92b9203-13f2-4150-992d-a89b2ef18ea4 [2026-05-18T21:10:28.924700] Cell d1cc041a-d5a1-41d6-b9f6-6cda736ce3f0 successfully destroyed container for instance 05c5b705-6348-4e93-40e1-52e7 (STDOUT, CELL)#
#2026 05 18 21:10:32.873#Z#DEBUG#97838b23-52fd-11f1-a8e5-eeee0a8b5973.axon-odata-api#flowable-async-job-executor-thread-25869#
[PollStartAppStatusExecution] d92b9203-13f2-4150-992d-a89b2ef18ea4 [2026-05-18T21:10:29.792005] Downloaded droplet (STDOUT, CELL)#
#2026 05 18 21:10:32.873#Z#DEBUG#97838b23-52fd-11f1-a8e5-eeee0a8b5973.axon-odata-api#flowable-async-job-executor-thread-25869#
[PollStartAppStatusExecution] d92b9203-13f2-4150-992d-a89b2ef18ea4 [2026-05-18T21:10:29.792191] Starting health monitoring of container (STDOUT, CELL)#
#2026 05 18 21:10:32.873#Z#DEBUG#97838b23-52fd-11f1-a8e5-eeee0a8b5973.axon-odata-api#flowable-async-job-executor-thread-25869#
[PollStartAppStatusExecution] d92b9203-13f2-4150-992d-a89b2ef18ea4 [2026-05-18T21:10:29.974742] Invoking pre-start scripts. (STDOUT, APP/PROC/WEB)#
#2026 05 18 21:10:32.873#Z#DEBUG#97838b23-52fd-11f1-a8e5-eeee0a8b5973.axon-odata-api#flowable-async-job-executor-thread-25869#
[PollStartAppStatusExecution] d92b9203-13f2-4150-992d-a89b2ef18ea4 [2026-05-18T21:10:30.243677] Invoking start command. (STDOUT, APP/PROC/WEB)#
#2026 05 18 21:10:32.873#Z#DEBUG#97838b23-52fd-11f1-a8e5-eeee0a8b5973.axon-odata-api#flowable-async-job-executor-thread-25869#
[PollStartAppStatusExecution] d92b9203-13f2-4150-992d-a89b2ef18ea4 [2026-05-18T21:10:30.330593] Deploying with options: { (STDOUT, APP/PROC/WEB)#
#2026 05 18 21:10:32.873#Z#DEBUG#97838b23-52fd-11f1-a8e5-eeee0a8b5973.axon-odata-api#flowable-async-job-executor-thread-25869#
[PollStartAppStatusExecution] d92b9203-13f2-4150-992d-a89b2ef18ea4 [2026-05-18T21:10:30.330624] kind: 'sqlite', (STDOUT, APP/PROC/WEB)#
#2026 05 18 21:10:32.873#Z#DEBUG#97838b23-52fd-11f1-a8e5-eeee0a8b5973.axon-odata-api#flowable-async-job-executor-thread-25869#
[PollStartAppStatusExecution] d92b9203-13f2-4150-992d-a89b2ef18ea4 [2026-05-18T21:10:30.330634] dialect: 'sqlite', (STDOUT, APP/PROC/WEB)#
#2026 05 18 21:10:32.873#Z#DEBUG#97838b23-52fd-11f1-a8e5-eeee0a8b5973.axon-odata-api#flowable-async-job-executor-thread-25869#
[PollStartAppStatusExecution] d92b9203-13f2-4150-992d-a89b2ef18ea4 [2026-05-18T21:10:30.330638] credentials: { profile: 'production' } (STDOUT, APP/PROC/WEB)#
#2026 05 18 21:10:32.873#Z#DEBUG#97838b23-52fd-11f1-a8e5-eeee0a8b5973.axon-odata-api#flowable-async-job-executor-thread-25869#
[PollStartAppStatusExecution] d92b9203-13f2-4150-992d-a89b2ef18ea4 [2026-05-18T21:10:30.330640] } { to: 'sqlite', profile: 'production' } (STDOUT, APP/PROC/WEB)#
#2026 05 18 21:10:32.873#Z#DEBUG#97838b23-52fd-11f1-a8e5-eeee0a8b5973.axon-odata-api#flowable-async-job-executor-thread-25869#
[PollStartAppStatusExecution] d92b9203-13f2-4150-992d-a89b2ef18ea4 [2026-05-18T21:10:30.945506] /> successfully deployed to in-memory database. (STDOUT, APP/PROC/WEB)#
#2026 05 18 21:10:32.873#Z#DEBUG#97838b23-52fd-11f1-a8e5-eeee0a8b5973.axon-odata-api#flowable-async-job-executor-thread-25869#
[PollStartAppStatusExecution] d92b9203-13f2-4150-992d-a89b2ef18ea4 [2026-05-18T21:10:30.961388] cp: cannot stat 'db.sqlite': No such file or directory (STDERR, APP/PROC/WEB)#
#2026 05 18 21:10:32.873#Z#DEBUG#97838b23-52fd-11f1-a8e5-eeee0a8b5973.axon-odata-api#flowable-async-job-executor-thread-25869#
[PollStartAppStatusExecution] d92b9203-13f2-4150-992d-a89b2ef18ea4 [2026-05-18T21:10:30.971522] Exit status 1 (STDOUT, APP/PROC/WEB)#
#2026 05 18 21:10:42.891#Z#DEBUG#97838b23-52fd-11f1-a8e5-eeee0a8b5973.axon-odata-api#flowable-async-job-executor-thread-25878#
[PollStartAppStatusExecution] d92b9203-13f2-4150-992d-a89b2ef18ea4 [2026-05-18T21:10:37.383563] Cell 77283d80-dfa7-40ba-ba4e-265aef112085 stopping instance 3c5c962b-89a8-4244-7533-f94b (STDOUT, CELL)#
#2026 05 18 21:10:42.891#Z#DEBUG#97838b23-52fd-11f1-a8e5-eeee0a8b5973.axon-odata-api#flowable-async-job-executor-thread-25878#
[PollStartAppStatusExecution] d92b9203-13f2-4150-992d-a89b2ef18ea4 [2026-05-18T21:10:37.383616] Cell 77283d80-dfa7-40ba-ba4e-265aef112085 destroying container for instance 3c5c962b-89a8-4244-7533-f94b (STDOUT, CELL)#
#2026 05 18 21:10:42.891#Z#DEBUG#97838b23-52fd-11f1-a8e5-eeee0a8b5973.axon-odata-api#flowable-async-job-executor-thread-25878#
[PollStartAppStatusExecution] d92b9203-13f2-4150-992d-a89b2ef18ea4 [2026-05-18T21:10:37.403770] Process has crashed with type: "web" (STDOUT, API)#
#2026 05 18 21:10:42.891#Z#DEBUG#97838b23-52fd-11f1-a8e5-eeee0a8b5973.axon-odata-api#flowable-async-job-executor-thread-25878#
[PollStartAppStatusExecution] d92b9203-13f2-4150-992d-a89b2ef18ea4 [2026-05-18T21:10:37.417272] App instance exited with guid d92b9203-13f2-4150-992d-a89b2ef18ea4 payload: {"instance"=>"3c5c962b-89a8-4244-7533-f94b", "index"=>0, "cell_id"=>"77283d80-dfa7-40ba-ba4e-265aef112085", "reason"=>"CRASHED", "exit_description"=>"APP/PROC/WEB: Exited with status 1", "crash_count"=>3, "crash_timestamp"=>1779138637379290937, "version"=>"b5b2d211-075b-411f-9116-d541d0e4dab2"} (STDOUT, API)#
#2026 05 18 21:10:42.891#Z#DEBUG#97838b23-52fd-11f1-a8e5-eeee0a8b5973.axon-odata-api#flowable-async-job-executor-thread-25878#
[PollStartAppStatusExecution] d92b9203-13f2-4150-992d-a89b2ef18ea4 [2026-05-18T21:10:37.624838] Exit status 137 (STDOUT, PROXY)#
#2026 05 18 21:10:42.891#Z#DEBUG#97838b23-52fd-11f1-a8e5-eeee0a8b5973.axon-odata-api#flowable-async-job-executor-thread-25878#
[PollStartAppStatusExecution] d92b9203-13f2-4150-992d-a89b2ef18ea4 [2026-05-18T21:10:40.200046] Cell 77283d80-dfa7-40ba-ba4e-265aef112085 successfully destroyed container for instance 3c5c962b-89a8-4244-7533-f94b (STDOUT, CELL)#
#2026 05 18 21:10:53.048#Z#DEBUG#97838b23-52fd-11f1-a8e5-eeee0a8b5973.axon-odata-api#flowable-async-job-executor-thread-25886#
[PollStartAppStatusExecution] d92b9203-13f2-4150-992d-a89b2ef18ea4 [2026-05-18T21:10:37.383563] Cell 77283d80-dfa7-40ba-ba4e-265aef112085 stopping instance 3c5c962b-89a8-4244-7533-f94b (STDOUT, CELL)#
#2026 05 18 21:10:53.048#Z#DEBUG#97838b23-52fd-11f1-a8e5-eeee0a8b5973.axon-odata-api#flowable-async-job-executor-thread-25886#
[PollStartAppStatusExecution] d92b9203-13f2-4150-992d-a89b2ef18ea4 [2026-05-18T21:10:37.383616] Cell 77283d80-dfa7-40ba-ba4e-265aef112085 destroying container for instance 3c5c962b-89a8-4244-7533-f94b (STDOUT, CELL)#
#2026 05 18 21:10:53.048#Z#DEBUG#97838b23-52fd-11f1-a8e5-eeee0a8b5973.axon-odata-api#flowable-async-job-executor-thread-25886#
[PollStartAppStatusExecution] d92b9203-13f2-4150-992d-a89b2ef18ea4 [2026-05-18T21:10:37.403770] Process has crashed with type: "web" (STDOUT, API)#
#2026 05 18 21:10:53.048#Z#DEBUG#97838b23-52fd-11f1-a8e5-eeee0a8b5973.axon-odata-api#flowable-async-job-executor-thread-25886#
[PollStartAppStatusExecution] d92b9203-13f2-4150-992d-a89b2ef18ea4 [2026-05-18T21:10:37.417272] App instance exited with guid d92b9203-13f2-4150-992d-a89b2ef18ea4 payload: {"instance"=>"3c5c962b-89a8-4244-7533-f94b", "index"=>0, "cell_id"=>"77283d80-dfa7-40ba-ba4e-265aef112085", "reason"=>"CRASHED", "exit_description"=>"APP/PROC/WEB: Exited with status 1", "crash_count"=>3, "crash_timestamp"=>1779138637379290937, "version"=>"b5b2d211-075b-411f-9116-d541d0e4dab2"} (STDOUT, API)#
#2026 05 18 21:10:53.048#Z#DEBUG#97838b23-52fd-11f1-a8e5-eeee0a8b5973.axon-odata-api#flowable-async-job-executor-thread-25886#
[PollStartAppStatusExecution] d92b9203-13f2-4150-992d-a89b2ef18ea4 [2026-05-18T21:10:37.624838] Exit status 137 (STDOUT, PROXY)#
#2026 05 18 21:10:53.048#Z#DEBUG#97838b23-52fd-11f1-a8e5-eeee0a8b5973.axon-odata-api#flowable-async-job-executor-thread-25886#
[PollStartAppStatusExecution] d92b9203-13f2-4150-992d-a89b2ef18ea4 [2026-05-18T21:10:40.200046] Cell 77283d80-dfa7-40ba-ba4e-265aef112085 successfully destroyed container for instance 3c5c962b-89a8-4244-7533-f94b (STDOUT, CELL)#
#2026 05 18 21:10:53.048#Z#DEBUG#97838b23-52fd-11f1-a8e5-eeee0a8b5973.axon-odata-api#flowable-async-job-executor-thread-25886#
[PollStartAppStatusExecution] d92b9203-13f2-4150-992d-a89b2ef18ea4 [2026-05-18T21:10:46.272449] Stopping app with guid d92b9203-13f2-4150-992d-a89b2ef18ea4 (STDOUT, API)#
#2026 05 18 21:10:53.048#Z#DEBUG#97838b23-52fd-11f1-a8e5-eeee0a8b5973.axon-odata-api#flowable-async-job-executor-thread-25886#
[PollStartAppStatusExecution] d92b9203-13f2-4150-992d-a89b2ef18ea4 [2026-05-18T21:10:46.428157] Starting app with guid d92b9203-13f2-4150-992d-a89b2ef18ea4 (STDOUT, API)#
#2026 05 18 21:10:53.048#Z#DEBUG#97838b23-52fd-11f1-a8e5-eeee0a8b5973.axon-odata-api#flowable-async-job-executor-thread-25886#
[PollStartAppStatusExecution] d92b9203-13f2-4150-992d-a89b2ef18ea4 [2026-05-18T21:10:46.636800] Cell 77283d80-dfa7-40ba-ba4e-265aef112085 creating container for instance f8da0703-0243-4474-5049-9b00 (STDOUT, CELL)#
#2026 05 18 21:10:53.048#Z#DEBUG#97838b23-52fd-11f1-a8e5-eeee0a8b5973.axon-odata-api#flowable-async-job-executor-thread-25886#
[PollStartAppStatusExecution] d92b9203-13f2-4150-992d-a89b2ef18ea4 [2026-05-18T21:10:47.607921] Security group rules were updated (STDOUT, CELL)#
#2026 05 18 21:10:53.048#Z#DEBUG#97838b23-52fd-11f1-a8e5-eeee0a8b5973.axon-odata-api#flowable-async-job-executor-thread-25886#
[PollStartAppStatusExecution] d92b9203-13f2-4150-992d-a89b2ef18ea4 [2026-05-18T21:10:47.711631] Cell 77283d80-dfa7-40ba-ba4e-265aef112085 successfully created container for instance f8da0703-0243-4474-5049-9b00 (STDOUT, CELL)#
#2026 05 18 21:10:53.048#Z#DEBUG#97838b23-52fd-11f1-a8e5-eeee0a8b5973.axon-odata-api#flowable-async-job-executor-thread-25886#
[PollStartAppStatusExecution] d92b9203-13f2-4150-992d-a89b2ef18ea4 [2026-05-18T21:10:48.087605] Downloading droplet... (STDOUT, CELL)#
#2026 05 18 21:11:02.968#Z#DEBUG#97838b23-52fd-11f1-a8e5-eeee0a8b5973.axon-odata-api#flowable-async-job-executor-thread-25896#
[PollStartAppStatusExecution] d92b9203-13f2-4150-992d-a89b2ef18ea4 [2026-05-18T21:10:54.928884] Downloaded droplet (71.8M) (STDOUT, CELL)#
#2026 05 18 21:11:02.968#Z#DEBUG#97838b23-52fd-11f1-a8e5-eeee0a8b5973.axon-odata-api#flowable-async-job-executor-thread-25896#
[PollStartAppStatusExecution] d92b9203-13f2-4150-992d-a89b2ef18ea4 [2026-05-18T21:10:54.929049] Starting health monitoring of container (STDOUT, CELL)#
#2026 05 18 21:11:02.968#Z#DEBUG#97838b23-52fd-11f1-a8e5-eeee0a8b5973.axon-odata-api#flowable-async-job-executor-thread-25896#
[PollStartAppStatusExecution] d92b9203-13f2-4150-992d-a89b2ef18ea4 [2026-05-18T21:10:55.097441] Invoking pre-start scripts. (STDOUT, APP/PROC/WEB)#
#2026 05 18 21:11:02.968#Z#DEBUG#97838b23-52fd-11f1-a8e5-eeee0a8b5973.axon-odata-api#flowable-async-job-executor-thread-25896#
[PollStartAppStatusExecution] d92b9203-13f2-4150-992d-a89b2ef18ea4 [2026-05-18T21:10:55.357848] Invoking start command. (STDOUT, APP/PROC/WEB)#
#2026 05 18 21:11:02.968#Z#DEBUG#97838b23-52fd-11f1-a8e5-eeee0a8b5973.axon-odata-api#flowable-async-job-executor-thread-25896#
[PollStartAppStatusExecution] d92b9203-13f2-4150-992d-a89b2ef18ea4 [2026-05-18T21:10:55.448836] Deploying with options: { (STDOUT, APP/PROC/WEB)#
#2026 05 18 21:11:02.968#Z#DEBUG#97838b23-52fd-11f1-a8e5-eeee0a8b5973.axon-odata-api#flowable-async-job-executor-thread-25896#
[PollStartAppStatusExecution] d92b9203-13f2-4150-992d-a89b2ef18ea4 [2026-05-18T21:10:55.448865] kind: 'sqlite', (STDOUT, APP/PROC/WEB)#
#2026 05 18 21:11:02.968#Z#DEBUG#97838b23-52fd-11f1-a8e5-eeee0a8b5973.axon-odata-api#flowable-async-job-executor-thread-25896#
[PollStartAppStatusExecution] d92b9203-13f2-4150-992d-a89b2ef18ea4 [2026-05-18T21:10:55.448869] dialect: 'sqlite', (STDOUT, APP/PROC/WEB)#
#2026 05 18 21:11:02.968#Z#DEBUG#97838b23-52fd-11f1-a8e5-eeee0a8b5973.axon-odata-api#flowable-async-job-executor-thread-25896#
[PollStartAppStatusExecution] d92b9203-13f2-4150-992d-a89b2ef18ea4 [2026-05-18T21:10:55.448874] credentials: { profile: 'production' } (STDOUT, APP/PROC/WEB)#
#2026 05 18 21:11:02.968#Z#DEBUG#97838b23-52fd-11f1-a8e5-eeee0a8b5973.axon-odata-api#flowable-async-job-executor-thread-25896#
[PollStartAppStatusExecution] d92b9203-13f2-4150-992d-a89b2ef18ea4 [2026-05-18T21:10:55.448900] } { to: 'sqlite', profile: 'production' } (STDOUT, APP/PROC/WEB)#
#2026 05 18 21:11:02.968#Z#DEBUG#97838b23-52fd-11f1-a8e5-eeee0a8b5973.axon-odata-api#flowable-async-job-executor-thread-25896#
[PollStartAppStatusExecution] d92b9203-13f2-4150-992d-a89b2ef18ea4 [2026-05-18T21:10:56.104935] /> successfully deployed to in-memory database. (STDOUT, APP/PROC/WEB)#
#2026 05 18 21:11:02.968#Z#DEBUG#97838b23-52fd-11f1-a8e5-eeee0a8b5973.axon-odata-api#flowable-async-job-executor-thread-25896#
[PollStartAppStatusExecution] d92b9203-13f2-4150-992d-a89b2ef18ea4 [2026-05-18T21:10:56.124832] cp: cannot stat 'db.sqlite': No such file or directory (STDERR, APP/PROC/WEB)#
#2026 05 18 21:11:02.968#Z#DEBUG#97838b23-52fd-11f1-a8e5-eeee0a8b5973.axon-odata-api#flowable-async-job-executor-thread-25896#
[PollStartAppStatusExecution] d92b9203-13f2-4150-992d-a89b2ef18ea4 [2026-05-18T21:10:56.133790] Exit status 1 (STDOUT, APP/PROC/WEB)#
#2026 05 18 21:11:13.018#Z#DEBUG#97838b23-52fd-11f1-a8e5-eeee0a8b5973.axon-odata-api#flowable-async-job-executor-thread-20517#
[PollStartAppStatusExecution] d92b9203-13f2-4150-992d-a89b2ef18ea4 [2026-05-18T21:11:02.946310] Cell 77283d80-dfa7-40ba-ba4e-265aef112085 stopping instance f8da0703-0243-4474-5049-9b00 (STDOUT, CELL)#
#2026 05 18 21:11:13.018#Z#DEBUG#97838b23-52fd-11f1-a8e5-eeee0a8b5973.axon-odata-api#flowable-async-job-executor-thread-20517#
[PollStartAppStatusExecution] d92b9203-13f2-4150-992d-a89b2ef18ea4 [2026-05-18T21:11:02.946345] Cell 77283d80-dfa7-40ba-ba4e-265aef112085 destroying container for instance f8da0703-0243-4474-5049-9b00 (STDOUT, CELL)#
#2026 05 18 21:11:13.018#Z#DEBUG#97838b23-52fd-11f1-a8e5-eeee0a8b5973.axon-odata-api#flowable-async-job-executor-thread-20517#
[PollStartAppStatusExecution] d92b9203-13f2-4150-992d-a89b2ef18ea4 [2026-05-18T21:11:02.950954] Process has crashed with type: "web" (STDOUT, API)#
#2026 05 18 21:11:13.018#Z#DEBUG#97838b23-52fd-11f1-a8e5-eeee0a8b5973.axon-odata-api#flowable-async-job-executor-thread-20517#
[PollStartAppStatusExecution] d92b9203-13f2-4150-992d-a89b2ef18ea4 [2026-05-18T21:11:02.966691] App instance exited with guid d92b9203-13f2-4150-992d-a89b2ef18ea4 payload: {"instance"=>"f8da0703-0243-4474-5049-9b00", "index"=>0, "cell_id"=>"77283d80-dfa7-40ba-ba4e-265aef112085", "reason"=>"CRASHED", "exit_description"=>"APP/PROC/WEB: Exited with status 1", "crash_count"=>1, "crash_timestamp"=>1779138662927140295, "version"=>"87515ace-72cb-464e-8002-fcdac13c5c9e"} (STDOUT, API)#
#2026 05 18 21:11:13.018#Z#DEBUG#97838b23-52fd-11f1-a8e5-eeee0a8b5973.axon-odata-api#flowable-async-job-executor-thread-20517#
[PollStartAppStatusExecution] d92b9203-13f2-4150-992d-a89b2ef18ea4 [2026-05-18T21:11:03.102998] Cell c839c7b1-088e-41af-b9b7-66256aacd457 creating container for instance 2933248e-26bd-4e74-5958-11ab (STDOUT, CELL)#
#2026 05 18 21:11:13.018#Z#DEBUG#97838b23-52fd-11f1-a8e5-eeee0a8b5973.axon-odata-api#flowable-async-job-executor-thread-20517#
[PollStartAppStatusExecution] d92b9203-13f2-4150-992d-a89b2ef18ea4 [2026-05-18T21:11:03.197072] Exit status 137 (STDOUT, PROXY)#
#2026 05 18 21:11:13.018#Z#DEBUG#97838b23-52fd-11f1-a8e5-eeee0a8b5973.axon-odata-api#flowable-async-job-executor-thread-20517#
[PollStartAppStatusExecution] d92b9203-13f2-4150-992d-a89b2ef18ea4 [2026-05-18T21:11:04.032016] Security group rules were updated (STDOUT, CELL)#
#2026 05 18 21:11:13.018#Z#DEBUG#97838b23-52fd-11f1-a8e5-eeee0a8b5973.axon-odata-api#flowable-async-job-executor-thread-20517#
[PollStartAppStatusExecution] d92b9203-13f2-4150-992d-a89b2ef18ea4 [2026-05-18T21:11:04.116342] Cell c839c7b1-088e-41af-b9b7-66256aacd457 successfully created container for instance 2933248e-26bd-4e74-5958-11ab (STDOUT, CELL)#
#2026 05 18 21:11:13.018#Z#DEBUG#97838b23-52fd-11f1-a8e5-eeee0a8b5973.axon-odata-api#flowable-async-job-executor-thread-20517#
[PollStartAppStatusExecution] d92b9203-13f2-4150-992d-a89b2ef18ea4 [2026-05-18T21:11:05.548022] Downloading droplet... (STDOUT, CELL)#
#2026 05 18 21:11:13.018#Z#DEBUG#97838b23-52fd-11f1-a8e5-eeee0a8b5973.axon-odata-api#flowable-async-job-executor-thread-20517#
[PollStartAppStatusExecution] d92b9203-13f2-4150-992d-a89b2ef18ea4 [2026-05-18T21:11:05.782490] Cell 77283d80-dfa7-40ba-ba4e-265aef112085 successfully destroyed container for instance f8da0703-0243-4474-5049-9b00 (STDOUT, CELL)#
#2026 05 18 21:11:13.018#Z#DEBUG#97838b23-52fd-11f1-a8e5-eeee0a8b5973.axon-odata-api#flowable-async-job-executor-thread-20517#
[PollStartAppStatusExecution] d92b9203-13f2-4150-992d-a89b2ef18ea4 [2026-05-18T21:11:12.153093] Downloaded droplet (71.8M) (STDOUT, CELL)#
#2026 05 18 21:11:13.018#Z#DEBUG#97838b23-52fd-11f1-a8e5-eeee0a8b5973.axon-odata-api#flowable-async-job-executor-thread-20517#
[PollStartAppStatusExecution] d92b9203-13f2-4150-992d-a89b2ef18ea4 [2026-05-18T21:11:12.153270] Starting health monitoring of container (STDOUT, CELL)#
#2026 05 18 21:11:13.018#Z#DEBUG#97838b23-52fd-11f1-a8e5-eeee0a8b5973.axon-odata-api#flowable-async-job-executor-thread-20517#
[PollStartAppStatusExecution] d92b9203-13f2-4150-992d-a89b2ef18ea4 [2026-05-18T21:11:12.305610] Invoking pre-start scripts. (STDOUT, APP/PROC/WEB)#
#2026 05 18 21:11:13.018#Z#DEBUG#97838b23-52fd-11f1-a8e5-eeee0a8b5973.axon-odata-api#flowable-async-job-executor-thread-20517#
[PollStartAppStatusExecution] d92b9203-13f2-4150-992d-a89b2ef18ea4 [2026-05-18T21:11:12.598821] Invoking start command. (STDOUT, APP/PROC/WEB)#
#2026 05 18 21:11:13.018#Z#DEBUG#97838b23-52fd-11f1-a8e5-eeee0a8b5973.axon-odata-api#flowable-async-job-executor-thread-20517#
[PollStartAppStatusExecution] d92b9203-13f2-4150-992d-a89b2ef18ea4 [2026-05-18T21:11:12.684716] Deploying with options: { (STDOUT, APP/PROC/WEB)#
#2026 05 18 21:11:13.018#Z#DEBUG#97838b23-52fd-11f1-a8e5-eeee0a8b5973.axon-odata-api#flowable-async-job-executor-thread-20517#
[PollStartAppStatusExecution] d92b9203-13f2-4150-992d-a89b2ef18ea4 [2026-05-18T21:11:12.684749] kind: 'sqlite', (STDOUT, APP/PROC/WEB)#
#2026 05 18 21:11:13.018#Z#DEBUG#97838b23-52fd-11f1-a8e5-eeee0a8b5973.axon-odata-api#flowable-async-job-executor-thread-20517#
[PollStartAppStatusExecution] d92b9203-13f2-4150-992d-a89b2ef18ea4 [2026-05-18T21:11:12.684753] dialect: 'sqlite', (STDOUT, APP/PROC/WEB)#
#2026 05 18 21:11:13.018#Z#DEBUG#97838b23-52fd-11f1-a8e5-eeee0a8b5973.axon-odata-api#flowable-async-job-executor-thread-20517#
[PollStartAppStatusExecution] d92b9203-13f2-4150-992d-a89b2ef18ea4 [2026-05-18T21:11:12.684758] credentials: { profile: 'production' } (STDOUT, APP/PROC/WEB)#
#2026 05 18 21:11:13.018#Z#DEBUG#97838b23-52fd-11f1-a8e5-eeee0a8b5973.axon-odata-api#flowable-async-job-executor-thread-20517#
[PollStartAppStatusExecution] d92b9203-13f2-4150-992d-a89b2ef18ea4 [2026-05-18T21:11:12.684760] } { to: 'sqlite', profile: 'production' } (STDOUT, APP/PROC/WEB)#
#2026 05 18 21:11:23.011#Z#DEBUG#97838b23-52fd-11f1-a8e5-eeee0a8b5973.axon-odata-api#flowable-async-job-executor-thread-25908#
[PollStartAppStatusExecution] d92b9203-13f2-4150-992d-a89b2ef18ea4 [2026-05-18T21:11:13.367050] /> successfully deployed to in-memory database. (STDOUT, APP/PROC/WEB)#
#2026 05 18 21:11:23.011#Z#DEBUG#97838b23-52fd-11f1-a8e5-eeee0a8b5973.axon-odata-api#flowable-async-job-executor-thread-25908#
[PollStartAppStatusExecution] d92b9203-13f2-4150-992d-a89b2ef18ea4 [2026-05-18T21:11:13.383067] cp: cannot stat 'db.sqlite': No such file or directory (STDERR, APP/PROC/WEB)#
#2026 05 18 21:11:23.011#Z#DEBUG#97838b23-52fd-11f1-a8e5-eeee0a8b5973.axon-odata-api#flowable-async-job-executor-thread-25908#
[PollStartAppStatusExecution] d92b9203-13f2-4150-992d-a89b2ef18ea4 [2026-05-18T21:11:13.395232] Exit status 1 (STDOUT, APP/PROC/WEB)#
#2026 05 18 21:11:23.011#Z#DEBUG#97838b23-52fd-11f1-a8e5-eeee0a8b5973.axon-odata-api#flowable-async-job-executor-thread-25908#
[PollStartAppStatusExecution] d92b9203-13f2-4150-992d-a89b2ef18ea4 [2026-05-18T21:11:20.183752] Cell c839c7b1-088e-41af-b9b7-66256aacd457 stopping instance 2933248e-26bd-4e74-5958-11ab (STDOUT, CELL)#
#2026 05 18 21:11:23.011#Z#DEBUG#97838b23-52fd-11f1-a8e5-eeee0a8b5973.axon-odata-api#flowable-async-job-executor-thread-25908#
[PollStartAppStatusExecution] d92b9203-13f2-4150-992d-a89b2ef18ea4 [2026-05-18T21:11:20.183788] Cell c839c7b1-088e-41af-b9b7-66256aacd457 destroying container for instance 2933248e-26bd-4e74-5958-11ab (STDOUT, CELL)#
#2026 05 18 21:11:23.011#Z#DEBUG#97838b23-52fd-11f1-a8e5-eeee0a8b5973.axon-odata-api#flowable-async-job-executor-thread-25908#
[PollStartAppStatusExecution] d92b9203-13f2-4150-992d-a89b2ef18ea4 [2026-05-18T21:11:20.184769] Process has crashed with type: "web" (STDOUT, API)#
#2026 05 18 21:11:23.011#Z#DEBUG#97838b23-52fd-11f1-a8e5-eeee0a8b5973.axon-odata-api#flowable-async-job-executor-thread-25908#
[PollStartAppStatusExecution] d92b9203-13f2-4150-992d-a89b2ef18ea4 [2026-05-18T21:11:20.195827] App instance exited with guid d92b9203-13f2-4150-992d-a89b2ef18ea4 payload: {"instance"=>"2933248e-26bd-4e74-5958-11ab", "index"=>0, "cell_id"=>"c839c7b1-088e-41af-b9b7-66256aacd457", "reason"=>"CRASHED", "exit_description"=>"APP/PROC/WEB: Exited with status 1", "crash_count"=>2, "crash_timestamp"=>1779138680158494989, "version"=>"87515ace-72cb-464e-8002-fcdac13c5c9e"} (STDOUT, API)#
#2026 05 18 21:11:23.011#Z#DEBUG#97838b23-52fd-11f1-a8e5-eeee0a8b5973.axon-odata-api#flowable-async-job-executor-thread-25908#
[PollStartAppStatusExecution] d92b9203-13f2-4150-992d-a89b2ef18ea4 [2026-05-18T21:11:20.375249] Cell 77283d80-dfa7-40ba-ba4e-265aef112085 creating container for instance 442feb62-59e6-4c0b-7a68-ef67 (STDOUT, CELL)#
#2026 05 18 21:11:23.011#Z#DEBUG#97838b23-52fd-11f1-a8e5-eeee0a8b5973.axon-odata-api#flowable-async-job-executor-thread-25908#
[PollStartAppStatusExecution] d92b9203-13f2-4150-992d-a89b2ef18ea4 [2026-05-18T21:11:20.424749] Exit status 137 (STDOUT, PROXY)#
#2026 05 18 21:11:23.011#Z#DEBUG#97838b23-52fd-11f1-a8e5-eeee0a8b5973.axon-odata-api#flowable-async-job-executor-thread-25908#
[PollStartAppStatusExecution] d92b9203-13f2-4150-992d-a89b2ef18ea4 [2026-05-18T21:11:21.417266] Security group rules were updated (STDOUT, CELL)#
#2026 05 18 21:11:23.011#Z#DEBUG#97838b23-52fd-11f1-a8e5-eeee0a8b5973.axon-odata-api#flowable-async-job-executor-thread-25908#
[PollStartAppStatusExecution] d92b9203-13f2-4150-992d-a89b2ef18ea4 [2026-05-18T21:11:21.510479] Cell 77283d80-dfa7-40ba-ba4e-265aef112085 successfully created container for instance 442feb62-59e6-4c0b-7a68-ef67 (STDOUT, CELL)#
#2026 05 18 21:11:23.011#Z#DEBUG#97838b23-52fd-11f1-a8e5-eeee0a8b5973.axon-odata-api#flowable-async-job-executor-thread-25908#
[PollStartAppStatusExecution] d92b9203-13f2-4150-992d-a89b2ef18ea4 [2026-05-18T21:11:22.204131] Downloading droplet... (STDOUT, CELL)#
#2026 05 18 21:11:33.089#Z#DEBUG#97838b23-52fd-11f1-a8e5-eeee0a8b5973.axon-odata-api#flowable-async-job-executor-thread-25917#
[PollStartAppStatusExecution] d92b9203-13f2-4150-992d-a89b2ef18ea4 [2026-05-18T21:11:23.063056] Cell c839c7b1-088e-41af-b9b7-66256aacd457 successfully destroyed container for instance 2933248e-26bd-4e74-5958-11ab (STDOUT, CELL)#
#2026 05 18 21:11:33.089#Z#DEBUG#97838b23-52fd-11f1-a8e5-eeee0a8b5973.axon-odata-api#flowable-async-job-executor-thread-25917#
[PollStartAppStatusExecution] d92b9203-13f2-4150-992d-a89b2ef18ea4 [2026-05-18T21:11:24.775117] Downloaded droplet (STDOUT, CELL)#
#2026 05 18 21:11:33.089#Z#DEBUG#97838b23-52fd-11f1-a8e5-eeee0a8b5973.axon-odata-api#flowable-async-job-executor-thread-25917#
[PollStartAppStatusExecution] d92b9203-13f2-4150-992d-a89b2ef18ea4 [2026-05-18T21:11:24.775308] Starting health monitoring of container (STDOUT, CELL)#
#2026 05 18 21:11:33.089#Z#DEBUG#97838b23-52fd-11f1-a8e5-eeee0a8b5973.axon-odata-api#flowable-async-job-executor-thread-25917#
[PollStartAppStatusExecution] d92b9203-13f2-4150-992d-a89b2ef18ea4 [2026-05-18T21:11:24.955201] Invoking pre-start scripts. (STDOUT, APP/PROC/WEB)#
#2026 05 18 21:11:33.089#Z#DEBUG#97838b23-52fd-11f1-a8e5-eeee0a8b5973.axon-odata-api#flowable-async-job-executor-thread-25917#
[PollStartAppStatusExecution] d92b9203-13f2-4150-992d-a89b2ef18ea4 [2026-05-18T21:11:25.234850] Invoking start command. (STDOUT, APP/PROC/WEB)#
#2026 05 18 21:11:33.089#Z#DEBUG#97838b23-52fd-11f1-a8e5-eeee0a8b5973.axon-odata-api#flowable-async-job-executor-thread-25917#
[PollStartAppStatusExecution] d92b9203-13f2-4150-992d-a89b2ef18ea4 [2026-05-18T21:11:25.323625] Deploying with options: { (STDOUT, APP/PROC/WEB)#
#2026 05 18 21:11:33.089#Z#DEBUG#97838b23-52fd-11f1-a8e5-eeee0a8b5973.axon-odata-api#flowable-async-job-executor-thread-25917#
[PollStartAppStatusExecution] d92b9203-13f2-4150-992d-a89b2ef18ea4 [2026-05-18T21:11:25.323661] kind: 'sqlite', (STDOUT, APP/PROC/WEB)#
#2026 05 18 21:11:33.089#Z#DEBUG#97838b23-52fd-11f1-a8e5-eeee0a8b5973.axon-odata-api#flowable-async-job-executor-thread-25917#
[PollStartAppStatusExecution] d92b9203-13f2-4150-992d-a89b2ef18ea4 [2026-05-18T21:11:25.323665] dialect: 'sqlite', (STDOUT, APP/PROC/WEB)#
#2026 05 18 21:11:33.089#Z#DEBUG#97838b23-52fd-11f1-a8e5-eeee0a8b5973.axon-odata-api#flowable-async-job-executor-thread-25917#
[PollStartAppStatusExecution] d92b9203-13f2-4150-992d-a89b2ef18ea4 [2026-05-18T21:11:25.323670] credentials: { profile: 'production' } (STDOUT, APP/PROC/WEB)#
#2026 05 18 21:11:33.089#Z#DEBUG#97838b23-52fd-11f1-a8e5-eeee0a8b5973.axon-odata-api#flowable-async-job-executor-thread-25917#
[PollStartAppStatusExecution] d92b9203-13f2-4150-992d-a89b2ef18ea4 [2026-05-18T21:11:25.323672] } { to: 'sqlite', profile: 'production' } (STDOUT, APP/PROC/WEB)#
#2026 05 18 21:11:33.089#Z#DEBUG#97838b23-52fd-11f1-a8e5-eeee0a8b5973.axon-odata-api#flowable-async-job-executor-thread-25917#
[PollStartAppStatusExecution] d92b9203-13f2-4150-992d-a89b2ef18ea4 [2026-05-18T21:11:26.243987] /> successfully deployed to in-memory database. (STDOUT, APP/PROC/WEB)#
#2026 05 18 21:11:33.089#Z#DEBUG#97838b23-52fd-11f1-a8e5-eeee0a8b5973.axon-odata-api#flowable-async-job-executor-thread-25917#
[PollStartAppStatusExecution] d92b9203-13f2-4150-992d-a89b2ef18ea4 [2026-05-18T21:11:26.266475] cp: cannot stat 'db.sqlite': No such file or directory (STDERR, APP/PROC/WEB)#
#2026 05 18 21:11:33.089#Z#DEBUG#97838b23-52fd-11f1-a8e5-eeee0a8b5973.axon-odata-api#flowable-async-job-executor-thread-25917#
[PollStartAppStatusExecution] d92b9203-13f2-4150-992d-a89b2ef18ea4 [2026-05-18T21:11:26.283317] Exit status 1 (STDOUT, APP/PROC/WEB)#
