#2026 05 18 21:07:34.738#Z#INFO#97838b23-52fd-11f1-a8e5-eeee0a8b5973.OPERATION#http-nio-0.0.0.0-8080-exec-2#
[XS2StartProcessListener] Operation ID: 97838b23-52fd-11f1-a8e5-eeee0a8b5973#
#2026 05 18 21:07:34.765#Z#DEBUG#97838b23-52fd-11f1-a8e5-eeee0a8b5973.OPERATION#http-nio-0.0.0.0-8080-exec-2#
[XS2StartProcessListener] Process environment: {
  "SKIP_SSL_VALIDATION" : "false",
  "FLOWABLE_JOB_EXECUTOR_MAX_THREADS" : "32",
  "VERSION" : "2.45.0",
  "BASIC_AUTH_ENABLED" : "true",
  "FLOWABLE_JOB_EXECUTOR_QUEUE_CAPACITY" : "16",
  "FLOWABLE_JOB_EXECUTOR_CORE_THREADS" : "8"
}#
#2026 05 18 21:07:34.765#Z#DEBUG#97838b23-52fd-11f1-a8e5-eeee0a8b5973.OPERATION#http-nio-0.0.0.0-8080-exec-2#
[XS2StartProcessListener] Current user: melikmusinian@gmail.com#
#2026 05 18 21:07:34.765#Z#DEBUG#97838b23-52fd-11f1-a8e5-eeee0a8b5973.OPERATION#http-nio-0.0.0.0-8080-exec-2#
[XS2StartProcessListener] Client space: dev#
#2026 05 18 21:07:34.765#Z#DEBUG#97838b23-52fd-11f1-a8e5-eeee0a8b5973.OPERATION#http-nio-0.0.0.0-8080-exec-2#
[XS2StartProcessListener] Client organization: 590c8b3dtrial_590c8b3dtrial#
#2026 05 18 21:07:34.765#Z#INFO#97838b23-52fd-11f1-a8e5-eeee0a8b5973.OPERATION#http-nio-0.0.0.0-8080-exec-2#
[XS2StartProcessListener] Process variables: {
  "keepFiles" : false,
  "skipAppDigestCalculation" : false,
  "abortOnError" : false,
  "mtaId" : "axon-odata-api",
  "noFailOnMissingPermissions" : false,
  "isSecurityEnabled" : false,
  "apiRequestPath" : "https://deploy-service.cf.us10-001.hana.ondemand.com/api/v1/spaces/46c5c819-922f-41a0-b344-dcdeaecd2987/operations",
  "deleteServiceBrokers" : false,
  "appArchiveId" : "d321a818-2d6d-4405-9136-922ea7444e3b",
  "isDisposableUserProvidedServiceEnabled" : false,
  "deleteServiceKeys" : false,
  "noRestartSubscribedApps" : false,
  "noStart" : false,
  "deleteServices" : false
}#
#2026 05 18 21:07:34.825#Z#DEBUG#97838b23-52fd-11f1-a8e5-eeee0a8b5973.OPERATION#flowable-async-job-executor-thread-20412#
[ValidateDeployParametersStep] Executing task "validateParametersTask" of process "97838b49-52fd-11f1-a8e5-eeee0a8b5973"...#
#2026 05 18 21:07:34.825#Z#DEBUG#97838b23-52fd-11f1-a8e5-eeee0a8b5973.OPERATION#flowable-async-job-executor-thread-20412#
[ValidateDeployParametersStep] Validating parameters...#
#2026 05 18 21:07:34.828#Z#INFO#97838b23-52fd-11f1-a8e5-eeee0a8b5973.OPERATION#flowable-async-job-executor-thread-20412#
[ValidateDeployParametersStep] Size of mtars is 24,535,766 and size of extension descriptors is 0#
#2026 05 18 21:07:34.964#Z#INFO#97838b23-52fd-11f1-a8e5-eeee0a8b5973.OPERATION#flowable-async-job-executor-thread-20412#
[ValidateDeployParametersStep] Archive was not split! Total size in bytes: 24,535,766#
#2026 05 18 21:07:34.964#Z#INFO#97838b23-52fd-11f1-a8e5-eeee0a8b5973.OPERATION#flowable-async-job-executor-thread-20412#
[ValidateDeployParametersStep] Deploying in org "590c8b3dtrial_590c8b3dtrial" and space "dev"#
#2026 05 18 21:07:34.977#Z#DEBUG#97838b23-52fd-11f1-a8e5-eeee0a8b5973.OPERATION#flowable-async-job-executor-thread-20412#
[ValidateDeployParametersStep] Parameters validated#
#2026 05 18 21:07:34.977#Z#DEBUG#97838b23-52fd-11f1-a8e5-eeee0a8b5973.OPERATION#flowable-async-job-executor-thread-20412#
Step "Validate Parameters" finished#
#2026 05 18 21:07:35.015#Z#DEBUG#97838b23-52fd-11f1-a8e5-eeee0a8b5973.OPERATION#flowable-async-job-executor-thread-20413#
[DeleteRemainingFileParts] Executing task "deleteRemainingFileParts" of process "97838b49-52fd-11f1-a8e5-eeee0a8b5973"...#
#2026 05 18 21:07:35.016#Z#DEBUG#97838b23-52fd-11f1-a8e5-eeee0a8b5973.OPERATION#flowable-async-job-executor-thread-20413#
Step "Delete Remaining File Parts" finished#
#2026 05 18 21:07:35.054#Z#DEBUG#97838b23-52fd-11f1-a8e5-eeee0a8b5973.OPERATION#flowable-async-job-executor-thread-20414#
[XS2ProcessMtaArchiveStep] Executing task "processArchiveTask" of process "97838b49-52fd-11f1-a8e5-eeee0a8b5973"...#
#2026 05 18 21:07:35.055#Z#DEBUG#97838b23-52fd-11f1-a8e5-eeee0a8b5973.OPERATION#flowable-async-job-executor-thread-20414#
[XS2ProcessMtaArchiveStep] Processing MTA archive...#
#2026 05 18 21:07:35.055#Z#DEBUG#97838b23-52fd-11f1-a8e5-eeee0a8b5973.OPERATION#flowable-async-job-executor-thread-20414#
[XS2ProcessMtaArchiveStep] MTA Archive ID: d321a818-2d6d-4405-9136-922ea7444e3b#
#2026 05 18 21:07:35.694#Z#DEBUG#97838b23-52fd-11f1-a8e5-eeee0a8b5973.OPERATION#flowable-async-job-executor-thread-20414#
[XS2ProcessMtaArchiveStep] MTA Descriptor length: 1,176#
#2026 05 18 21:07:35.694#Z#DEBUG#97838b23-52fd-11f1-a8e5-eeee0a8b5973.OPERATION#flowable-async-job-executor-thread-20414#
[XS2ProcessMtaArchiveStep] MTA Archive Modules: [axon-odata-api, axon-odata-api-app]#
#2026 05 18 21:07:35.694#Z#DEBUG#97838b23-52fd-11f1-a8e5-eeee0a8b5973.OPERATION#flowable-async-job-executor-thread-20414#
[XS2ProcessMtaArchiveStep] MTA Archive Requires: []#
#2026 05 18 21:07:35.694#Z#DEBUG#97838b23-52fd-11f1-a8e5-eeee0a8b5973.OPERATION#flowable-async-job-executor-thread-20414#
[XS2ProcessMtaArchiveStep] MTA Archive Resources: []#
#2026 05 18 21:07:35.708#Z#DEBUG#97838b23-52fd-11f1-a8e5-eeee0a8b5973.OPERATION#flowable-async-job-executor-thread-20414#
[XS2ProcessMtaArchiveStep] MTA archive processed#
#2026 05 18 21:07:35.708#Z#DEBUG#97838b23-52fd-11f1-a8e5-eeee0a8b5973.OPERATION#flowable-async-job-executor-thread-20414#
Step "Process Archive" finished#
#2026 05 18 21:07:35.774#Z#DEBUG#97838b23-52fd-11f1-a8e5-eeee0a8b5973.OPERATION#flowable-async-job-executor-thread-20407#
[ProcessMtaExtensionDescriptorsStep] Executing task "processExtensionDescriptorsTask" of process "97838b49-52fd-11f1-a8e5-eeee0a8b5973"...#
#2026 05 18 21:07:35.775#Z#DEBUG#97838b23-52fd-11f1-a8e5-eeee0a8b5973.OPERATION#flowable-async-job-executor-thread-20407#
[ProcessMtaExtensionDescriptorsStep] Processing MTA extension descriptors...#
#2026 05 18 21:07:35.775#Z#DEBUG#97838b23-52fd-11f1-a8e5-eeee0a8b5973.OPERATION#flowable-async-job-executor-thread-20407#
[ProcessMtaExtensionDescriptorsStep] Provided extension descriptors: [ ]#
#2026 05 18 21:07:35.775#Z#DEBUG#97838b23-52fd-11f1-a8e5-eeee0a8b5973.OPERATION#flowable-async-job-executor-thread-20407#
[ProcessMtaExtensionDescriptorsStep] No extension descriptors in use#
#2026 05 18 21:07:35.775#Z#DEBUG#97838b23-52fd-11f1-a8e5-eeee0a8b5973.OPERATION#flowable-async-job-executor-thread-20407#
[ProcessMtaExtensionDescriptorsStep] MTA extension descriptors processed#
#2026 05 18 21:07:35.775#Z#DEBUG#97838b23-52fd-11f1-a8e5-eeee0a8b5973.OPERATION#flowable-async-job-executor-thread-20407#
Step "Process Extension Descriptors" finished#
#2026 05 18 21:07:35.827#Z#DEBUG#97838b23-52fd-11f1-a8e5-eeee0a8b5973.OPERATION#flowable-async-job-executor-thread-20407#
[XS2DetectMtaSchemaVersionStep] Executing task "detectSchemaVersionTask" of process "97838b49-52fd-11f1-a8e5-eeee0a8b5973"...#
#2026 05 18 21:07:35.829#Z#DEBUG#97838b23-52fd-11f1-a8e5-eeee0a8b5973.OPERATION#flowable-async-job-executor-thread-20407#
[XS2DetectMtaSchemaVersionStep] Detecting MTA major schema version...#
#2026 05 18 21:07:35.830#Z#INFO#97838b23-52fd-11f1-a8e5-eeee0a8b5973.OPERATION#flowable-async-job-executor-thread-20407#
[XS2DetectMtaSchemaVersionStep] Detected MTA schema version: "3"#
#2026 05 18 21:07:35.837#Z#DEBUG#97838b23-52fd-11f1-a8e5-eeee0a8b5973.OPERATION#flowable-async-job-executor-thread-20407#
Step "Detect Schema Version" finished#
#2026 05 18 21:07:35.888#Z#DEBUG#97838b23-52fd-11f1-a8e5-eeee0a8b5973.OPERATION#flowable-async-job-executor-thread-20407#
[MergeDescriptorsStep] Executing task "mergeDescriptorsTask" of process "97838b49-52fd-11f1-a8e5-eeee0a8b5973"...#
#2026 05 18 21:07:35.889#Z#DEBUG#97838b23-52fd-11f1-a8e5-eeee0a8b5973.OPERATION#flowable-async-job-executor-thread-20407#
[MergeDescriptorsStep] Validating and merging descriptors...#
#2026 05 18 21:07:35.892#Z#DEBUG#97838b23-52fd-11f1-a8e5-eeee0a8b5973.OPERATION#flowable-async-job-executor-thread-20407#
[MergeDescriptorsStep] Merged deployment descriptor: {
  "majorSchemaVersion" : 3,
  "schemaVersion" : "3.3.0",
  "id" : "axon-odata-api",
  "version" : "1.0.0",
  "modules" : [ {
    "majorSchemaVersion" : 3,
    "name" : "axon-odata-api",
    "type" : "javascript.nodejs",
    "path" : "axon-odata-api",
    "properties" : { },
    "parameters" : {
      "disk-quota" : "512M",
      "command" : "rm -f axon-odata-api.db db.sqlite && ./node_modules/.bin/cds-deploy --to sqlite --profile production && cp -f db.sqlite axon-odata-api.db && npm start",
      "memory" : "256M"
    },
    "requiredDependencies" : [ {
      "majorSchemaVersion" : 3,
      "name" : "********",
      "properties" : { },
      "parameters" : { },
      "propertiesMetadata" : {
        "metadata" : { }
      },
      "parametersMetadata" : {
        "metadata" : { }
      }
    } ],
    "providedDependencies" : [ {
      "majorSchemaVersion" : 3,
      "name" : "srv-api",
      "isPublic" : false,
      "properties" : {
        "srv-url" : "${default-url}"
      },
      "parameters" : { },
      "propertiesMetadata" : {
        "metadata" : { }
      },
      "parametersMetadata" : {
        "metadata" : { }
      }
    }, {
      "majorSchemaVersion" : 3,
      "name" : "axon-odata-api",
      "isPublic" : false,
      "properties" : { },
      "parameters" : { },
      "propertiesMetadata" : {
        "metadata" : { }
      },
      "parametersMetadata" : {
        "metadata" : { }
      }
    } ],
    "propertiesMetadata" : {
      "metadata" : { }
    },
    "parametersMetadata" : {
      "metadata" : { }
    },
    "hooks" : [ ]
  }, {
    "majorSchemaVersion" : 3,
    "name" : "axon-odata-api-app",
    "type" : "javascript.nodejs",
    "path" : "axon-odata-api-app",
    "properties" : { },
    "parameters" : {
      "disk-quota" : "256M",
      "memory" : "256M"
    },
    "requiredDependencies" : [ {
      "majorSchemaVersion" : 3,
      "name" : "srv-api",
      "group" : "destinations",
      "properties" : {
        "name" : "srv-api",
        "forwardAuthToken" : "********",
        "url" : "~{srv-url}"
      },
      "parameters" : { },
      "propertiesMetadata" : {
        "metadata" : { }
      },
      "parametersMetadata" : {
        "metadata" : { }
      }
    }, {
      "majorSchemaVersion" : 3,
      "name" : "********",
      "properties" : { },
      "parameters" : { },
      "propertiesMetadata" : {
        "metadata" : { }
      },
      "parametersMetadata" : {
        "metadata" : { }
      }
    } ],
    "providedDependencies" : [ {
      "majorSchemaVersion" : 3,
      "name" : "app-api",
      "isPublic" : false,
      "properties" : {
        "app-url" : "${default-url}"
      },
      "parameters" : { },
      "propertiesMetadata" : {
        "metadata" : { }
      },
      "parametersMetadata" : {
        "metadata" : { }
      }
    }, {
      "majorSchemaVersion" : 3,
      "name" : "axon-odata-api-app",
      "isPublic" : false,
      "properties" : { },
      "parameters" : { },
      "propertiesMetadata" : {
        "metadata" : { }
      },
      "parametersMetadata" : {
        "metadata" : { }
      }
    } ],
    "propertiesMetadata" : {
      "metadata" : { }
    },
    "parametersMetadata" : {
      "metadata" : { }
    },
    "hooks" : [ ]
  } ],
  "resources" : [ {
    "majorSchemaVersion" : 3,
    "name" : "********",
    "type" : "org.cloudfoundry.existing-service",
    "properties" : { },
    "parameters" : {
      "type" : "existing-service"
    },
    "isActive" : true,
    "isOptional" : false,
    "propertiesMetadata" : {
      "metadata" : { }
    },
    "parametersMetadata" : {
      "metadata" : { }
    },
    "requiredDependencies" : [ ],
    "processedAfter" : [ ]
  } ],
  "parameters" : {
    "enable-parallel-deployments" : true
  },
  "parametersMetadata" : {
    "metadata" : { }
  }
}#
#2026 05 18 21:07:35.894#Z#DEBUG#97838b23-52fd-11f1-a8e5-eeee0a8b5973.OPERATION#flowable-async-job-executor-thread-20407#
[MergeDescriptorsStep] Descriptors validated and merged#
#2026 05 18 21:07:35.894#Z#DEBUG#97838b23-52fd-11f1-a8e5-eeee0a8b5973.OPERATION#flowable-async-job-executor-thread-20407#
Step "Merge Descriptors" finished#
#2026 05 18 21:07:35.942#Z#DEBUG#97838b23-52fd-11f1-a8e5-eeee0a8b5973.OPERATION#flowable-async-job-executor-thread-20410#
[DetectDeployedMtaStep] Executing task "detectDeployedMtaTask" of process "97838b49-52fd-11f1-a8e5-eeee0a8b5973"...#
#2026 05 18 21:07:35.943#Z#DEBUG#97838b23-52fd-11f1-a8e5-eeee0a8b5973.OPERATION#flowable-async-job-executor-thread-20410#
[DetectDeployedMtaStep] Detecting deployed MTA...#
#2026 05 18 21:07:35.944#Z#DEBUG#97838b23-52fd-11f1-a8e5-eeee0a8b5973.OPERATION#flowable-async-job-executor-thread-20410#
[DetectDeployedMtaStep] Detecting MTA by id axon-odata-api and namespace null#
#2026 05 18 21:07:35.944#Z#DEBUG#97838b23-52fd-11f1-a8e5-eeee0a8b5973.OPERATION#flowable-async-job-executor-thread-20410#
[DetectDeployedMtaStep] Getting applications by metadata label selector "mta_id=dfb658b64adc78433a3dac251a46c416,!mta_namespace"...#
#2026 05 18 21:07:35.987#Z#DEBUG#97838b23-52fd-11f1-a8e5-eeee0a8b5973.OPERATION#flowable-async-job-executor-thread-20410#
[DetectDeployedMtaStep] Getting service instances by metadata label selector "mta_id=dfb658b64adc78433a3dac251a46c416,!mta_namespace"...#
#2026 05 18 21:07:36.019#Z#DEBUG#97838b23-52fd-11f1-a8e5-eeee0a8b5973.OPERATION#flowable-async-job-executor-thread-20410#
[DetectDeployedMtaStep] Deployed MTA: {
  "metadata" : {
    "id" : "axon-odata-api",
    "version" : "1.0.0"
  },
  "applications" : [ {
    "name" : "axon-odata-api",
    "metadata" : {
      "guid" : "d92b9203-13f2-4150-992d-a89b2ef18ea4",
      "createdAt" : [ 2026, 5, 16, 20, 34, 51 ],
      "updatedAt" : [ 2026, 5, 18, 21, 6, 44 ]
    },
    "v3Metadata" : {
      "annotations" : {
        "mta_id" : "axon-odata-api",
        "mta_version" : "1.0.0",
        "mta_module" : "{\"name\":\"axon-odata-api\"}",
        "mta_module_provided_dependencies" : "[]",
        "mta_bound_services" : "[]"
      },
      "labels" : {
        "mta_id" : "dfb658b64adc78433a3dac251a46c416"
      }
    },
    "state" : "STARTED",
    "lifecycle" : {
      "type" : "BUILDPACK",
      "data" : {
        "buildpacks" : [ ],
        "stack" : "cflinuxfs4"
      }
    },
    "space" : {
      "name" : "dev",
      "metadata" : {
        "guid" : "46c5c819-922f-41a0-b344-dcdeaecd2987",
        "createdAt" : [ 2026, 4, 11, 17, 1, 43 ],
        "updatedAt" : [ 2026, 4, 11, 17, 1, 43 ]
      },
      "organization" : {
        "name" : "590c8b3dtrial_590c8b3dtrial",
        "metadata" : {
          "guid" : "88230758-1103-4d78-aabf-593fe928b154",
          "createdAt" : [ 2026, 4, 11, 17, 0, 41 ],
          "updatedAt" : [ 2026, 4, 11, 17, 0, 42 ]
        }
      }
    },
    "moduleName" : "axon-odata-api",
    "boundMtaServices" : [ ],
    "providedDependencyNames" : [ ],
    "productizationState" : "LIVE"
  }, {
    "name" : "axon-odata-api-app",
    "metadata" : {
      "guid" : "fbe7a60c-9d59-4646-9863-1fb8863709b6",
      "createdAt" : [ 2026, 5, 18, 18, 50, 28 ],
      "updatedAt" : [ 2026, 5, 18, 21, 3, 51 ]
    },
    "v3Metadata" : {
      "annotations" : {
        "mta_id" : "axon-odata-api",
        "mta_version" : "1.0.0",
        "mta_module" : "{\"name\":\"axon-odata-api-app\"}",
        "mta_module_provided_dependencies" : "[]",
        "mta_bound_services" : "[]"
      },
      "labels" : {
        "mta_id" : "dfb658b64adc78433a3dac251a46c416"
      }
    },
    "state" : "STARTED",
    "lifecycle" : {
      "type" : "BUILDPACK",
      "data" : {
        "buildpacks" : [ ],
        "stack" : "cflinuxfs4"
      }
    },
    "space" : {
      "name" : "dev",
      "metadata" : {
        "guid" : "46c5c819-922f-41a0-b344-dcdeaecd2987",
        "createdAt" : [ 2026, 4, 11, 17, 1, 43 ],
        "updatedAt" : [ 2026, 4, 11, 17, 1, 43 ]
      },
      "organization" : {
        "name" : "590c8b3dtrial_590c8b3dtrial",
        "metadata" : {
          "guid" : "88230758-1103-4d78-aabf-593fe928b154",
          "createdAt" : [ 2026, 4, 11, 17, 0, 41 ],
          "updatedAt" : [ 2026, 4, 11, 17, 0, 42 ]
        }
      }
    },
    "moduleName" : "axon-odata-api-app",
    "boundMtaServices" : [ ],
    "providedDependencyNames" : [ ],
    "productizationState" : "LIVE"
  } ],
  "services" : [ ]
}#
#2026 05 18 21:07:36.019#Z#INFO#97838b23-52fd-11f1-a8e5-eeee0a8b5973.OPERATION#flowable-async-job-executor-thread-20410#
[DetectDeployedMtaStep] Detected deployed MTA with ID "axon-odata-api" and version "1.0.0"#
#2026 05 18 21:07:36.062#Z#DEBUG#97838b23-52fd-11f1-a8e5-eeee0a8b5973.OPERATION#flowable-async-job-executor-thread-20410#
[DetectDeployedMtaStep] Detecting backup mta by id "axon-odata-api" and namespace "null"#
#2026 05 18 21:07:36.062#Z#DEBUG#97838b23-52fd-11f1-a8e5-eeee0a8b5973.OPERATION#flowable-async-job-executor-thread-20410#
[DetectDeployedMtaStep] Getting applications by metadata label selector "mta_id=dfb658b64adc78433a3dac251a46c416,mta_namespace=b698114a0995e936895b9598a6c19a2c"...#
#2026 05 18 21:07:36.097#Z#DEBUG#97838b23-52fd-11f1-a8e5-eeee0a8b5973.OPERATION#flowable-async-job-executor-thread-20410#
[DetectDeployedMtaStep] Getting service instances by metadata label selector "mta_id=dfb658b64adc78433a3dac251a46c416,mta_namespace=b698114a0995e936895b9598a6c19a2c"...#
#2026 05 18 21:07:36.126#Z#DEBUG#97838b23-52fd-11f1-a8e5-eeee0a8b5973.OPERATION#flowable-async-job-executor-thread-20410#
[DetectDeployedMtaStep] Deployed MTA service keys: [ ]#
#2026 05 18 21:07:36.126#Z#DEBUG#97838b23-52fd-11f1-a8e5-eeee0a8b5973.OPERATION#flowable-async-job-executor-thread-20410#
Step "Detect Deployed MTA" finished#
#2026 05 18 21:07:36.177#Z#DEBUG#97838b23-52fd-11f1-a8e5-eeee0a8b5973.OPERATION#flowable-async-job-executor-thread-20410#
[XS2CollectSystemParametersStep] Executing task "collectSystemParametersTask" of process "97838b49-52fd-11f1-a8e5-eeee0a8b5973"...#
#2026 05 18 21:07:36.179#Z#DEBUG#97838b23-52fd-11f1-a8e5-eeee0a8b5973.OPERATION#flowable-async-job-executor-thread-20410#
[XS2CollectSystemParametersStep] Collecting system parameters...#
#2026 05 18 21:07:36.180#Z#DEBUG#97838b23-52fd-11f1-a8e5-eeee0a8b5973.OPERATION#flowable-async-job-executor-thread-20410#
[XS2CollectSystemParametersStep] Getting default domain...#
#2026 05 18 21:07:36.208#Z#DEBUG#97838b23-52fd-11f1-a8e5-eeee0a8b5973.OPERATION#flowable-async-job-executor-thread-20410#
[XS2CollectSystemParametersStep] Default domain: cfapps.us10-001.hana.ondemand.com#
#2026 05 18 21:07:36.208#Z#DEBUG#97838b23-52fd-11f1-a8e5-eeee0a8b5973.OPERATION#flowable-async-job-executor-thread-20410#
[XS2CollectSystemParametersStep] Checking for overwriting read-only parameters for mta with id: "axon-odata-api"#
#2026 05 18 21:07:36.208#Z#DEBUG#97838b23-52fd-11f1-a8e5-eeee0a8b5973.OPERATION#flowable-async-job-executor-thread-20410#
[XS2CollectSystemParametersStep] No read-only parameters are overwritten#
#2026 05 18 21:07:36.221#Z#DEBUG#97838b23-52fd-11f1-a8e5-eeee0a8b5973.OPERATION#flowable-async-job-executor-thread-20410#
[XS2CollectSystemParametersStep] Descriptor with system parameters: {
  "majorSchemaVersion" : 3,
  "schemaVersion" : "3.3.0",
  "id" : "axon-odata-api",
  "version" : "1.0.0",
  "modules" : [ {
    "majorSchemaVersion" : 3,
    "name" : "axon-odata-api",
    "type" : "javascript.nodejs",
    "path" : "axon-odata-api",
    "properties" : { },
    "parameters" : {
      "default-url" : "${protocol}://${default-uri}",
      "default-app-name" : "axon-odata-api",
      "generated-password" : "********",
      "default-live-url" : "${protocol}://${default-live-uri}",
      "default-uri" : "${host}.${domain}",
      "memory" : "256M",
      "default-instances" : 1,
      "default-live-host" : "590c8b3dtrial-590c8b3dtrial-dev-axon-odata-api",
      "instances" : "${default-instances}",
      "default-host" : "590c8b3dtrial-590c8b3dtrial-dev-axon-odata-api",
      "command" : "rm -f axon-odata-api.db db.sqlite && ./node_modules/.bin/cds-deploy --to sqlite --profile production && cp -f db.sqlite axon-odata-api.db && npm start",
      "app-name" : "${default-app-name}",
      "default-live-uri" : "590c8b3dtrial-590c8b3dtrial-dev-axon-odata-api.${domain}",
      "protocol" : "https",
      "default-live-app-name" : "axon-odata-api",
      "default-live-domain" : "cfapps.us10-001.hana.ondemand.com",
      "disk-quota" : "512M",
      "domain" : "${default-domain}",
      "host" : "${default-host}",
      "generated-user" : "********"
    },
    "requiredDependencies" : [ {
      "majorSchemaVersion" : 3,
      "name" : "********",
      "properties" : { },
      "parameters" : { },
      "propertiesMetadata" : {
        "metadata" : { }
      },
      "parametersMetadata" : {
        "metadata" : { }
      }
    } ],
    "providedDependencies" : [ {
      "majorSchemaVersion" : 3,
      "name" : "srv-api",
      "isPublic" : false,
      "properties" : {
        "srv-url" : "${default-url}"
      },
      "parameters" : { },
      "propertiesMetadata" : {
        "metadata" : { }
      },
      "parametersMetadata" : {
        "metadata" : { }
      }
    }, {
      "majorSchemaVersion" : 3,
      "name" : "axon-odata-api",
      "isPublic" : false,
      "properties" : { },
      "parameters" : { },
      "propertiesMetadata" : {
        "metadata" : { }
      },
      "parametersMetadata" : {
        "metadata" : { }
      }
    } ],
    "propertiesMetadata" : {
      "metadata" : { }
    },
    "parametersMetadata" : {
      "metadata" : { }
    },
    "hooks" : [ ]
  }, {
    "majorSchemaVersion" : 3,
    "name" : "axon-odata-api-app",
    "type" : "javascript.nodejs",
    "path" : "axon-odata-api-app",
    "properties" : { },
    "parameters" : {
      "default-url" : "${protocol}://${default-uri}",
      "default-app-name" : "axon-odata-api-app",
      "generated-password" : "********",
      "default-live-url" : "${protocol}://${default-live-uri}",
      "default-uri" : "${host}.${domain}",
      "memory" : "256M",
      "default-instances" : 1,
      "default-live-host" : "590c8b3dtrial-590c8b3dtrial-dev-axon-odata-api-app",
      "instances" : "${default-instances}",
      "default-host" : "590c8b3dtrial-590c8b3dtrial-dev-axon-odata-api-app",
      "app-name" : "${default-app-name}",
      "default-live-uri" : "590c8b3dtrial-590c8b3dtrial-dev-axon-odata-api-app.${domain}",
      "protocol" : "https",
      "default-live-app-name" : "axon-odata-api-app",
      "default-live-domain" : "cfapps.us10-001.hana.ondemand.com",
      "disk-quota" : "256M",
      "domain" : "${default-domain}",
      "host" : "${default-host}",
      "generated-user" : "********"
    },
    "requiredDependencies" : [ {
      "majorSchemaVersion" : 3,
      "name" : "srv-api",
      "group" : "destinations",
      "properties" : {
        "name" : "srv-api",
        "forwardAuthToken" : "********",
        "url" : "~{srv-url}"
      },
      "parameters" : { },
      "propertiesMetadata" : {
        "metadata" : { }
      },
      "parametersMetadata" : {
        "metadata" : { }
      }
    }, {
      "majorSchemaVersion" : 3,
      "name" : "********",
      "properties" : { },
      "parameters" : { },
      "propertiesMetadata" : {
        "metadata" : { }
      },
      "parametersMetadata" : {
        "metadata" : { }
      }
    } ],
    "providedDependencies" : [ {
      "majorSchemaVersion" : 3,
      "name" : "app-api",
      "isPublic" : false,
      "properties" : {
        "app-url" : "${default-url}"
      },
      "parameters" : { },
      "propertiesMetadata" : {
        "metadata" : { }
      },
      "parametersMetadata" : {
        "metadata" : { }
      }
    }, {
      "majorSchemaVersion" : 3,
      "name" : "axon-odata-api-app",
      "isPublic" : false,
      "properties" : { },
      "parameters" : { },
      "propertiesMetadata" : {
        "metadata" : { }
      },
      "parametersMetadata" : {
        "metadata" : { }
      }
    } ],
    "propertiesMetadata" : {
      "metadata" : { }
    },
    "parametersMetadata" : {
      "metadata" : { }
    },
    "hooks" : [ ]
  } ],
  "resources" : [ {
    "majorSchemaVersion" : 3,
    "name" : "********",
    "type" : "org.cloudfoundry.existing-service",
    "properties" : { },
    "parameters" : {
      "generated-password" : "********",
      "service-name" : "${default-service-name}",
      "generated-user" : "********",
      "default-xsappname" : "********",
      "type" : "existing-service",
      "default-service-name" : "********",
      "default-container-name" : "********"
    },
    "isActive" : true,
    "isOptional" : false,
    "propertiesMetadata" : {
      "metadata" : { }
    },
    "parametersMetadata" : {
      "metadata" : { }
    },
    "requiredDependencies" : [ ],
    "processedAfter" : [ ]
  } ],
  "parameters" : {
    "mta-id" : "axon-odata-api",
    "authorization-url" : "********",
    "org-guid" : "88230758-1103-4d78-aabf-593fe928b154",
    "org" : "590c8b3dtrial_590c8b3dtrial",
    "deploy-target" : "590c8b3dtrial_590c8b3dtrial dev",
    "enable-parallel-deployments" : true,
    "space" : "dev",
    "xs-api-url" : "https://api.cf.us10-001.hana.ondemand.com",
    "deploy-url" : "deploy-service.cfapps.us10-001.hana.ondemand.com",
    "xs-type" : "CF",
    "default-domain" : "cfapps.us10-001.hana.ondemand.com",
    "mta-version" : "1.0.0",
    "xs-auth-url" : "********",
    "space-guid" : "46c5c819-922f-41a0-b344-dcdeaecd2987",
    "user" : "********",
    "controller-url" : "https://api.cf.us10-001.hana.ondemand.com",
    "timestamp" : "20260518210734"
  },
  "parametersMetadata" : {
    "metadata" : { }
  }
}#
#2026 05 18 21:07:36.226#Z#DEBUG#97838b23-52fd-11f1-a8e5-eeee0a8b5973.OPERATION#flowable-async-job-executor-thread-20410#
[XS2CollectSystemParametersStep] Version rule: SAME_HIGHER#
#2026 05 18 21:07:36.226#Z#INFO#97838b23-52fd-11f1-a8e5-eeee0a8b5973.OPERATION#flowable-async-job-executor-thread-20410#
[XS2CollectSystemParametersStep] Detected new MTA version: "1.0.0"#
#2026 05 18 21:07:36.234#Z#INFO#97838b23-52fd-11f1-a8e5-eeee0a8b5973.OPERATION#flowable-async-job-executor-thread-20410#
[XS2CollectSystemParametersStep] Deployed MTA version: "1.0.0"#
#2026 05 18 21:07:36.240#Z#DEBUG#97838b23-52fd-11f1-a8e5-eeee0a8b5973.OPERATION#flowable-async-job-executor-thread-20410#
[XS2CollectSystemParametersStep] MTA accepted for deployment#
#2026 05 18 21:07:36.241#Z#DEBUG#97838b23-52fd-11f1-a8e5-eeee0a8b5973.OPERATION#flowable-async-job-executor-thread-20410#
[XS2CollectSystemParametersStep] System parameters collected#
#2026 05 18 21:07:36.241#Z#DEBUG#97838b23-52fd-11f1-a8e5-eeee0a8b5973.OPERATION#flowable-async-job-executor-thread-20410#
Step "Collect System Parameters" finished#
#2026 05 18 21:07:36.285#Z#DEBUG#97838b23-52fd-11f1-a8e5-eeee0a8b5973.OPERATION#flowable-async-job-executor-thread-20410#
[ProcessDescriptorStep] Executing task "processDescriptorTask" of process "97838b49-52fd-11f1-a8e5-eeee0a8b5973"...#
#2026 05 18 21:07:36.286#Z#DEBUG#97838b23-52fd-11f1-a8e5-eeee0a8b5973.OPERATION#flowable-async-job-executor-thread-20410#
[ProcessDescriptorStep] Resolving properties and parameters in merged descriptor...#
#2026 05 18 21:07:36.290#Z#DEBUG#97838b23-52fd-11f1-a8e5-eeee0a8b5973.OPERATION#flowable-async-job-executor-thread-20410#
[ProcessDescriptorStep] Subscriptions: [ ]#
#2026 05 18 21:07:36.290#Z#DEBUG#97838b23-52fd-11f1-a8e5-eeee0a8b5973.OPERATION#flowable-async-job-executor-thread-20410#
[ProcessDescriptorStep] MTA modules: [axon-odata-api, axon-odata-api-app]#
#2026 05 18 21:07:36.291#Z#DEBUG#97838b23-52fd-11f1-a8e5-eeee0a8b5973.OPERATION#flowable-async-job-executor-thread-20410#
[ProcessDescriptorStep] Resolved deployment descriptor: {
  "majorSchemaVersion" : 3,
  "schemaVersion" : "3.3.0",
  "id" : "axon-odata-api",
  "version" : "1.0.0",
  "modules" : [ {
    "majorSchemaVersion" : 3,
    "name" : "axon-odata-api",
    "type" : "javascript.nodejs",
    "path" : "axon-odata-api",
    "properties" : { },
    "parameters" : {
      "default-url" : "https://590c8b3dtrial-590c8b3dtrial-dev-axon-odata-api.cfapps.us10-001.hana.ondemand.com",
      "default-app-name" : "axon-odata-api",
      "generated-password" : "********",
      "default-live-url" : "https://590c8b3dtrial-590c8b3dtrial-dev-axon-odata-api.cfapps.us10-001.hana.ondemand.com",
      "default-uri" : "590c8b3dtrial-590c8b3dtrial-dev-axon-odata-api.cfapps.us10-001.hana.ondemand.com",
      "memory" : "256M",
      "default-instances" : 1,
      "default-live-host" : "590c8b3dtrial-590c8b3dtrial-dev-axon-odata-api",
      "instances" : 1,
      "default-host" : "590c8b3dtrial-590c8b3dtrial-dev-axon-odata-api",
      "command" : "rm -f axon-odata-api.db db.sqlite && ./node_modules/.bin/cds-deploy --to sqlite --profile production && cp -f db.sqlite axon-odata-api.db && npm start",
      "app-name" : "axon-odata-api",
      "default-live-uri" : "590c8b3dtrial-590c8b3dtrial-dev-axon-odata-api.cfapps.us10-001.hana.ondemand.com",
      "protocol" : "https",
      "default-live-app-name" : "axon-odata-api",
      "default-live-domain" : "cfapps.us10-001.hana.ondemand.com",
      "disk-quota" : "512M",
      "domain" : "cfapps.us10-001.hana.ondemand.com",
      "host" : "590c8b3dtrial-590c8b3dtrial-dev-axon-odata-api",
      "generated-user" : "********"
    },
    "requiredDependencies" : [ {
      "majorSchemaVersion" : 3,
      "name" : "********",
      "properties" : { },
      "parameters" : { },
      "propertiesMetadata" : {
        "metadata" : { }
      },
      "parametersMetadata" : {
        "metadata" : { }
      }
    } ],
    "providedDependencies" : [ {
      "majorSchemaVersion" : 3,
      "name" : "srv-api",
      "isPublic" : false,
      "properties" : {
        "srv-url" : "https://590c8b3dtrial-590c8b3dtrial-dev-axon-odata-api.cfapps.us10-001.hana.ondemand.com"
      },
      "parameters" : { },
      "propertiesMetadata" : {
        "metadata" : { }
      },
      "parametersMetadata" : {
        "metadata" : { }
      }
    }, {
      "majorSchemaVersion" : 3,
      "name" : "axon-odata-api",
      "isPublic" : false,
      "properties" : { },
      "parameters" : { },
      "propertiesMetadata" : {
        "metadata" : { }
      },
      "parametersMetadata" : {
        "metadata" : { }
      }
    } ],
    "propertiesMetadata" : {
      "metadata" : { }
    },
    "parametersMetadata" : {
      "metadata" : { }
    },
    "hooks" : [ ]
  }, {
    "majorSchemaVersion" : 3,
    "name" : "axon-odata-api-app",
    "type" : "javascript.nodejs",
    "path" : "axon-odata-api-app",
    "properties" : { },
    "parameters" : {
      "default-url" : "https://590c8b3dtrial-590c8b3dtrial-dev-axon-odata-api-app.cfapps.us10-001.hana.ondemand.com",
      "default-app-name" : "axon-odata-api-app",
      "generated-password" : "********",
      "default-live-url" : "https://590c8b3dtrial-590c8b3dtrial-dev-axon-odata-api-app.cfapps.us10-001.hana.ondemand.com",
      "default-uri" : "590c8b3dtrial-590c8b3dtrial-dev-axon-odata-api-app.cfapps.us10-001.hana.ondemand.com",
      "memory" : "256M",
      "default-instances" : 1,
      "default-live-host" : "590c8b3dtrial-590c8b3dtrial-dev-axon-odata-api-app",
      "instances" : 1,
      "default-host" : "590c8b3dtrial-590c8b3dtrial-dev-axon-odata-api-app",
      "app-name" : "axon-odata-api-app",
      "default-live-uri" : "590c8b3dtrial-590c8b3dtrial-dev-axon-odata-api-app.cfapps.us10-001.hana.ondemand.com",
      "protocol" : "https",
      "default-live-app-name" : "axon-odata-api-app",
      "default-live-domain" : "cfapps.us10-001.hana.ondemand.com",
      "disk-quota" : "256M",
      "domain" : "cfapps.us10-001.hana.ondemand.com",
      "host" : "590c8b3dtrial-590c8b3dtrial-dev-axon-odata-api-app",
      "generated-user" : "********"
    },
    "requiredDependencies" : [ {
      "majorSchemaVersion" : 3,
      "name" : "srv-api",
      "group" : "destinations",
      "properties" : {
        "name" : "srv-api",
        "forwardAuthToken" : "********",
        "url" : "https://590c8b3dtrial-590c8b3dtrial-dev-axon-odata-api.cfapps.us10-001.hana.ondemand.com"
      },
      "parameters" : { },
      "propertiesMetadata" : {
        "metadata" : { }
      },
      "parametersMetadata" : {
        "metadata" : { }
      }
    }, {
      "majorSchemaVersion" : 3,
      "name" : "********",
      "properties" : { },
      "parameters" : { },
      "propertiesMetadata" : {
        "metadata" : { }
      },
      "parametersMetadata" : {
        "metadata" : { }
      }
    } ],
    "providedDependencies" : [ {
      "majorSchemaVersion" : 3,
      "name" : "app-api",
      "isPublic" : false,
      "properties" : {
        "app-url" : "https://590c8b3dtrial-590c8b3dtrial-dev-axon-odata-api-app.cfapps.us10-001.hana.ondemand.com"
      },
      "parameters" : { },
      "propertiesMetadata" : {
        "metadata" : { }
      },
      "parametersMetadata" : {
        "metadata" : { }
      }
    }, {
      "majorSchemaVersion" : 3,
      "name" : "axon-odata-api-app",
      "isPublic" : false,
      "properties" : { },
      "parameters" : { },
      "propertiesMetadata" : {
        "metadata" : { }
      },
      "parametersMetadata" : {
        "metadata" : { }
      }
    } ],
    "propertiesMetadata" : {
      "metadata" : { }
    },
    "parametersMetadata" : {
      "metadata" : { }
    },
    "hooks" : [ ]
  } ],
  "resources" : [ {
    "majorSchemaVersion" : 3,
    "name" : "********",
    "type" : "org.cloudfoundry.existing-service",
    "properties" : { },
    "parameters" : {
      "generated-password" : "********",
      "service-name" : "********",
      "generated-user" : "********",
      "default-xsappname" : "********",
      "type" : "existing-service",
      "default-service-name" : "********",
      "default-container-name" : "********"
    },
    "isActive" : true,
    "isOptional" : false,
    "propertiesMetadata" : {
      "metadata" : { }
    },
    "parametersMetadata" : {
      "metadata" : { }
    },
    "requiredDependencies" : [ ],
    "processedAfter" : [ ]
  } ],
  "parameters" : {
    "mta-id" : "axon-odata-api",
    "authorization-url" : "********",
    "org-guid" : "88230758-1103-4d78-aabf-593fe928b154",
    "org" : "590c8b3dtrial_590c8b3dtrial",
    "deploy-target" : "590c8b3dtrial_590c8b3dtrial dev",
    "enable-parallel-deployments" : true,
    "region-primary-domain" : "us10.hana.ondemand.com",
    "space" : "dev",
    "region-domain" : "us10-001.hana.ondemand.com",
    "xs-api-url" : "https://api.cf.us10-001.hana.ondemand.com",
    "deploy-url" : "deploy-service.cfapps.us10-001.hana.ondemand.com",
    "xs-type" : "CF",
    "default-domain" : "cfapps.us10-001.hana.ondemand.com",
    "mta-version" : "1.0.0",
    "xs-auth-url" : "********",
    "space-guid" : "46c5c819-922f-41a0-b344-dcdeaecd2987",
    "user" : "********",
    "controller-url" : "https://api.cf.us10-001.hana.ondemand.com",
    "timestamp" : "20260518210734"
  },
  "parametersMetadata" : {
    "metadata" : { }
  }
}#
#2026 05 18 21:07:36.291#Z#DEBUG#97838b23-52fd-11f1-a8e5-eeee0a8b5973.OPERATION#flowable-async-job-executor-thread-20410#
[ProcessDescriptorStep] Merged descriptor properties and parameters resolved#
#2026 05 18 21:07:36.291#Z#DEBUG#97838b23-52fd-11f1-a8e5-eeee0a8b5973.OPERATION#flowable-async-job-executor-thread-20410#
Step "Process Descriptor Step" finished#
#2026 05 18 21:07:36.336#Z#DEBUG#97838b23-52fd-11f1-a8e5-eeee0a8b5973.OPERATION#flowable-async-job-executor-thread-20413#
[XS2BuildCloudDeployModelStep] Executing task "buildDeployModelTask" of process "97838b49-52fd-11f1-a8e5-eeee0a8b5973"...#
#2026 05 18 21:07:36.341#Z#DEBUG#97838b23-52fd-11f1-a8e5-eeee0a8b5973.OPERATION#flowable-async-job-executor-thread-20413#
[XS2BuildCloudDeployModelStep] Service keys defined for content deployment grouped by service name: { }#
#2026 05 18 21:07:36.341#Z#DEBUG#97838b23-52fd-11f1-a8e5-eeee0a8b5973.OPERATION#flowable-async-job-executor-thread-20413#
[XS2BuildCloudDeployModelStep] Building cloud deployment model...#
#2026 05 18 21:07:36.344#Z#DEBUG#97838b23-52fd-11f1-a8e5-eeee0a8b5973.OPERATION#flowable-async-job-executor-thread-20413#
[XS2BuildCloudDeployModelStep] MTA archive modules: [axon-odata-api, axon-odata-api-app]#
#2026 05 18 21:07:36.344#Z#DEBUG#97838b23-52fd-11f1-a8e5-eeee0a8b5973.OPERATION#flowable-async-job-executor-thread-20413#
[XS2BuildCloudDeployModelStep] Deployed modules: [axon-odata-api, axon-odata-api-app]#
#2026 05 18 21:07:36.345#Z#DEBUG#97838b23-52fd-11f1-a8e5-eeee0a8b5973.OPERATION#flowable-async-job-executor-thread-20413#
[XS2BuildCloudDeployModelStep] MTA modules: [axon-odata-api, axon-odata-api-app]#
#2026 05 18 21:07:36.345#Z#DEBUG#97838b23-52fd-11f1-a8e5-eeee0a8b5973.OPERATION#flowable-async-job-executor-thread-20413#
[XS2BuildCloudDeployModelStep] Service keys to create: {
  "axon-auth" : "********"
}#
#2026 05 18 21:07:36.345#Z#DEBUG#97838b23-52fd-11f1-a8e5-eeee0a8b5973.OPERATION#flowable-async-job-executor-thread-20413#
[XS2BuildCloudDeployModelStep] Modules to deploy: [{
  "majorSchemaVersion" : 3,
  "name" : "axon-odata-api",
  "type" : "javascript.nodejs",
  "path" : "axon-odata-api",
  "properties" : { },
  "parameters" : {
    "default-url" : "https://590c8b3dtrial-590c8b3dtrial-dev-axon-odata-api.cfapps.us10-001.hana.ondemand.com",
    "default-app-name" : "axon-odata-api",
    "generated-password" : "********",
    "default-live-url" : "https://590c8b3dtrial-590c8b3dtrial-dev-axon-odata-api.cfapps.us10-001.hana.ondemand.com",
    "default-uri" : "590c8b3dtrial-590c8b3dtrial-dev-axon-odata-api.cfapps.us10-001.hana.ondemand.com",
    "memory" : "256M",
    "default-instances" : 1,
    "default-live-host" : "590c8b3dtrial-590c8b3dtrial-dev-axon-odata-api",
    "instances" : 1,
    "default-host" : "590c8b3dtrial-590c8b3dtrial-dev-axon-odata-api",
    "command" : "rm -f axon-odata-api.db db.sqlite && ./node_modules/.bin/cds-deploy --to sqlite --profile production && cp -f db.sqlite axon-odata-api.db && npm start",
    "app-name" : "axon-odata-api",
    "default-live-uri" : "590c8b3dtrial-590c8b3dtrial-dev-axon-odata-api.cfapps.us10-001.hana.ondemand.com",
    "protocol" : "https",
    "default-live-app-name" : "axon-odata-api",
    "default-live-domain" : "cfapps.us10-001.hana.ondemand.com",
    "disk-quota" : "512M",
    "dependency-type" : "soft",
    "domain" : "cfapps.us10-001.hana.ondemand.com",
    "host" : "590c8b3dtrial-590c8b3dtrial-dev-axon-odata-api",
    "generated-user" : "********"
  },
  "requiredDependencies" : [ {
    "majorSchemaVersion" : 3,
    "name" : "********",
    "properties" : { },
    "parameters" : { },
    "propertiesMetadata" : {
      "metadata" : { }
    },
    "parametersMetadata" : {
      "metadata" : { }
    }
  } ],
  "providedDependencies" : [ {
    "majorSchemaVersion" : 3,
    "name" : "srv-api",
    "isPublic" : false,
    "properties" : {
      "srv-url" : "https://590c8b3dtrial-590c8b3dtrial-dev-axon-odata-api.cfapps.us10-001.hana.ondemand.com"
    },
    "parameters" : { },
    "propertiesMetadata" : {
      "metadata" : { }
    },
    "parametersMetadata" : {
      "metadata" : { }
    }
  }, {
    "majorSchemaVersion" : 3,
    "name" : "axon-odata-api",
    "isPublic" : false,
    "properties" : { },
    "parameters" : { },
    "propertiesMetadata" : {
      "metadata" : { }
    },
    "parametersMetadata" : {
      "metadata" : { }
    }
  } ],
  "propertiesMetadata" : {
    "metadata" : { }
  },
  "parametersMetadata" : {
    "metadata" : { }
  },
  "deployedAfter" : [ ],
  "hooks" : [ ]
}, {
  "majorSchemaVersion" : 3,
  "name" : "axon-odata-api-app",
  "type" : "javascript.nodejs",
  "path" : "axon-odata-api-app",
  "properties" : { },
  "parameters" : {
    "default-url" : "https://590c8b3dtrial-590c8b3dtrial-dev-axon-odata-api-app.cfapps.us10-001.hana.ondemand.com",
    "default-app-name" : "axon-odata-api-app",
    "generated-password" : "********",
    "default-live-url" : "https://590c8b3dtrial-590c8b3dtrial-dev-axon-odata-api-app.cfapps.us10-001.hana.ondemand.com",
    "default-uri" : "590c8b3dtrial-590c8b3dtrial-dev-axon-odata-api-app.cfapps.us10-001.hana.ondemand.com",
    "memory" : "256M",
    "default-instances" : 1,
    "default-live-host" : "590c8b3dtrial-590c8b3dtrial-dev-axon-odata-api-app",
    "instances" : 1,
    "default-host" : "590c8b3dtrial-590c8b3dtrial-dev-axon-odata-api-app",
    "app-name" : "axon-odata-api-app",
    "default-live-uri" : "590c8b3dtrial-590c8b3dtrial-dev-axon-odata-api-app.cfapps.us10-001.hana.ondemand.com",
    "protocol" : "https",
    "default-live-app-name" : "axon-odata-api-app",
    "default-live-domain" : "cfapps.us10-001.hana.ondemand.com",
    "disk-quota" : "256M",
    "dependency-type" : "soft",
    "domain" : "cfapps.us10-001.hana.ondemand.com",
    "host" : "590c8b3dtrial-590c8b3dtrial-dev-axon-odata-api-app",
    "generated-user" : "********"
  },
  "requiredDependencies" : [ {
    "majorSchemaVersion" : 3,
    "name" : "srv-api",
    "group" : "destinations",
    "properties" : {
      "name" : "srv-api",
      "forwardAuthToken" : "********",
      "url" : "https://590c8b3dtrial-590c8b3dtrial-dev-axon-odata-api.cfapps.us10-001.hana.ondemand.com"
    },
    "parameters" : { },
    "propertiesMetadata" : {
      "metadata" : { }
    },
    "parametersMetadata" : {
      "metadata" : { }
    }
  }, {
    "majorSchemaVersion" : 3,
    "name" : "********",
    "properties" : { },
    "parameters" : { },
    "propertiesMetadata" : {
      "metadata" : { }
    },
    "parametersMetadata" : {
      "metadata" : { }
    }
  } ],
  "providedDependencies" : [ {
    "majorSchemaVersion" : 3,
    "name" : "app-api",
    "isPublic" : false,
    "properties" : {
      "app-url" : "https://590c8b3dtrial-590c8b3dtrial-dev-axon-odata-api-app.cfapps.us10-001.hana.ondemand.com"
    },
    "parameters" : { },
    "propertiesMetadata" : {
      "metadata" : { }
    },
    "parametersMetadata" : {
      "metadata" : { }
    }
  }, {
    "majorSchemaVersion" : 3,
    "name" : "axon-odata-api-app",
    "isPublic" : false,
    "properties" : { },
    "parameters" : { },
    "propertiesMetadata" : {
      "metadata" : { }
    },
    "parametersMetadata" : {
      "metadata" : { }
    }
  } ],
  "propertiesMetadata" : {
    "metadata" : { }
  },
  "parametersMetadata" : {
    "metadata" : { }
  },
  "deployedAfter" : [ ],
  "hooks" : [ ]
}]#
#2026 05 18 21:07:36.346#Z#DEBUG#97838b23-52fd-11f1-a8e5-eeee0a8b5973.OPERATION#flowable-async-job-executor-thread-20413#
[XS2BuildCloudDeployModelStep] Custom domains: []#
#2026 05 18 21:07:36.348#Z#DEBUG#97838b23-52fd-11f1-a8e5-eeee0a8b5973.OPERATION#flowable-async-job-executor-thread-20413#
[XS2BuildCloudDeployModelStep] Getting service instance "axon-auth"...#
#2026 05 18 21:07:36.491#Z#DEBUG#97838b23-52fd-11f1-a8e5-eeee0a8b5973.OPERATION#flowable-async-job-executor-thread-20413#
[XS2BuildCloudDeployModelStep] Calculating resource batches...#
#2026 05 18 21:07:36.492#Z#DEBUG#97838b23-52fd-11f1-a8e5-eeee0a8b5973.OPERATION#flowable-async-job-executor-thread-20413#
[XS2BuildCloudDeployModelStep] Calculating resource batches completed.#
#2026 05 18 21:07:36.492#Z#DEBUG#97838b23-52fd-11f1-a8e5-eeee0a8b5973.OPERATION#flowable-async-job-executor-thread-20413#
[XS2BuildCloudDeployModelStep] Cloud deployment model built#
#2026 05 18 21:07:36.492#Z#DEBUG#97838b23-52fd-11f1-a8e5-eeee0a8b5973.OPERATION#flowable-async-job-executor-thread-20413#
Step "Build Deploy Model" finished#
#2026 05 18 21:07:36.543#Z#DEBUG#97838b23-52fd-11f1-a8e5-eeee0a8b5973.OPERATION#flowable-async-job-executor-thread-20413#
[BuildCloudUndeployModelStep] Executing task "buildUndeployModelTask" of process "97838b49-52fd-11f1-a8e5-eeee0a8b5973"...#
#2026 05 18 21:07:36.544#Z#DEBUG#97838b23-52fd-11f1-a8e5-eeee0a8b5973.OPERATION#flowable-async-job-executor-thread-20413#
[BuildCloudUndeployModelStep] Building cloud undeployment model...#
#2026 05 18 21:07:36.547#Z#DEBUG#97838b23-52fd-11f1-a8e5-eeee0a8b5973.OPERATION#flowable-async-job-executor-thread-20413#
[BuildCloudUndeployModelStep] Detecting service keys to delete.#
#2026 05 18 21:07:36.548#Z#DEBUG#97838b23-52fd-11f1-a8e5-eeee0a8b5973.OPERATION#flowable-async-job-executor-thread-20413#
[BuildCloudUndeployModelStep] No deployed service keys detected!#
#2026 05 18 21:07:36.548#Z#DEBUG#97838b23-52fd-11f1-a8e5-eeee0a8b5973.OPERATION#flowable-async-job-executor-thread-20413#
[BuildCloudUndeployModelStep] Detected service keys to delete "[]"#
#2026 05 18 21:07:36.554#Z#DEBUG#97838b23-52fd-11f1-a8e5-eeee0a8b5973.OPERATION#flowable-async-job-executor-thread-20413#
[BuildCloudUndeployModelStep] MTA modules: [axon-odata-api, axon-odata-api-app]#
#2026 05 18 21:07:36.554#Z#DEBUG#97838b23-52fd-11f1-a8e5-eeee0a8b5973.OPERATION#flowable-async-job-executor-thread-20413#
[BuildCloudUndeployModelStep] Modules to undeploy: [ ]#
#2026 05 18 21:07:36.554#Z#DEBUG#97838b23-52fd-11f1-a8e5-eeee0a8b5973.OPERATION#flowable-async-job-executor-thread-20413#
[BuildCloudUndeployModelStep] Modules that won't be changed: [ ]#
#2026 05 18 21:07:36.556#Z#DEBUG#97838b23-52fd-11f1-a8e5-eeee0a8b5973.OPERATION#flowable-async-job-executor-thread-20413#
[BuildCloudUndeployModelStep] Subscriptions to delete: [ ]#
#2026 05 18 21:07:36.558#Z#DEBUG#97838b23-52fd-11f1-a8e5-eeee0a8b5973.OPERATION#flowable-async-job-executor-thread-20413#
[BuildCloudUndeployModelStep] Cloud services to delete: []#
#2026 05 18 21:07:36.558#Z#DEBUG#97838b23-52fd-11f1-a8e5-eeee0a8b5973.OPERATION#flowable-async-job-executor-thread-20413#
[BuildCloudUndeployModelStep] Cloud applications to undeploy: [ ]#
#2026 05 18 21:07:36.561#Z#DEBUG#97838b23-52fd-11f1-a8e5-eeee0a8b5973.OPERATION#flowable-async-job-executor-thread-20413#
[BuildCloudUndeployModelStep] Cloud undeployment model built#
#2026 05 18 21:07:36.561#Z#DEBUG#97838b23-52fd-11f1-a8e5-eeee0a8b5973.OPERATION#flowable-async-job-executor-thread-20413#
Step "Build Undeploy Model" finished#
#2026 05 18 21:07:36.607#Z#DEBUG#97838b23-52fd-11f1-a8e5-eeee0a8b5973.OPERATION#flowable-async-job-executor-thread-20413#
[AddDomainsStep] Executing task "addDomainsTask" of process "97838b49-52fd-11f1-a8e5-eeee0a8b5973"...#
#2026 05 18 21:07:36.610#Z#DEBUG#97838b23-52fd-11f1-a8e5-eeee0a8b5973.OPERATION#flowable-async-job-executor-thread-20413#
[AddDomainsStep] Custom domains: []#
#2026 05 18 21:07:36.610#Z#DEBUG#97838b23-52fd-11f1-a8e5-eeee0a8b5973.OPERATION#flowable-async-job-executor-thread-20413#
Step "Add Domains" finished#
#2026 05 18 21:07:36.767#Z#DEBUG#97838b23-52fd-11f1-a8e5-eeee0a8b5973.OPERATION#flowable-async-job-executor-thread-20407#
[ExtractBatchedServicesWithResolvedDynamicParametersStep] Executing task "prepareModulesDeploymentTask" of process "98ad8d65-52fd-11f1-a8e5-eeee0a8b5973"...#
#2026 05 18 21:07:36.768#Z#DEBUG#97838b23-52fd-11f1-a8e5-eeee0a8b5973.OPERATION#flowable-async-job-executor-thread-20407#
[ExtractBatchedServicesWithResolvedDynamicParametersStep] Extracting services and resolving dynamic parameters from batch#
#2026 05 18 21:07:36.770#Z#DEBUG#97838b23-52fd-11f1-a8e5-eeee0a8b5973.OPERATION#flowable-async-job-executor-thread-20407#
[ExtractBatchedServicesWithResolvedDynamicParametersStep] Services to create: [ ]#
#2026 05 18 21:07:36.771#Z#DEBUG#97838b23-52fd-11f1-a8e5-eeee0a8b5973.OPERATION#flowable-async-job-executor-thread-20407#
Step "Extract Services with Resolved Dynamic parameters from batch" finished#
#2026 05 18 21:07:36.996#Z#DEBUG#97838b23-52fd-11f1-a8e5-eeee0a8b5973.OPERATION#flowable-async-job-executor-thread-20407#
[PrepareModulesDeploymentStep] Executing task "prepareModulesDeploymentTask" of process "98ca3c36-52fd-11f1-a8e5-eeee0a8b5973"...#
#2026 05 18 21:07:36.997#Z#DEBUG#97838b23-52fd-11f1-a8e5-eeee0a8b5973.OPERATION#flowable-async-job-executor-thread-20407#
[PrepareModulesDeploymentStep] Preparing modules deployment...#
#2026 05 18 21:07:37.008#Z#DEBUG#97838b23-52fd-11f1-a8e5-eeee0a8b5973.OPERATION#flowable-async-job-executor-thread-20407#
Step "Prepare Modules Deployment" finished#
#2026 05 18 21:07:37.077#Z#DEBUG#97838b23-52fd-11f1-a8e5-eeee0a8b5973.OPERATION#flowable-async-job-executor-thread-20410#
[ComputeNextModulesStep] Executing task "computeNextModulesToDeployInParallel" of process "98ca3c36-52fd-11f1-a8e5-eeee0a8b5973"...#
#2026 05 18 21:07:37.079#Z#DEBUG#97838b23-52fd-11f1-a8e5-eeee0a8b5973.OPERATION#flowable-async-job-executor-thread-20410#
[ComputeNextModulesStep] Computing modules for next parallel iteration...#
#2026 05 18 21:07:37.082#Z#DEBUG#97838b23-52fd-11f1-a8e5-eeee0a8b5973.OPERATION#flowable-async-job-executor-thread-20410#
[ComputeNextModulesStep] Completed modules detected: []#
#2026 05 18 21:07:37.082#Z#DEBUG#97838b23-52fd-11f1-a8e5-eeee0a8b5973.OPERATION#flowable-async-job-executor-thread-20410#
[ComputeNextModulesStep] All modules for deploy detected: [axon-odata-api, axon-odata-api-app]#
#2026 05 18 21:07:37.082#Z#DEBUG#97838b23-52fd-11f1-a8e5-eeee0a8b5973.OPERATION#flowable-async-job-executor-thread-20410#
[ComputeNextModulesStep] Modules not for deploy detected: []#
#2026 05 18 21:07:37.082#Z#DEBUG#97838b23-52fd-11f1-a8e5-eeee0a8b5973.OPERATION#flowable-async-job-executor-thread-20410#
[ComputeNextModulesStep] Computed modules for next parallel iteration: [ {
  "majorSchemaVersion" : 3,
  "name" : "axon-odata-api",
  "type" : "javascript.nodejs",
  "path" : "axon-odata-api",
  "properties" : { },
  "parameters" : {
    "app-name" : "axon-odata-api",
    "command" : "rm -f axon-odata-api.db db.sqlite && ./node_modules/.bin/cds-deploy --to sqlite --profile production && cp -f db.sqlite axon-odata-api.db && npm start",
    "default-app-name" : "axon-odata-api",
    "default-host" : "590c8b3dtrial-590c8b3dtrial-dev-axon-odata-api",
    "default-instances" : 1,
    "default-live-app-name" : "axon-odata-api",
    "default-live-domain" : "cfapps.us10-001.hana.ondemand.com",
    "default-live-host" : "590c8b3dtrial-590c8b3dtrial-dev-axon-odata-api",
    "default-live-uri" : "590c8b3dtrial-590c8b3dtrial-dev-axon-odata-api.cfapps.us10-001.hana.ondemand.com",
    "default-live-url" : "https://590c8b3dtrial-590c8b3dtrial-dev-axon-odata-api.cfapps.us10-001.hana.ondemand.com",
    "default-uri" : "590c8b3dtrial-590c8b3dtrial-dev-axon-odata-api.cfapps.us10-001.hana.ondemand.com",
    "default-url" : "https://590c8b3dtrial-590c8b3dtrial-dev-axon-odata-api.cfapps.us10-001.hana.ondemand.com",
    "dependency-type" : "soft",
    "disk-quota" : "512M",
    "domain" : "cfapps.us10-001.hana.ondemand.com",
    "generated-password" : "********",
    "generated-user" : "********",
    "host" : "590c8b3dtrial-590c8b3dtrial-dev-axon-odata-api",
    "instances" : 1,
    "memory" : "256M",
    "protocol" : "https"
  },
  "requiredDependencies" : [ {
    "majorSchemaVersion" : 3,
    "name" : "********",
    "properties" : { },
    "parameters" : { },
    "propertiesMetadata" : {
      "metadata" : { }
    },
    "parametersMetadata" : {
      "metadata" : { }
    }
  } ],
  "providedDependencies" : [ {
    "majorSchemaVersion" : 3,
    "name" : "srv-api",
    "isPublic" : false,
    "properties" : {
      "srv-url" : "https://590c8b3dtrial-590c8b3dtrial-dev-axon-odata-api.cfapps.us10-001.hana.ondemand.com"
    },
    "parameters" : { },
    "propertiesMetadata" : {
      "metadata" : { }
    },
    "parametersMetadata" : {
      "metadata" : { }
    }
  }, {
    "majorSchemaVersion" : 3,
    "name" : "axon-odata-api",
    "isPublic" : false,
    "properties" : { },
    "parameters" : { },
    "propertiesMetadata" : {
      "metadata" : { }
    },
    "parametersMetadata" : {
      "metadata" : { }
    }
  } ],
  "propertiesMetadata" : {
    "metadata" : { }
  },
  "parametersMetadata" : {
    "metadata" : { }
  },
  "deployedAfter" : [ ],
  "hooks" : [ ]
}, {
  "majorSchemaVersion" : 3,
  "name" : "axon-odata-api-app",
  "type" : "javascript.nodejs",
  "path" : "axon-odata-api-app",
  "properties" : { },
  "parameters" : {
    "app-name" : "axon-odata-api-app",
    "default-app-name" : "axon-odata-api-app",
    "default-host" : "590c8b3dtrial-590c8b3dtrial-dev-axon-odata-api-app",
    "default-instances" : 1,
    "default-live-app-name" : "axon-odata-api-app",
    "default-live-domain" : "cfapps.us10-001.hana.ondemand.com",
    "default-live-host" : "590c8b3dtrial-590c8b3dtrial-dev-axon-odata-api-app",
    "default-live-uri" : "590c8b3dtrial-590c8b3dtrial-dev-axon-odata-api-app.cfapps.us10-001.hana.ondemand.com",
    "default-live-url" : "https://590c8b3dtrial-590c8b3dtrial-dev-axon-odata-api-app.cfapps.us10-001.hana.ondemand.com",
    "default-uri" : "590c8b3dtrial-590c8b3dtrial-dev-axon-odata-api-app.cfapps.us10-001.hana.ondemand.com",
    "default-url" : "https://590c8b3dtrial-590c8b3dtrial-dev-axon-odata-api-app.cfapps.us10-001.hana.ondemand.com",
    "dependency-type" : "soft",
    "disk-quota" : "256M",
    "domain" : "cfapps.us10-001.hana.ondemand.com",
    "generated-password" : "********",
    "generated-user" : "********",
    "host" : "590c8b3dtrial-590c8b3dtrial-dev-axon-odata-api-app",
    "instances" : 1,
    "memory" : "256M",
    "protocol" : "https"
  },
  "requiredDependencies" : [ {
    "majorSchemaVersion" : 3,
    "name" : "srv-api",
    "group" : "destinations",
    "properties" : {
      "forwardAuthToken" : "********",
      "name" : "srv-api",
      "url" : "https://590c8b3dtrial-590c8b3dtrial-dev-axon-odata-api.cfapps.us10-001.hana.ondemand.com"
    },
    "parameters" : { },
    "propertiesMetadata" : {
      "metadata" : { }
    },
    "parametersMetadata" : {
      "metadata" : { }
    }
  }, {
    "majorSchemaVersion" : 3,
    "name" : "********",
    "properties" : { },
    "parameters" : { },
    "propertiesMetadata" : {
      "metadata" : { }
    },
    "parametersMetadata" : {
      "metadata" : { }
    }
  } ],
  "providedDependencies" : [ {
    "majorSchemaVersion" : 3,
    "name" : "app-api",
    "isPublic" : false,
    "properties" : {
      "app-url" : "https://590c8b3dtrial-590c8b3dtrial-dev-axon-odata-api-app.cfapps.us10-001.hana.ondemand.com"
    },
    "parameters" : { },
    "propertiesMetadata" : {
      "metadata" : { }
    },
    "parametersMetadata" : {
      "metadata" : { }
    }
  }, {
    "majorSchemaVersion" : 3,
    "name" : "axon-odata-api-app",
    "isPublic" : false,
    "properties" : { },
    "parameters" : { },
    "propertiesMetadata" : {
      "metadata" : { }
    },
    "parametersMetadata" : {
      "metadata" : { }
    }
  } ],
  "propertiesMetadata" : {
    "metadata" : { }
  },
  "parametersMetadata" : {
    "metadata" : { }
  },
  "deployedAfter" : [ ],
  "hooks" : [ ]
} ]#
#2026 05 18 21:07:37.082#Z#DEBUG#97838b23-52fd-11f1-a8e5-eeee0a8b5973.OPERATION#flowable-async-job-executor-thread-20410#
Step "Compute Next Modules To Deploy" finished#
#2026 05 18 21:07:37.256#Z#DEBUG#97838b23-52fd-11f1-a8e5-eeee0a8b5973.OPERATION#flowable-async-job-executor-thread-20410#
[ProcessDescriptorStep] Executing task "reprocessDescriptorTask" of process "98f78e82-52fd-11f1-a8e5-eeee0a8b5973"...#
#2026 05 18 21:07:37.257#Z#DEBUG#97838b23-52fd-11f1-a8e5-eeee0a8b5973.OPERATION#flowable-async-job-executor-thread-20410#
[ProcessDescriptorStep] Resolving properties and parameters in merged descriptor...#
#2026 05 18 21:07:37.260#Z#DEBUG#97838b23-52fd-11f1-a8e5-eeee0a8b5973.OPERATION#flowable-async-job-executor-thread-20410#
[ProcessDescriptorStep] Subscriptions: [ ]#
#2026 05 18 21:07:37.268#Z#DEBUG#97838b23-52fd-11f1-a8e5-eeee0a8b5973.OPERATION#flowable-async-job-executor-thread-20410#
[ProcessDescriptorStep] MTA modules: [axon-odata-api, axon-odata-api-app]#
#2026 05 18 21:07:37.272#Z#DEBUG#97838b23-52fd-11f1-a8e5-eeee0a8b5973.OPERATION#flowable-async-job-executor-thread-20410#
[ProcessDescriptorStep] Resolved deployment descriptor: {
  "majorSchemaVersion" : 3,
  "schemaVersion" : "3.3.0",
  "id" : "axon-odata-api",
  "version" : "1.0.0",
  "modules" : [ {
    "majorSchemaVersion" : 3,
    "name" : "axon-odata-api",
    "type" : "javascript.nodejs",
    "path" : "axon-odata-api",
    "properties" : { },
    "parameters" : {
      "default-url" : "https://590c8b3dtrial-590c8b3dtrial-dev-axon-odata-api.cfapps.us10-001.hana.ondemand.com",
      "default-app-name" : "axon-odata-api",
      "generated-password" : "********",
      "default-live-url" : "https://590c8b3dtrial-590c8b3dtrial-dev-axon-odata-api.cfapps.us10-001.hana.ondemand.com",
      "default-uri" : "590c8b3dtrial-590c8b3dtrial-dev-axon-odata-api.cfapps.us10-001.hana.ondemand.com",
      "memory" : "256M",
      "default-instances" : 1,
      "default-live-host" : "590c8b3dtrial-590c8b3dtrial-dev-axon-odata-api",
      "instances" : 1,
      "default-host" : "590c8b3dtrial-590c8b3dtrial-dev-axon-odata-api",
      "command" : "rm -f axon-odata-api.db db.sqlite && ./node_modules/.bin/cds-deploy --to sqlite --profile production && cp -f db.sqlite axon-odata-api.db && npm start",
      "app-name" : "axon-odata-api",
      "default-live-uri" : "590c8b3dtrial-590c8b3dtrial-dev-axon-odata-api.cfapps.us10-001.hana.ondemand.com",
      "protocol" : "https",
      "default-live-app-name" : "axon-odata-api",
      "default-live-domain" : "cfapps.us10-001.hana.ondemand.com",
      "disk-quota" : "512M",
      "domain" : "cfapps.us10-001.hana.ondemand.com",
      "host" : "590c8b3dtrial-590c8b3dtrial-dev-axon-odata-api",
      "generated-user" : "********"
    },
    "requiredDependencies" : [ {
      "majorSchemaVersion" : 3,
      "name" : "********",
      "properties" : { },
      "parameters" : { },
      "propertiesMetadata" : {
        "metadata" : { }
      },
      "parametersMetadata" : {
        "metadata" : { }
      }
    } ],
    "providedDependencies" : [ {
      "majorSchemaVersion" : 3,
      "name" : "srv-api",
      "isPublic" : false,
      "properties" : {
        "srv-url" : "https://590c8b3dtrial-590c8b3dtrial-dev-axon-odata-api.cfapps.us10-001.hana.ondemand.com"
      },
      "parameters" : { },
      "propertiesMetadata" : {
        "metadata" : { }
      },
      "parametersMetadata" : {
        "metadata" : { }
      }
    }, {
      "majorSchemaVersion" : 3,
      "name" : "axon-odata-api",
      "isPublic" : false,
      "properties" : { },
      "parameters" : { },
      "propertiesMetadata" : {
        "metadata" : { }
      },
      "parametersMetadata" : {
        "metadata" : { }
      }
    } ],
    "propertiesMetadata" : {
      "metadata" : { }
    },
    "parametersMetadata" : {
      "metadata" : { }
    },
    "hooks" : [ ]
  }, {
    "majorSchemaVersion" : 3,
    "name" : "axon-odata-api-app",
    "type" : "javascript.nodejs",
    "path" : "axon-odata-api-app",
    "properties" : { },
    "parameters" : {
      "default-url" : "https://590c8b3dtrial-590c8b3dtrial-dev-axon-odata-api-app.cfapps.us10-001.hana.ondemand.com",
      "default-app-name" : "axon-odata-api-app",
      "generated-password" : "********",
      "default-live-url" : "https://590c8b3dtrial-590c8b3dtrial-dev-axon-odata-api-app.cfapps.us10-001.hana.ondemand.com",
      "default-uri" : "590c8b3dtrial-590c8b3dtrial-dev-axon-odata-api-app.cfapps.us10-001.hana.ondemand.com",
      "memory" : "256M",
      "default-instances" : 1,
      "default-live-host" : "590c8b3dtrial-590c8b3dtrial-dev-axon-odata-api-app",
      "instances" : 1,
      "default-host" : "590c8b3dtrial-590c8b3dtrial-dev-axon-odata-api-app",
      "app-name" : "axon-odata-api-app",
      "default-live-uri" : "590c8b3dtrial-590c8b3dtrial-dev-axon-odata-api-app.cfapps.us10-001.hana.ondemand.com",
      "protocol" : "https",
      "default-live-app-name" : "axon-odata-api-app",
      "default-live-domain" : "cfapps.us10-001.hana.ondemand.com",
      "disk-quota" : "256M",
      "domain" : "cfapps.us10-001.hana.ondemand.com",
      "host" : "590c8b3dtrial-590c8b3dtrial-dev-axon-odata-api-app",
      "generated-user" : "********"
    },
    "requiredDependencies" : [ {
      "majorSchemaVersion" : 3,
      "name" : "srv-api",
      "group" : "destinations",
      "properties" : {
        "name" : "srv-api",
        "forwardAuthToken" : "********",
        "url" : "https://590c8b3dtrial-590c8b3dtrial-dev-axon-odata-api.cfapps.us10-001.hana.ondemand.com"
      },
      "parameters" : { },
      "propertiesMetadata" : {
        "metadata" : { }
      },
      "parametersMetadata" : {
        "metadata" : { }
      }
    }, {
      "majorSchemaVersion" : 3,
      "name" : "********",
      "properties" : { },
      "parameters" : { },
      "propertiesMetadata" : {
        "metadata" : { }
      },
      "parametersMetadata" : {
        "metadata" : { }
      }
    } ],
    "providedDependencies" : [ {
      "majorSchemaVersion" : 3,
      "name" : "app-api",
      "isPublic" : false,
      "properties" : {
        "app-url" : "https://590c8b3dtrial-590c8b3dtrial-dev-axon-odata-api-app.cfapps.us10-001.hana.ondemand.com"
      },
      "parameters" : { },
      "propertiesMetadata" : {
        "metadata" : { }
      },
      "parametersMetadata" : {
        "metadata" : { }
      }
    }, {
      "majorSchemaVersion" : 3,
      "name" : "axon-odata-api-app",
      "isPublic" : false,
      "properties" : { },
      "parameters" : { },
      "propertiesMetadata" : {
        "metadata" : { }
      },
      "parametersMetadata" : {
        "metadata" : { }
      }
    } ],
    "propertiesMetadata" : {
      "metadata" : { }
    },
    "parametersMetadata" : {
      "metadata" : { }
    },
    "hooks" : [ ]
  } ],
  "resources" : [ {
    "majorSchemaVersion" : 3,
    "name" : "********",
    "type" : "org.cloudfoundry.existing-service",
    "properties" : { },
    "parameters" : {
      "generated-password" : "********",
      "service-name" : "********",
      "generated-user" : "********",
      "default-xsappname" : "********",
      "type" : "existing-service",
      "default-service-name" : "********",
      "default-container-name" : "********"
    },
    "isActive" : true,
    "isOptional" : false,
    "propertiesMetadata" : {
      "metadata" : { }
    },
    "parametersMetadata" : {
      "metadata" : { }
    },
    "requiredDependencies" : [ ],
    "processedAfter" : [ ]
  } ],
  "parameters" : {
    "mta-id" : "axon-odata-api",
    "authorization-url" : "********",
    "org-guid" : "88230758-1103-4d78-aabf-593fe928b154",
    "org" : "590c8b3dtrial_590c8b3dtrial",
    "deploy-target" : "590c8b3dtrial_590c8b3dtrial dev",
    "enable-parallel-deployments" : true,
    "region-primary-domain" : "us10.hana.ondemand.com",
    "space" : "dev",
    "region-domain" : "us10-001.hana.ondemand.com",
    "xs-api-url" : "https://api.cf.us10-001.hana.ondemand.com",
    "deploy-url" : "deploy-service.cfapps.us10-001.hana.ondemand.com",
    "xs-type" : "CF",
    "default-domain" : "cfapps.us10-001.hana.ondemand.com",
    "mta-version" : "1.0.0",
    "xs-auth-url" : "********",
    "space-guid" : "46c5c819-922f-41a0-b344-dcdeaecd2987",
    "user" : "********",
    "controller-url" : "https://api.cf.us10-001.hana.ondemand.com",
    "timestamp" : "20260518210734"
  },
  "parametersMetadata" : {
    "metadata" : { }
  }
}#
#2026 05 18 21:07:37.272#Z#DEBUG#97838b23-52fd-11f1-a8e5-eeee0a8b5973.OPERATION#flowable-async-job-executor-thread-20410#
[ProcessDescriptorStep] Merged descriptor properties and parameters resolved#
#2026 05 18 21:07:37.272#Z#DEBUG#97838b23-52fd-11f1-a8e5-eeee0a8b5973.OPERATION#flowable-async-job-executor-thread-20410#
Step "Re-Process Descriptor Step" finished#
#2026 05 18 21:07:37.318#Z#DEBUG#97838b23-52fd-11f1-a8e5-eeee0a8b5973.OPERATION#flowable-async-job-executor-thread-20410#
[BuildApplicationDeployModelStep] Executing task "buildApplicationDeployModelTask" of process "98f78e82-52fd-11f1-a8e5-eeee0a8b5973"...#
#2026 05 18 21:07:37.322#Z#DEBUG#97838b23-52fd-11f1-a8e5-eeee0a8b5973.OPERATION#flowable-async-job-executor-thread-20410#
[BuildApplicationDeployModelStep] Building cloud deployment model for application "axon-odata-api"...#
#2026 05 18 21:07:37.328#Z#DEBUG#97838b23-52fd-11f1-a8e5-eeee0a8b5973.OPERATION#flowable-async-job-executor-thread-20410#
[BuildApplicationDeployModelStep] No health-check-type is specified. Setting default type: port#
#2026 05 18 21:07:37.328#Z#INFO#97838b23-52fd-11f1-a8e5-eeee0a8b5973.OPERATION#flowable-async-job-executor-thread-20410#
[BuildApplicationDeployModelStep] Building configuration entries for org 590c8b3dtrial_590c8b3dtrial, space dev, spaceId 46c5c819-922f-41a0-b344-dcdeaecd2987 and namespace null!#
#2026 05 18 21:07:37.329#Z#DEBUG#97838b23-52fd-11f1-a8e5-eeee0a8b5973.OPERATION#flowable-async-job-executor-thread-20410#
[BuildApplicationDeployModelStep] Configuration entries to publish: [ ]#
#2026 05 18 21:07:37.329#Z#DEBUG#97838b23-52fd-11f1-a8e5-eeee0a8b5973.OPERATION#flowable-async-job-executor-thread-20410#
[BuildApplicationDeployModelStep] Cloud deployment model for application built#
#2026 05 18 21:07:37.329#Z#DEBUG#97838b23-52fd-11f1-a8e5-eeee0a8b5973.OPERATION#flowable-async-job-executor-thread-20410#
Step "Build Application Deploy Model" finished#
#2026 05 18 21:07:37.380#Z#DEBUG#97838b23-52fd-11f1-a8e5-eeee0a8b5973.OPERATION#flowable-async-job-executor-thread-20415#
[CreateOrUpdateAppStep] Executing task "createAppTask" of process "98f78e82-52fd-11f1-a8e5-eeee0a8b5973"...#
#2026 05 18 21:07:37.382#Z#DEBUG#97838b23-52fd-11f1-a8e5-eeee0a8b5973.OPERATION#flowable-async-job-executor-thread-20415#
[CreateOrUpdateAppStep] Getting application "axon-odata-api"...#
#2026 05 18 21:07:37.438#Z#INFO#97838b23-52fd-11f1-a8e5-eeee0a8b5973.OPERATION#flowable-async-job-executor-thread-20415#
[CreateOrUpdateAppStep] Updating application "axon-odata-api"...#
#2026 05 18 21:07:37.451#Z#DEBUG#97838b23-52fd-11f1-a8e5-eeee0a8b5973.OPERATION#flowable-async-job-executor-thread-20415#
[CreateOrUpdateAppStep] Getting process for application "d92b9203-13f2-4150-992d-a89b2ef18ea4"...#
#2026 05 18 21:07:37.497#Z#DEBUG#97838b23-52fd-11f1-a8e5-eeee0a8b5973.OPERATION#flowable-async-job-executor-thread-20415#
[CreateOrUpdateAppStep] Getting routes for application "d92b9203-13f2-4150-992d-a89b2ef18ea4"...#
#2026 05 18 21:07:37.544#Z#DEBUG#97838b23-52fd-11f1-a8e5-eeee0a8b5973.OPERATION#flowable-async-job-executor-thread-20415#
[CreateOrUpdateAppStep] Getting features for application "d92b9203-13f2-4150-992d-a89b2ef18ea4"#
#2026 05 18 21:07:37.564#Z#DEBUG#97838b23-52fd-11f1-a8e5-eeee0a8b5973.OPERATION#flowable-async-job-executor-thread-20415#
[CreateOrUpdateAppStep] Updating staging of application "axon-odata-api" to: {
  "buildpacks" : [ ],
  "command" : "rm -f axon-odata-api.db db.sqlite && ./node_modules/.bin/cds-deploy --to sqlite --profile production && cp -f db.sqlite axon-odata-api.db && npm start",
  "healthCheckType" : "port",
  "appFeatures" : { }
}#
#2026 05 18 21:07:37.760#Z#DEBUG#97838b23-52fd-11f1-a8e5-eeee0a8b5973.OPERATION#flowable-async-job-executor-thread-20415#
[CreateOrUpdateAppStep] Application "axon-odata-api" updated#
#2026 05 18 21:07:37.760#Z#DEBUG#97838b23-52fd-11f1-a8e5-eeee0a8b5973.OPERATION#flowable-async-job-executor-thread-20415#
[CreateOrUpdateAppStep] Getting environment of application "d92b9203-13f2-4150-992d-a89b2ef18ea4"...#
#2026 05 18 21:07:37.831#Z#DEBUG#97838b23-52fd-11f1-a8e5-eeee0a8b5973.OPERATION#flowable-async-job-executor-thread-20415#
[CreateOrUpdateAppStep] Applying update strategy "REPLACE" to env#
#2026 05 18 21:07:37.831#Z#DEBUG#97838b23-52fd-11f1-a8e5-eeee0a8b5973.OPERATION#flowable-async-job-executor-thread-20415#
[CreateOrUpdateAppStep] Updating environment of application "axon-odata-api"#
#2026 05 18 21:07:37.948#Z#DEBUG#97838b23-52fd-11f1-a8e5-eeee0a8b5973.OPERATION#flowable-async-job-executor-thread-20415#
[CreateOrUpdateAppStep] Application "axon-odata-api" updated#
#2026 05 18 21:07:37.948#Z#DEBUG#97838b23-52fd-11f1-a8e5-eeee0a8b5973.OPERATION#flowable-async-job-executor-thread-20415#
Step "Create App" finished#
#2026 05 18 21:07:38.078#Z#DEBUG#97838b23-52fd-11f1-a8e5-eeee0a8b5973.OPERATION#flowable-async-job-executor-thread-20415#
[CheckServiceBindingOperationStep] Executing task "checkForServiceBindingOperationInProgress" of process "99780875-52fd-11f1-a8e5-eeee0a8b5973"...#
#2026 05 18 21:07:38.078#Z#DEBUG#97838b23-52fd-11f1-a8e5-eeee0a8b5973.OPERATION#flowable-async-job-executor-thread-20415#
[CheckServiceBindingOperationStep] Checking for service binding operation in progress between app "axon-odata-api" and service instance "axon-auth"#
#2026 05 18 21:07:38.079#Z#DEBUG#97838b23-52fd-11f1-a8e5-eeee0a8b5973.OPERATION#flowable-async-job-executor-thread-20415#
[CheckServiceBindingOperationStep] Getting application guid "axon-odata-api"...#
#2026 05 18 21:07:38.119#Z#DEBUG#97838b23-52fd-11f1-a8e5-eeee0a8b5973.OPERATION#flowable-async-job-executor-thread-20415#
[CheckServiceBindingOperationStep] Getting GUID of required service instance "axon-auth"...#
#2026 05 18 21:07:38.168#Z#DEBUG#97838b23-52fd-11f1-a8e5-eeee0a8b5973.OPERATION#flowable-async-job-executor-thread-20415#
[CheckServiceBindingOperationStep] Getting binding of service instance "8c186454-feb8-4bf5-ab0b-10944e18134a" with application "d92b9203-13f2-4150-992d-a89b2ef18ea4"...#
#2026 05 18 21:07:38.203#Z#DEBUG#97838b23-52fd-11f1-a8e5-eeee0a8b5973.OPERATION#flowable-async-job-executor-thread-20415#
[CheckServiceBindingOperationStep] Service binding operation "37944921-28b4-416a-8ebd-5ff69a998916" with type "create" is in state "succeeded"#
#2026 05 18 21:07:38.203#Z#DEBUG#97838b23-52fd-11f1-a8e5-eeee0a8b5973.OPERATION#flowable-async-job-executor-thread-20415#
Step "Check For Service Binding Operation In Progress" finished#
#2026 05 18 21:07:38.251#Z#DEBUG#97838b23-52fd-11f1-a8e5-eeee0a8b5973.OPERATION#flowable-async-job-executor-thread-20416#
[DetermineApplicationServiceBindingActionsStep] Executing task "determineApplicationServiceBindingActionsTask" of process "99780875-52fd-11f1-a8e5-eeee0a8b5973"...#
#2026 05 18 21:07:38.254#Z#DEBUG#97838b23-52fd-11f1-a8e5-eeee0a8b5973.OPERATION#flowable-async-job-executor-thread-20416#
[DetermineApplicationServiceBindingActionsStep] Determine bind/unbind operations of application "axon-odata-api" to service instance "axon-auth"#
#2026 05 18 21:07:38.254#Z#DEBUG#97838b23-52fd-11f1-a8e5-eeee0a8b5973.OPERATION#flowable-async-job-executor-thread-20416#
[DetermineApplicationServiceBindingActionsStep] Getting application "axon-odata-api"...#
#2026 05 18 21:07:38.312#Z#DEBUG#97838b23-52fd-11f1-a8e5-eeee0a8b5973.OPERATION#flowable-async-job-executor-thread-20416#
[DetermineApplicationServiceBindingActionsStep] Binding parameters for application "axon-odata-api": { }#
#2026 05 18 21:07:38.343#Z#DEBUG#97838b23-52fd-11f1-a8e5-eeee0a8b5973.OPERATION#flowable-async-job-executor-thread-20416#
[DetermineApplicationServiceBindingActionsStep] Check should rebind application "axon-odata-api" and service instance "axon-auth"#
#2026 05 18 21:07:38.343#Z#DEBUG#97838b23-52fd-11f1-a8e5-eeee0a8b5973.OPERATION#flowable-async-job-executor-thread-20416#
[DetermineApplicationServiceBindingActionsStep] Getting GUID of required service instance "axon-auth"...#
#2026 05 18 21:07:38.373#Z#DEBUG#97838b23-52fd-11f1-a8e5-eeee0a8b5973.OPERATION#flowable-async-job-executor-thread-20416#
[DetermineApplicationServiceBindingActionsStep] Getting binding of service instance "8c186454-feb8-4bf5-ab0b-10944e18134a" with application "d92b9203-13f2-4150-992d-a89b2ef18ea4"...#
#2026 05 18 21:07:38.407#Z#DEBUG#97838b23-52fd-11f1-a8e5-eeee0a8b5973.OPERATION#flowable-async-job-executor-thread-20416#
[DetermineApplicationServiceBindingActionsStep] Getting parameters of service binding "37944921-28b4-416a-8ebd-5ff69a998916"...#
#2026 05 18 21:07:38.442#Z#WARN#97838b23-52fd-11f1-a8e5-eeee0a8b5973.OPERATION#flowable-async-job-executor-thread-20416#
[DetermineApplicationServiceBindingActionsStep] Cannot retrieve parameters of binding between application "axon-odata-api" and service instance "axon-auth"#
#2026 05 18 21:07:38.444#Z#DEBUG#97838b23-52fd-11f1-a8e5-eeee0a8b5973.OPERATION#flowable-async-job-executor-thread-20416#
[DetermineApplicationServiceBindingActionsStep] Calculated binding operations between application "axon-odata-api" and service instance "axon-auth": unbind - true bind - true#
#2026 05 18 21:07:38.444#Z#DEBUG#97838b23-52fd-11f1-a8e5-eeee0a8b5973.OPERATION#flowable-async-job-executor-thread-20416#
Step "Determine Application Service Binding Actions" finished#
#2026 05 18 21:07:38.497#Z#DEBUG#97838b23-52fd-11f1-a8e5-eeee0a8b5973.OPERATION#flowable-async-job-executor-thread-20416#
[UnbindServiceFromApplicationStep] Executing task "unbindServiceFromApplicationTask" of process "99780875-52fd-11f1-a8e5-eeee0a8b5973"...#
#2026 05 18 21:07:38.500#Z#INFO#97838b23-52fd-11f1-a8e5-eeee0a8b5973.OPERATION#flowable-async-job-executor-thread-20416#
[UnbindServiceFromApplicationStep] Unbinding service instance "axon-auth" from application "axon-odata-api"...#
#2026 05 18 21:07:38.506#Z#DEBUG#97838b23-52fd-11f1-a8e5-eeee0a8b5973.OPERATION#flowable-async-job-executor-thread-20416#
[UnbindServiceFromApplicationStep] Unbinding application "axon-odata-api" from service instance "axon-auth"...#
#2026 05 18 21:07:38.670#Z#DEBUG#97838b23-52fd-11f1-a8e5-eeee0a8b5973.OPERATION#flowable-async-job-executor-thread-20416#
Step "Unbind Service from Application" finished#
#2026 05 18 21:07:38.806#Z#DEBUG#97838b23-52fd-11f1-a8e5-eeee0a8b5973.OPERATION#flowable-async-job-executor-thread-20453#
[ProcessDescriptorStep] Executing task "reprocessDescriptorTask" of process "99e4fc41-52fd-11f1-a27a-eeee0a92a1fc"...#
#2026 05 18 21:07:38.807#Z#DEBUG#97838b23-52fd-11f1-a8e5-eeee0a8b5973.OPERATION#flowable-async-job-executor-thread-20453#
[ProcessDescriptorStep] Resolving properties and parameters in merged descriptor...#
#2026 05 18 21:07:38.809#Z#DEBUG#97838b23-52fd-11f1-a8e5-eeee0a8b5973.OPERATION#flowable-async-job-executor-thread-20453#
[ProcessDescriptorStep] Subscriptions: [ ]#
#2026 05 18 21:07:38.816#Z#DEBUG#97838b23-52fd-11f1-a8e5-eeee0a8b5973.OPERATION#flowable-async-job-executor-thread-20453#
[ProcessDescriptorStep] MTA modules: [axon-odata-api, axon-odata-api-app]#
#2026 05 18 21:07:38.819#Z#DEBUG#97838b23-52fd-11f1-a8e5-eeee0a8b5973.OPERATION#flowable-async-job-executor-thread-20453#
[ProcessDescriptorStep] Resolved deployment descriptor: {
  "majorSchemaVersion" : 3,
  "schemaVersion" : "3.3.0",
  "id" : "axon-odata-api",
  "version" : "1.0.0",
  "modules" : [ {
    "majorSchemaVersion" : 3,
    "name" : "axon-odata-api",
    "type" : "javascript.nodejs",
    "path" : "axon-odata-api",
    "properties" : { },
    "parameters" : {
      "default-url" : "https://590c8b3dtrial-590c8b3dtrial-dev-axon-odata-api.cfapps.us10-001.hana.ondemand.com",
      "default-app-name" : "axon-odata-api",
      "generated-password" : "********",
      "default-live-url" : "https://590c8b3dtrial-590c8b3dtrial-dev-axon-odata-api.cfapps.us10-001.hana.ondemand.com",
      "default-uri" : "590c8b3dtrial-590c8b3dtrial-dev-axon-odata-api.cfapps.us10-001.hana.ondemand.com",
      "memory" : "256M",
      "default-instances" : 1,
      "default-live-host" : "590c8b3dtrial-590c8b3dtrial-dev-axon-odata-api",
      "instances" : 1,
      "default-host" : "590c8b3dtrial-590c8b3dtrial-dev-axon-odata-api",
      "command" : "rm -f axon-odata-api.db db.sqlite && ./node_modules/.bin/cds-deploy --to sqlite --profile production && cp -f db.sqlite axon-odata-api.db && npm start",
      "app-name" : "axon-odata-api",
      "default-live-uri" : "590c8b3dtrial-590c8b3dtrial-dev-axon-odata-api.cfapps.us10-001.hana.ondemand.com",
      "protocol" : "https",
      "default-live-app-name" : "axon-odata-api",
      "default-live-domain" : "cfapps.us10-001.hana.ondemand.com",
      "disk-quota" : "512M",
      "domain" : "cfapps.us10-001.hana.ondemand.com",
      "host" : "590c8b3dtrial-590c8b3dtrial-dev-axon-odata-api",
      "generated-user" : "********"
    },
    "requiredDependencies" : [ {
      "majorSchemaVersion" : 3,
      "name" : "********",
      "properties" : { },
      "parameters" : { },
      "propertiesMetadata" : {
        "metadata" : { }
      },
      "parametersMetadata" : {
        "metadata" : { }
      }
    } ],
    "providedDependencies" : [ {
      "majorSchemaVersion" : 3,
      "name" : "srv-api",
      "isPublic" : false,
      "properties" : {
        "srv-url" : "https://590c8b3dtrial-590c8b3dtrial-dev-axon-odata-api.cfapps.us10-001.hana.ondemand.com"
      },
      "parameters" : { },
      "propertiesMetadata" : {
        "metadata" : { }
      },
      "parametersMetadata" : {
        "metadata" : { }
      }
    }, {
      "majorSchemaVersion" : 3,
      "name" : "axon-odata-api",
      "isPublic" : false,
      "properties" : { },
      "parameters" : { },
      "propertiesMetadata" : {
        "metadata" : { }
      },
      "parametersMetadata" : {
        "metadata" : { }
      }
    } ],
    "propertiesMetadata" : {
      "metadata" : { }
    },
    "parametersMetadata" : {
      "metadata" : { }
    },
    "hooks" : [ ]
  }, {
    "majorSchemaVersion" : 3,
    "name" : "axon-odata-api-app",
    "type" : "javascript.nodejs",
    "path" : "axon-odata-api-app",
    "properties" : { },
    "parameters" : {
      "default-url" : "https://590c8b3dtrial-590c8b3dtrial-dev-axon-odata-api-app.cfapps.us10-001.hana.ondemand.com",
      "default-app-name" : "axon-odata-api-app",
      "generated-password" : "********",
      "default-live-url" : "https://590c8b3dtrial-590c8b3dtrial-dev-axon-odata-api-app.cfapps.us10-001.hana.ondemand.com",
      "default-uri" : "590c8b3dtrial-590c8b3dtrial-dev-axon-odata-api-app.cfapps.us10-001.hana.ondemand.com",
      "memory" : "256M",
      "default-instances" : 1,
      "default-live-host" : "590c8b3dtrial-590c8b3dtrial-dev-axon-odata-api-app",
      "instances" : 1,
      "default-host" : "590c8b3dtrial-590c8b3dtrial-dev-axon-odata-api-app",
      "app-name" : "axon-odata-api-app",
      "default-live-uri" : "590c8b3dtrial-590c8b3dtrial-dev-axon-odata-api-app.cfapps.us10-001.hana.ondemand.com",
      "protocol" : "https",
      "default-live-app-name" : "axon-odata-api-app",
      "default-live-domain" : "cfapps.us10-001.hana.ondemand.com",
      "disk-quota" : "256M",
      "domain" : "cfapps.us10-001.hana.ondemand.com",
      "host" : "590c8b3dtrial-590c8b3dtrial-dev-axon-odata-api-app",
      "generated-user" : "********"
    },
    "requiredDependencies" : [ {
      "majorSchemaVersion" : 3,
      "name" : "srv-api",
      "group" : "destinations",
      "properties" : {
        "name" : "srv-api",
        "forwardAuthToken" : "********",
        "url" : "https://590c8b3dtrial-590c8b3dtrial-dev-axon-odata-api.cfapps.us10-001.hana.ondemand.com"
      },
      "parameters" : { },
      "propertiesMetadata" : {
        "metadata" : { }
      },
      "parametersMetadata" : {
        "metadata" : { }
      }
    }, {
      "majorSchemaVersion" : 3,
      "name" : "********",
      "properties" : { },
      "parameters" : { },
      "propertiesMetadata" : {
        "metadata" : { }
      },
      "parametersMetadata" : {
        "metadata" : { }
      }
    } ],
    "providedDependencies" : [ {
      "majorSchemaVersion" : 3,
      "name" : "app-api",
      "isPublic" : false,
      "properties" : {
        "app-url" : "https://590c8b3dtrial-590c8b3dtrial-dev-axon-odata-api-app.cfapps.us10-001.hana.ondemand.com"
      },
      "parameters" : { },
      "propertiesMetadata" : {
        "metadata" : { }
      },
      "parametersMetadata" : {
        "metadata" : { }
      }
    }, {
      "majorSchemaVersion" : 3,
      "name" : "axon-odata-api-app",
      "isPublic" : false,
      "properties" : { },
      "parameters" : { },
      "propertiesMetadata" : {
        "metadata" : { }
      },
      "parametersMetadata" : {
        "metadata" : { }
      }
    } ],
    "propertiesMetadata" : {
      "metadata" : { }
    },
    "parametersMetadata" : {
      "metadata" : { }
    },
    "hooks" : [ ]
  } ],
  "resources" : [ {
    "majorSchemaVersion" : 3,
    "name" : "********",
    "type" : "org.cloudfoundry.existing-service",
    "properties" : { },
    "parameters" : {
      "generated-password" : "********",
      "service-name" : "********",
      "generated-user" : "********",
      "default-xsappname" : "********",
      "type" : "existing-service",
      "default-service-name" : "********",
      "default-container-name" : "********"
    },
    "isActive" : true,
    "isOptional" : false,
    "propertiesMetadata" : {
      "metadata" : { }
    },
    "parametersMetadata" : {
      "metadata" : { }
    },
    "requiredDependencies" : [ ],
    "processedAfter" : [ ]
  } ],
  "parameters" : {
    "mta-id" : "axon-odata-api",
    "authorization-url" : "********",
    "org-guid" : "88230758-1103-4d78-aabf-593fe928b154",
    "org" : "590c8b3dtrial_590c8b3dtrial",
    "deploy-target" : "590c8b3dtrial_590c8b3dtrial dev",
    "enable-parallel-deployments" : true,
    "region-primary-domain" : "us10.hana.ondemand.com",
    "space" : "dev",
    "region-domain" : "us10-001.hana.ondemand.com",
    "xs-api-url" : "https://api.cf.us10-001.hana.ondemand.com",
    "deploy-url" : "deploy-service.cfapps.us10-001.hana.ondemand.com",
    "xs-type" : "CF",
    "default-domain" : "cfapps.us10-001.hana.ondemand.com",
    "mta-version" : "1.0.0",
    "xs-auth-url" : "********",
    "space-guid" : "46c5c819-922f-41a0-b344-dcdeaecd2987",
    "user" : "********",
    "controller-url" : "https://api.cf.us10-001.hana.ondemand.com",
    "timestamp" : "20260518210734"
  },
  "parametersMetadata" : {
    "metadata" : { }
  }
}#
#2026 05 18 21:07:38.819#Z#DEBUG#97838b23-52fd-11f1-a8e5-eeee0a8b5973.OPERATION#flowable-async-job-executor-thread-20453#
[ProcessDescriptorStep] Merged descriptor properties and parameters resolved#
#2026 05 18 21:07:38.819#Z#DEBUG#97838b23-52fd-11f1-a8e5-eeee0a8b5973.OPERATION#flowable-async-job-executor-thread-20453#
Step "Re-Process Descriptor Step" finished#
#2026 05 18 21:07:38.853#Z#DEBUG#97838b23-52fd-11f1-a8e5-eeee0a8b5973.OPERATION#flowable-async-job-executor-thread-20454#
[BuildApplicationDeployModelStep] Executing task "buildApplicationDeployModelTask" of process "99e4fc41-52fd-11f1-a27a-eeee0a92a1fc"...#
#2026 05 18 21:07:38.856#Z#DEBUG#97838b23-52fd-11f1-a8e5-eeee0a8b5973.OPERATION#flowable-async-job-executor-thread-20454#
[BuildApplicationDeployModelStep] Building cloud deployment model for application "axon-odata-api-app"...#
#2026 05 18 21:07:38.919#Z#DEBUG#97838b23-52fd-11f1-a8e5-eeee0a8b5973.OPERATION#flowable-async-job-executor-thread-20454#
[BuildApplicationDeployModelStep] No health-check-type is specified. Setting default type: port#
#2026 05 18 21:07:38.920#Z#INFO#97838b23-52fd-11f1-a8e5-eeee0a8b5973.OPERATION#flowable-async-job-executor-thread-20454#
[BuildApplicationDeployModelStep] Building configuration entries for org 590c8b3dtrial_590c8b3dtrial, space dev, spaceId 46c5c819-922f-41a0-b344-dcdeaecd2987 and namespace null!#
#2026 05 18 21:07:38.921#Z#DEBUG#97838b23-52fd-11f1-a8e5-eeee0a8b5973.OPERATION#flowable-async-job-executor-thread-20454#
[BuildApplicationDeployModelStep] Configuration entries to publish: [ ]#
#2026 05 18 21:07:38.921#Z#DEBUG#97838b23-52fd-11f1-a8e5-eeee0a8b5973.OPERATION#flowable-async-job-executor-thread-20454#
[BuildApplicationDeployModelStep] Cloud deployment model for application built#
#2026 05 18 21:07:38.921#Z#DEBUG#97838b23-52fd-11f1-a8e5-eeee0a8b5973.OPERATION#flowable-async-job-executor-thread-20454#
Step "Build Application Deploy Model" finished#
#2026 05 18 21:07:38.961#Z#DEBUG#97838b23-52fd-11f1-a8e5-eeee0a8b5973.OPERATION#flowable-async-job-executor-thread-20455#
[CreateOrUpdateAppStep] Executing task "createAppTask" of process "99e4fc41-52fd-11f1-a27a-eeee0a92a1fc"...#
#2026 05 18 21:07:38.963#Z#DEBUG#97838b23-52fd-11f1-a8e5-eeee0a8b5973.OPERATION#flowable-async-job-executor-thread-20455#
[CreateOrUpdateAppStep] Getting application "axon-odata-api-app"...#
#2026 05 18 21:07:39.019#Z#INFO#97838b23-52fd-11f1-a8e5-eeee0a8b5973.OPERATION#flowable-async-job-executor-thread-20455#
[CreateOrUpdateAppStep] Updating application "axon-odata-api-app"...#
#2026 05 18 21:07:39.026#Z#DEBUG#97838b23-52fd-11f1-a8e5-eeee0a8b5973.OPERATION#flowable-async-job-executor-thread-20455#
[CreateOrUpdateAppStep] Getting process for application "fbe7a60c-9d59-4646-9863-1fb8863709b6"...#
#2026 05 18 21:07:39.057#Z#DEBUG#97838b23-52fd-11f1-a8e5-eeee0a8b5973.OPERATION#flowable-async-job-executor-thread-20455#
[CreateOrUpdateAppStep] Getting routes for application "fbe7a60c-9d59-4646-9863-1fb8863709b6"...#
#2026 05 18 21:07:39.102#Z#DEBUG#97838b23-52fd-11f1-a8e5-eeee0a8b5973.OPERATION#flowable-async-job-executor-thread-20455#
[CreateOrUpdateAppStep] Getting features for application "fbe7a60c-9d59-4646-9863-1fb8863709b6"#
#2026 05 18 21:07:39.131#Z#DEBUG#97838b23-52fd-11f1-a8e5-eeee0a8b5973.OPERATION#flowable-async-job-executor-thread-20455#
[CreateOrUpdateAppStep] Updating staging of application "axon-odata-api-app" to: {
  "buildpacks" : [ ],
  "healthCheckType" : "port",
  "appFeatures" : { }
}#
#2026 05 18 21:07:39.329#Z#DEBUG#97838b23-52fd-11f1-a8e5-eeee0a8b5973.OPERATION#flowable-async-job-executor-thread-20455#
[CreateOrUpdateAppStep] Application "axon-odata-api-app" updated#
#2026 05 18 21:07:39.329#Z#DEBUG#97838b23-52fd-11f1-a8e5-eeee0a8b5973.OPERATION#flowable-async-job-executor-thread-20455#
[CreateOrUpdateAppStep] Getting environment of application "fbe7a60c-9d59-4646-9863-1fb8863709b6"...#
#2026 05 18 21:07:39.402#Z#DEBUG#97838b23-52fd-11f1-a8e5-eeee0a8b5973.OPERATION#flowable-async-job-executor-thread-20455#
[CreateOrUpdateAppStep] Application "axon-odata-api-app" updated#
#2026 05 18 21:07:39.402#Z#DEBUG#97838b23-52fd-11f1-a8e5-eeee0a8b5973.OPERATION#flowable-async-job-executor-thread-20455#
Step "Create App" finished#
#2026 05 18 21:07:39.503#Z#DEBUG#97838b23-52fd-11f1-a8e5-eeee0a8b5973.OPERATION#flowable-async-job-executor-thread-20457#
[CheckServiceBindingOperationStep] Executing task "checkForServiceBindingOperationInProgress" of process "9a53ea04-52fd-11f1-a27a-eeee0a92a1fc"...#
#2026 05 18 21:07:39.503#Z#DEBUG#97838b23-52fd-11f1-a8e5-eeee0a8b5973.OPERATION#flowable-async-job-executor-thread-20457#
[CheckServiceBindingOperationStep] Checking for service binding operation in progress between app "axon-odata-api-app" and service instance "axon-auth"#
#2026 05 18 21:07:39.504#Z#DEBUG#97838b23-52fd-11f1-a8e5-eeee0a8b5973.OPERATION#flowable-async-job-executor-thread-20457#
[CheckServiceBindingOperationStep] Getting application guid "axon-odata-api-app"...#
#2026 05 18 21:07:39.557#Z#DEBUG#97838b23-52fd-11f1-a8e5-eeee0a8b5973.OPERATION#flowable-async-job-executor-thread-20457#
[CheckServiceBindingOperationStep] Getting GUID of required service instance "axon-auth"...#
#2026 05 18 21:07:39.591#Z#DEBUG#97838b23-52fd-11f1-a8e5-eeee0a8b5973.OPERATION#flowable-async-job-executor-thread-20457#
[CheckServiceBindingOperationStep] Getting binding of service instance "8c186454-feb8-4bf5-ab0b-10944e18134a" with application "fbe7a60c-9d59-4646-9863-1fb8863709b6"...#
#2026 05 18 21:07:39.620#Z#DEBUG#97838b23-52fd-11f1-a8e5-eeee0a8b5973.OPERATION#flowable-async-job-executor-thread-20457#
[CheckServiceBindingOperationStep] Service binding operation "4cbf2c2c-102f-4331-bfef-b6f0b8f6de61" with type "create" is in state "succeeded"#
#2026 05 18 21:07:39.620#Z#DEBUG#97838b23-52fd-11f1-a8e5-eeee0a8b5973.OPERATION#flowable-async-job-executor-thread-20457#
Step "Check For Service Binding Operation In Progress" finished#
#2026 05 18 21:07:39.653#Z#DEBUG#97838b23-52fd-11f1-a8e5-eeee0a8b5973.OPERATION#flowable-async-job-executor-thread-20458#
[DetermineApplicationServiceBindingActionsStep] Executing task "determineApplicationServiceBindingActionsTask" of process "9a53ea04-52fd-11f1-a27a-eeee0a92a1fc"...#
#2026 05 18 21:07:39.655#Z#DEBUG#97838b23-52fd-11f1-a8e5-eeee0a8b5973.OPERATION#flowable-async-job-executor-thread-20458#
[DetermineApplicationServiceBindingActionsStep] Determine bind/unbind operations of application "axon-odata-api-app" to service instance "axon-auth"#
#2026 05 18 21:07:39.655#Z#DEBUG#97838b23-52fd-11f1-a8e5-eeee0a8b5973.OPERATION#flowable-async-job-executor-thread-20458#
[DetermineApplicationServiceBindingActionsStep] Getting application "axon-odata-api-app"...#
#2026 05 18 21:07:39.704#Z#DEBUG#97838b23-52fd-11f1-a8e5-eeee0a8b5973.OPERATION#flowable-async-job-executor-thread-20458#
[DetermineApplicationServiceBindingActionsStep] Binding parameters for application "axon-odata-api-app": { }#
#2026 05 18 21:07:39.740#Z#DEBUG#97838b23-52fd-11f1-a8e5-eeee0a8b5973.OPERATION#flowable-async-job-executor-thread-20458#
[DetermineApplicationServiceBindingActionsStep] Check should rebind application "axon-odata-api-app" and service instance "axon-auth"#
#2026 05 18 21:07:39.740#Z#DEBUG#97838b23-52fd-11f1-a8e5-eeee0a8b5973.OPERATION#flowable-async-job-executor-thread-20458#
[DetermineApplicationServiceBindingActionsStep] Getting GUID of required service instance "axon-auth"...#
#2026 05 18 21:07:39.771#Z#DEBUG#97838b23-52fd-11f1-a8e5-eeee0a8b5973.OPERATION#flowable-async-job-executor-thread-20458#
[DetermineApplicationServiceBindingActionsStep] Getting binding of service instance "8c186454-feb8-4bf5-ab0b-10944e18134a" with application "fbe7a60c-9d59-4646-9863-1fb8863709b6"...#
#2026 05 18 21:07:39.806#Z#DEBUG#97838b23-52fd-11f1-a8e5-eeee0a8b5973.OPERATION#flowable-async-job-executor-thread-20458#
[DetermineApplicationServiceBindingActionsStep] Getting parameters of service binding "4cbf2c2c-102f-4331-bfef-b6f0b8f6de61"...#
#2026 05 18 21:07:39.835#Z#WARN#97838b23-52fd-11f1-a8e5-eeee0a8b5973.OPERATION#flowable-async-job-executor-thread-20458#
[DetermineApplicationServiceBindingActionsStep] Cannot retrieve parameters of binding between application "axon-odata-api-app" and service instance "axon-auth"#
#2026 05 18 21:07:39.837#Z#DEBUG#97838b23-52fd-11f1-a8e5-eeee0a8b5973.OPERATION#flowable-async-job-executor-thread-20458#
[DetermineApplicationServiceBindingActionsStep] Calculated binding operations between application "axon-odata-api-app" and service instance "axon-auth": unbind - true bind - true#
#2026 05 18 21:07:39.837#Z#DEBUG#97838b23-52fd-11f1-a8e5-eeee0a8b5973.OPERATION#flowable-async-job-executor-thread-20458#
Step "Determine Application Service Binding Actions" finished#
#2026 05 18 21:07:39.875#Z#DEBUG#97838b23-52fd-11f1-a8e5-eeee0a8b5973.OPERATION#flowable-async-job-executor-thread-20459#
[UnbindServiceFromApplicationStep] Executing task "unbindServiceFromApplicationTask" of process "9a53ea04-52fd-11f1-a27a-eeee0a92a1fc"...#
#2026 05 18 21:07:39.878#Z#INFO#97838b23-52fd-11f1-a8e5-eeee0a8b5973.OPERATION#flowable-async-job-executor-thread-20459#
[UnbindServiceFromApplicationStep] Unbinding service instance "axon-auth" from application "axon-odata-api-app"...#
#2026 05 18 21:07:39.883#Z#DEBUG#97838b23-52fd-11f1-a8e5-eeee0a8b5973.OPERATION#flowable-async-job-executor-thread-20459#
[UnbindServiceFromApplicationStep] Unbinding application "axon-odata-api-app" from service instance "axon-auth"...#
#2026 05 18 21:07:40.050#Z#DEBUG#97838b23-52fd-11f1-a8e5-eeee0a8b5973.OPERATION#flowable-async-job-executor-thread-20459#
Step "Unbind Service from Application" finished#
#2026 05 18 21:07:52.142#Z#DEBUG#97838b23-52fd-11f1-a8e5-eeee0a8b5973.OPERATION#flowable-async-job-executor-thread-25744#
[UnbindServiceFromApplicationStep] Executing task "unbindServiceFromApplicationTask" of process "9a53ea04-52fd-11f1-a27a-eeee0a92a1fc"...#
#2026 05 18 21:07:52.144#Z#DEBUG#97838b23-52fd-11f1-a8e5-eeee0a8b5973.OPERATION#flowable-async-job-executor-thread-25744#
[UnbindServiceFromApplicationStep] Getting async job "cba4d642-4966-4bb9-a987-235c23c75360"#
#2026 05 18 21:07:52.150#Z#DEBUG#97838b23-52fd-11f1-a8e5-eeee0a8b5973.OPERATION#flowable-async-job-executor-thread-25747#
[UnbindServiceFromApplicationStep] Executing task "unbindServiceFromApplicationTask" of process "99780875-52fd-11f1-a8e5-eeee0a8b5973"...#
#2026 05 18 21:07:52.151#Z#DEBUG#97838b23-52fd-11f1-a8e5-eeee0a8b5973.OPERATION#flowable-async-job-executor-thread-25747#
[UnbindServiceFromApplicationStep] Getting async job "73997e49-b6f2-4537-a5be-bc6816302dea"#
#2026 05 18 21:07:52.202#Z#DEBUG#97838b23-52fd-11f1-a8e5-eeee0a8b5973.OPERATION#flowable-async-job-executor-thread-25747#
[UnbindServiceFromApplicationStep] Getting service instance "axon-auth"...#
#2026 05 18 21:07:52.223#Z#DEBUG#97838b23-52fd-11f1-a8e5-eeee0a8b5973.OPERATION#flowable-async-job-executor-thread-25744#
[UnbindServiceFromApplicationStep] Getting service instance "axon-auth"...#
#2026 05 18 21:07:52.474#Z#DEBUG#97838b23-52fd-11f1-a8e5-eeee0a8b5973.OPERATION#flowable-async-job-executor-thread-25744#
[UnbindServiceFromApplicationStep] Async service binding operation with id "cba4d642-4966-4bb9-a987-235c23c75360" finished#
#2026 05 18 21:07:52.475#Z#DEBUG#97838b23-52fd-11f1-a8e5-eeee0a8b5973.OPERATION#flowable-async-job-executor-thread-25744#
Step "Unbind Service from Application" finished#
#2026 05 18 21:07:52.581#Z#DEBUG#97838b23-52fd-11f1-a8e5-eeee0a8b5973.OPERATION#flowable-async-job-executor-thread-25747#
[UnbindServiceFromApplicationStep] Async service binding operation with id "73997e49-b6f2-4537-a5be-bc6816302dea" finished#
#2026 05 18 21:07:52.582#Z#DEBUG#97838b23-52fd-11f1-a8e5-eeee0a8b5973.OPERATION#flowable-async-job-executor-thread-25747#
Step "Unbind Service from Application" finished#
#2026 05 18 21:07:52.501#Z#DEBUG#97838b23-52fd-11f1-a8e5-eeee0a8b5973.OPERATION#flowable-async-job-executor-thread-25744#
[BindServiceToApplicationStep] Executing task "bindServiceToApplicationTask" of process "9a53ea04-52fd-11f1-a27a-eeee0a92a1fc"...#
#2026 05 18 21:07:52.503#Z#INFO#97838b23-52fd-11f1-a8e5-eeee0a8b5973.OPERATION#flowable-async-job-executor-thread-25744#
[BindServiceToApplicationStep] Binding service instance "axon-auth" to application "axon-odata-api-app"...#
#2026 05 18 21:07:52.507#Z#DEBUG#97838b23-52fd-11f1-a8e5-eeee0a8b5973.OPERATION#flowable-async-job-executor-thread-25744#
[BindServiceToApplicationStep] Binding service instance "axon-auth" to application "axon-odata-api-app" with parameters: { }#
#2026 05 18 21:07:52.610#Z#DEBUG#97838b23-52fd-11f1-a8e5-eeee0a8b5973.OPERATION#flowable-async-job-executor-thread-25747#
[BindServiceToApplicationStep] Executing task "bindServiceToApplicationTask" of process "99780875-52fd-11f1-a8e5-eeee0a8b5973"...#
#2026 05 18 21:07:52.612#Z#INFO#97838b23-52fd-11f1-a8e5-eeee0a8b5973.OPERATION#flowable-async-job-executor-thread-25747#
[BindServiceToApplicationStep] Binding service instance "axon-auth" to application "axon-odata-api"...#
#2026 05 18 21:07:52.616#Z#DEBUG#97838b23-52fd-11f1-a8e5-eeee0a8b5973.OPERATION#flowable-async-job-executor-thread-25747#
[BindServiceToApplicationStep] Binding service instance "axon-auth" to application "axon-odata-api" with parameters: { }#
#2026 05 18 21:07:52.738#Z#DEBUG#97838b23-52fd-11f1-a8e5-eeee0a8b5973.OPERATION#flowable-async-job-executor-thread-25744#
Step "Bind Service to Application" finished#
#2026 05 18 21:07:52.780#Z#DEBUG#97838b23-52fd-11f1-a8e5-eeee0a8b5973.OPERATION#flowable-async-job-executor-thread-25747#
Step "Bind Service to Application" finished#
#2026 05 18 21:08:02.176#Z#DEBUG#97838b23-52fd-11f1-a8e5-eeee0a8b5973.OPERATION#flowable-async-job-executor-thread-25752#
[BindServiceToApplicationStep] Executing task "bindServiceToApplicationTask" of process "9a53ea04-52fd-11f1-a27a-eeee0a92a1fc"...#
#2026 05 18 21:08:02.178#Z#DEBUG#97838b23-52fd-11f1-a8e5-eeee0a8b5973.OPERATION#flowable-async-job-executor-thread-25753#
[BindServiceToApplicationStep] Executing task "bindServiceToApplicationTask" of process "99780875-52fd-11f1-a8e5-eeee0a8b5973"...#
#2026 05 18 21:08:02.178#Z#DEBUG#97838b23-52fd-11f1-a8e5-eeee0a8b5973.OPERATION#flowable-async-job-executor-thread-25752#
[BindServiceToApplicationStep] Getting async job "10cbd1d2-d4f2-4077-bb3b-3953d828c325"#
#2026 05 18 21:08:02.179#Z#DEBUG#97838b23-52fd-11f1-a8e5-eeee0a8b5973.OPERATION#flowable-async-job-executor-thread-25753#
[BindServiceToApplicationStep] Getting async job "6e2997f7-a1de-43f3-b5bc-c91d1a9c8f8d"#
#2026 05 18 21:08:02.206#Z#DEBUG#97838b23-52fd-11f1-a8e5-eeee0a8b5973.OPERATION#flowable-async-job-executor-thread-25753#
[BindServiceToApplicationStep] Getting service instance "axon-auth"...#
#2026 05 18 21:08:02.217#Z#DEBUG#97838b23-52fd-11f1-a8e5-eeee0a8b5973.OPERATION#flowable-async-job-executor-thread-25752#
[BindServiceToApplicationStep] Getting service instance "axon-auth"...#
#2026 05 18 21:08:02.347#Z#DEBUG#97838b23-52fd-11f1-a8e5-eeee0a8b5973.OPERATION#flowable-async-job-executor-thread-25753#
[BindServiceToApplicationStep] Async service binding operation with id "6e2997f7-a1de-43f3-b5bc-c91d1a9c8f8d" finished#
#2026 05 18 21:08:02.348#Z#DEBUG#97838b23-52fd-11f1-a8e5-eeee0a8b5973.OPERATION#flowable-async-job-executor-thread-25753#
Step "Bind Service to Application" finished#
#2026 05 18 21:08:02.357#Z#DEBUG#97838b23-52fd-11f1-a8e5-eeee0a8b5973.OPERATION#flowable-async-job-executor-thread-25752#
[BindServiceToApplicationStep] Async service binding operation with id "10cbd1d2-d4f2-4077-bb3b-3953d828c325" finished#
#2026 05 18 21:08:02.358#Z#DEBUG#97838b23-52fd-11f1-a8e5-eeee0a8b5973.OPERATION#flowable-async-job-executor-thread-25752#
Step "Bind Service to Application" finished#
#2026 05 18 21:08:02.460#Z#DEBUG#97838b23-52fd-11f1-a8e5-eeee0a8b5973.OPERATION#flowable-async-job-executor-thread-25756#
[DetermineVcapServicesPropertiesChangedStep] Executing task "determineVcapServicesPropertiesChangedTask" of process "a802b80d-52fd-11f1-8b7a-eeee0a919299"...#
#2026 05 18 21:08:02.461#Z#DEBUG#97838b23-52fd-11f1-a8e5-eeee0a8b5973.OPERATION#flowable-async-job-executor-thread-25755#
[DetermineVcapServicesPropertiesChangedStep] Executing task "determineVcapServicesPropertiesChangedTask" of process "a8021bc9-52fd-11f1-8b7a-eeee0a919299"...#
#2026 05 18 21:08:02.461#Z#DEBUG#97838b23-52fd-11f1-a8e5-eeee0a8b5973.OPERATION#flowable-async-job-executor-thread-25756#
[DetermineVcapServicesPropertiesChangedStep] VCAP_SERVICES properties for application "axon-odata-api-app" changed: true#
#2026 05 18 21:08:02.461#Z#DEBUG#97838b23-52fd-11f1-a8e5-eeee0a8b5973.OPERATION#flowable-async-job-executor-thread-25756#
Step "Determine vcap services properties changed" finished#
#2026 05 18 21:08:02.462#Z#DEBUG#97838b23-52fd-11f1-a8e5-eeee0a8b5973.OPERATION#flowable-async-job-executor-thread-25755#
[DetermineVcapServicesPropertiesChangedStep] VCAP_SERVICES properties for application "axon-odata-api" changed: true#
#2026 05 18 21:08:02.462#Z#DEBUG#97838b23-52fd-11f1-a8e5-eeee0a8b5973.OPERATION#flowable-async-job-executor-thread-25755#
Step "Determine vcap services properties changed" finished#
#2026 05 18 21:08:02.490#Z#DEBUG#97838b23-52fd-11f1-a8e5-eeee0a8b5973.OPERATION#flowable-async-job-executor-thread-25755#
[UploadAppStep] Executing task "uploadAppTask" of process "a8021bc9-52fd-11f1-8b7a-eeee0a919299"...#
#2026 05 18 21:08:02.491#Z#DEBUG#97838b23-52fd-11f1-a8e5-eeee0a8b5973.OPERATION#flowable-async-job-executor-thread-25755#
[UploadAppStep] Application upload timeout is default one: 3,600 seconds#
#2026 05 18 21:08:02.491#Z#INFO#97838b23-52fd-11f1-a8e5-eeee0a8b5973.OPERATION#flowable-async-job-executor-thread-25755#
[UploadAppStep] Uploading application "axon-odata-api"...#
#2026 05 18 21:08:02.491#Z#DEBUG#97838b23-52fd-11f1-a8e5-eeee0a8b5973.OPERATION#flowable-async-job-executor-thread-25756#
[UploadAppStep] Executing task "uploadAppTask" of process "a802b80d-52fd-11f1-8b7a-eeee0a919299"...#
#2026 05 18 21:08:02.492#Z#DEBUG#97838b23-52fd-11f1-a8e5-eeee0a8b5973.OPERATION#flowable-async-job-executor-thread-25756#
[UploadAppStep] Application upload timeout is default one: 3,600 seconds#
#2026 05 18 21:08:02.492#Z#INFO#97838b23-52fd-11f1-a8e5-eeee0a8b5973.OPERATION#flowable-async-job-executor-thread-25756#
[UploadAppStep] Uploading application "axon-odata-api-app"...#
#2026 05 18 21:08:02.495#Z#DEBUG#97838b23-52fd-11f1-a8e5-eeee0a8b5973.OPERATION#flowable-async-job-executor-thread-25755#
[UploadAppStep] Getting application "axon-odata-api"...#
#2026 05 18 21:08:02.498#Z#DEBUG#97838b23-52fd-11f1-a8e5-eeee0a8b5973.OPERATION#flowable-async-job-executor-thread-25756#
[UploadAppStep] Getting application "axon-odata-api-app"...#
#2026 05 18 21:08:02.535#Z#DEBUG#97838b23-52fd-11f1-a8e5-eeee0a8b5973.OPERATION#flowable-async-job-executor-thread-25755#
[UploadAppStep] Getting environment of application "d92b9203-13f2-4150-992d-a89b2ef18ea4"...#
#2026 05 18 21:08:02.539#Z#DEBUG#97838b23-52fd-11f1-a8e5-eeee0a8b5973.OPERATION#flowable-async-job-executor-thread-25756#
[UploadAppStep] Getting environment of application "fbe7a60c-9d59-4646-9863-1fb8863709b6"...#
#2026 05 18 21:08:02.568#Z#INFO#97838b23-52fd-11f1-a8e5-eeee0a8b5973.OPERATION#flowable-async-job-executor-thread-25755#
[UploadAppStep] Calculating application digest: "axon-odata-api"#
#2026 05 18 21:08:02.571#Z#INFO#97838b23-52fd-11f1-a8e5-eeee0a8b5973.OPERATION#flowable-async-job-executor-thread-25756#
[UploadAppStep] Calculating application digest: "axon-odata-api-app"#
#2026 05 18 21:08:02.809#Z#DEBUG#97838b23-52fd-11f1-a8e5-eeee0a8b5973.OPERATION#flowable-async-job-executor-thread-25756#
[UploadAppStep] Getting packages for application: "fbe7a60c-9d59-4646-9863-1fb8863709b6"#
#2026 05 18 21:08:02.848#Z#DEBUG#97838b23-52fd-11f1-a8e5-eeee0a8b5973.OPERATION#flowable-async-job-executor-thread-25756#
[UploadAppStep] Getting the current droplet for application: "fbe7a60c-9d59-4646-9863-1fb8863709b6"#
#2026 05 18 21:08:02.879#Z#DEBUG#97838b23-52fd-11f1-a8e5-eeee0a8b5973.OPERATION#flowable-async-job-executor-thread-25756#
[UploadAppStep] Getting package by id: "79e086d1-d1d5-42f7-96a9-5f0ffc8d6308"#
#2026 05 18 21:08:02.905#Z#DEBUG#97838b23-52fd-11f1-a8e5-eeee0a8b5973.OPERATION#flowable-async-job-executor-thread-25756#
[UploadAppStep] Getting builds for application "fbe7a60c-9d59-4646-9863-1fb8863709b6"...#
#2026 05 18 21:08:02.946#Z#DEBUG#97838b23-52fd-11f1-a8e5-eeee0a8b5973.OPERATION#flowable-async-job-executor-thread-25755#
[UploadAppStep] Getting packages for application: "d92b9203-13f2-4150-992d-a89b2ef18ea4"#
#2026 05 18 21:08:02.973#Z#DEBUG#97838b23-52fd-11f1-a8e5-eeee0a8b5973.OPERATION#flowable-async-job-executor-thread-25756#
[UploadAppStep] Getting the current droplet for application: "fbe7a60c-9d59-4646-9863-1fb8863709b6"#
#2026 05 18 21:08:03.001#Z#DEBUG#97838b23-52fd-11f1-a8e5-eeee0a8b5973.OPERATION#flowable-async-job-executor-thread-25755#
[UploadAppStep] Getting the current droplet for application: "d92b9203-13f2-4150-992d-a89b2ef18ea4"#
#2026 05 18 21:08:03.003#Z#INFO#97838b23-52fd-11f1-a8e5-eeee0a8b5973.OPERATION#flowable-async-job-executor-thread-25756#
[UploadAppStep] Content of application "axon-odata-api-app" is not changed - upload will be skipped.#
#2026 05 18 21:08:03.010#Z#DEBUG#97838b23-52fd-11f1-a8e5-eeee0a8b5973.OPERATION#flowable-async-job-executor-thread-25756#
Step "Upload App" finished#
#2026 05 18 21:08:03.039#Z#DEBUG#97838b23-52fd-11f1-a8e5-eeee0a8b5973.OPERATION#flowable-async-job-executor-thread-25756#
[ScaleAppStep] Executing task "scaleAppTask" of process "a802b80d-52fd-11f1-8b7a-eeee0a919299"...#
#2026 05 18 21:08:03.041#Z#DEBUG#97838b23-52fd-11f1-a8e5-eeee0a8b5973.OPERATION#flowable-async-job-executor-thread-25756#
[ScaleAppStep] Scaling application "axon-odata-api-app"...#
#2026 05 18 21:08:03.041#Z#DEBUG#97838b23-52fd-11f1-a8e5-eeee0a8b5973.OPERATION#flowable-async-job-executor-thread-25756#
[ScaleAppStep] Getting application guid "axon-odata-api-app"...#
#2026 05 18 21:08:03.078#Z#DEBUG#97838b23-52fd-11f1-a8e5-eeee0a8b5973.OPERATION#flowable-async-job-executor-thread-25756#
[ScaleAppStep] Getting process for application "fbe7a60c-9d59-4646-9863-1fb8863709b6"...#
#2026 05 18 21:08:03.107#Z#DEBUG#97838b23-52fd-11f1-a8e5-eeee0a8b5973.OPERATION#flowable-async-job-executor-thread-25756#
[ScaleAppStep] Application "axon-odata-api-app" scaled#
#2026 05 18 21:08:03.107#Z#DEBUG#97838b23-52fd-11f1-a8e5-eeee0a8b5973.OPERATION#flowable-async-job-executor-thread-25756#
Step "Scale App" finished#
#2026 05 18 21:08:03.036#Z#DEBUG#97838b23-52fd-11f1-a8e5-eeee0a8b5973.OPERATION#flowable-async-job-executor-thread-25755#
[UploadAppStep] Getting package by id: "6ff441d3-d3c6-467b-9be1-3f1145b067e1"#
#2026 05 18 21:08:03.066#Z#DEBUG#97838b23-52fd-11f1-a8e5-eeee0a8b5973.OPERATION#flowable-async-job-executor-thread-25755#
[UploadAppStep] Getting builds for application "d92b9203-13f2-4150-992d-a89b2ef18ea4"...#
#2026 05 18 21:08:03.173#Z#DEBUG#97838b23-52fd-11f1-a8e5-eeee0a8b5973.OPERATION#flowable-async-job-executor-thread-25755#
[UploadAppStep] Getting the current droplet for application: "d92b9203-13f2-4150-992d-a89b2ef18ea4"#
#2026 05 18 21:08:03.198#Z#INFO#97838b23-52fd-11f1-a8e5-eeee0a8b5973.OPERATION#flowable-async-job-executor-thread-25755#
[UploadAppStep] Content of application "axon-odata-api" is not changed - upload will be skipped.#
#2026 05 18 21:08:03.202#Z#DEBUG#97838b23-52fd-11f1-a8e5-eeee0a8b5973.OPERATION#flowable-async-job-executor-thread-25755#
Step "Upload App" finished#
#2026 05 18 21:08:03.131#Z#DEBUG#97838b23-52fd-11f1-a8e5-eeee0a8b5973.OPERATION#flowable-async-job-executor-thread-25756#
[DetermineDesiredStateAchievingActionsStep] Executing task "determineDesiredStateAchievingActionsTask" of process "a802b80d-52fd-11f1-8b7a-eeee0a919299"...#
#2026 05 18 21:08:03.132#Z#DEBUG#97838b23-52fd-11f1-a8e5-eeee0a8b5973.OPERATION#flowable-async-job-executor-thread-25756#
[DetermineDesiredStateAchievingActionsStep] Getting application "axon-odata-api-app"...#
#2026 05 18 21:08:03.172#Z#DEBUG#97838b23-52fd-11f1-a8e5-eeee0a8b5973.OPERATION#flowable-async-job-executor-thread-25756#
[DetermineDesiredStateAchievingActionsStep] Getting instances for application "axon-odata-api-app"...#
#2026 05 18 21:08:03.211#Z#DEBUG#97838b23-52fd-11f1-a8e5-eeee0a8b5973.OPERATION#flowable-async-job-executor-thread-25756#
[DetermineDesiredStateAchievingActionsStep] Getting environment of application "fbe7a60c-9d59-4646-9863-1fb8863709b6"...#
#2026 05 18 21:08:03.264#Z#DEBUG#97838b23-52fd-11f1-a8e5-eeee0a8b5973.OPERATION#flowable-async-job-executor-thread-25756#
[DetermineDesiredStateAchievingActionsStep] Current state of application axon-odata-api-app: STARTED#
#2026 05 18 21:08:03.264#Z#DEBUG#97838b23-52fd-11f1-a8e5-eeee0a8b5973.OPERATION#flowable-async-job-executor-thread-25756#
[DetermineDesiredStateAchievingActionsStep] Desired state of application axon-odata-api-app: STARTED#
#2026 05 18 21:08:03.264#Z#DEBUG#97838b23-52fd-11f1-a8e5-eeee0a8b5973.OPERATION#flowable-async-job-executor-thread-25756#
[DetermineDesiredStateAchievingActionsStep] Actions that should be executed on application axon-odata-api-app: [STOP, STAGE, START]#
#2026 05 18 21:08:03.264#Z#DEBUG#97838b23-52fd-11f1-a8e5-eeee0a8b5973.OPERATION#flowable-async-job-executor-thread-25756#
Step "Determine Desired State Achieving Actions" finished#
#2026 05 18 21:08:03.230#Z#DEBUG#97838b23-52fd-11f1-a8e5-eeee0a8b5973.OPERATION#flowable-async-job-executor-thread-25755#
[ScaleAppStep] Executing task "scaleAppTask" of process "a8021bc9-52fd-11f1-8b7a-eeee0a919299"...#
#2026 05 18 21:08:03.232#Z#DEBUG#97838b23-52fd-11f1-a8e5-eeee0a8b5973.OPERATION#flowable-async-job-executor-thread-25755#
[ScaleAppStep] Scaling application "axon-odata-api"...#
#2026 05 18 21:08:03.232#Z#DEBUG#97838b23-52fd-11f1-a8e5-eeee0a8b5973.OPERATION#flowable-async-job-executor-thread-25755#
[ScaleAppStep] Getting application guid "axon-odata-api"...#
#2026 05 18 21:08:03.272#Z#DEBUG#97838b23-52fd-11f1-a8e5-eeee0a8b5973.OPERATION#flowable-async-job-executor-thread-25755#
[ScaleAppStep] Getting process for application "d92b9203-13f2-4150-992d-a89b2ef18ea4"...#
#2026 05 18 21:08:03.315#Z#DEBUG#97838b23-52fd-11f1-a8e5-eeee0a8b5973.OPERATION#flowable-async-job-executor-thread-25755#
[ScaleAppStep] Application "axon-odata-api" scaled#
#2026 05 18 21:08:03.315#Z#DEBUG#97838b23-52fd-11f1-a8e5-eeee0a8b5973.OPERATION#flowable-async-job-executor-thread-25755#
Step "Scale App" finished#
#2026 05 18 21:08:03.339#Z#DEBUG#97838b23-52fd-11f1-a8e5-eeee0a8b5973.OPERATION#flowable-async-job-executor-thread-25755#
[DetermineDesiredStateAchievingActionsStep] Executing task "determineDesiredStateAchievingActionsTask" of process "a8021bc9-52fd-11f1-8b7a-eeee0a919299"...#
#2026 05 18 21:08:03.340#Z#DEBUG#97838b23-52fd-11f1-a8e5-eeee0a8b5973.OPERATION#flowable-async-job-executor-thread-25755#
[DetermineDesiredStateAchievingActionsStep] Getting application "axon-odata-api"...#
#2026 05 18 21:08:03.380#Z#DEBUG#97838b23-52fd-11f1-a8e5-eeee0a8b5973.OPERATION#flowable-async-job-executor-thread-25755#
[DetermineDesiredStateAchievingActionsStep] Getting instances for application "axon-odata-api"...#
#2026 05 18 21:08:03.418#Z#DEBUG#97838b23-52fd-11f1-a8e5-eeee0a8b5973.OPERATION#flowable-async-job-executor-thread-25755#
[DetermineDesiredStateAchievingActionsStep] Getting environment of application "d92b9203-13f2-4150-992d-a89b2ef18ea4"...#
#2026 05 18 21:08:03.457#Z#DEBUG#97838b23-52fd-11f1-a8e5-eeee0a8b5973.OPERATION#flowable-async-job-executor-thread-25755#
[DetermineDesiredStateAchievingActionsStep] Current state of application axon-odata-api: INCONSISTENT#
#2026 05 18 21:08:03.457#Z#DEBUG#97838b23-52fd-11f1-a8e5-eeee0a8b5973.OPERATION#flowable-async-job-executor-thread-25755#
[DetermineDesiredStateAchievingActionsStep] Desired state of application axon-odata-api: STARTED#
#2026 05 18 21:08:03.458#Z#DEBUG#97838b23-52fd-11f1-a8e5-eeee0a8b5973.OPERATION#flowable-async-job-executor-thread-25755#
[DetermineDesiredStateAchievingActionsStep] Actions that should be executed on application axon-odata-api: [STOP, STAGE, START]#
#2026 05 18 21:08:03.458#Z#DEBUG#97838b23-52fd-11f1-a8e5-eeee0a8b5973.OPERATION#flowable-async-job-executor-thread-25755#
Step "Determine Desired State Achieving Actions" finished#
#2026 05 18 21:08:03.292#Z#DEBUG#97838b23-52fd-11f1-a8e5-eeee0a8b5973.OPERATION#flowable-async-job-executor-thread-25756#
[StopAppStep] Executing task "stopAppTask" of process "a802b80d-52fd-11f1-8b7a-eeee0a919299"...#
#2026 05 18 21:08:03.295#Z#INFO#97838b23-52fd-11f1-a8e5-eeee0a8b5973.OPERATION#flowable-async-job-executor-thread-25756#
[StopAppStep] Stopping application "axon-odata-api-app"...#
#2026 05 18 21:08:03.299#Z#DEBUG#97838b23-52fd-11f1-a8e5-eeee0a8b5973.OPERATION#flowable-async-job-executor-thread-25756#
[StopAppStep] Stopping application "axon-odata-api-app"...#
#2026 05 18 21:08:03.455#Z#DEBUG#97838b23-52fd-11f1-a8e5-eeee0a8b5973.OPERATION#flowable-async-job-executor-thread-25756#
[StopAppStep] Application "axon-odata-api-app" stopped#
#2026 05 18 21:08:03.455#Z#DEBUG#97838b23-52fd-11f1-a8e5-eeee0a8b5973.OPERATION#flowable-async-job-executor-thread-25756#
[StopAppStep] Getting environment of application "fbe7a60c-9d59-4646-9863-1fb8863709b6"...#
#2026 05 18 21:08:03.486#Z#DEBUG#97838b23-52fd-11f1-a8e5-eeee0a8b5973.OPERATION#flowable-async-job-executor-thread-25755#
[StopAppStep] Executing task "stopAppTask" of process "a8021bc9-52fd-11f1-8b7a-eeee0a919299"...#
#2026 05 18 21:08:03.488#Z#DEBUG#97838b23-52fd-11f1-a8e5-eeee0a8b5973.OPERATION#flowable-async-job-executor-thread-25756#
Step "Stop App" finished#
#2026 05 18 21:08:03.488#Z#INFO#97838b23-52fd-11f1-a8e5-eeee0a8b5973.OPERATION#flowable-async-job-executor-thread-25755#
[StopAppStep] Stopping application "axon-odata-api"...#
#2026 05 18 21:08:03.527#Z#DEBUG#97838b23-52fd-11f1-a8e5-eeee0a8b5973.OPERATION#flowable-async-job-executor-thread-25756#
[StageAppStep] Executing task "stageAppTask" of process "a8a6c091-52fd-11f1-8b7a-eeee0a919299"...#
#2026 05 18 21:08:03.528#Z#DEBUG#97838b23-52fd-11f1-a8e5-eeee0a8b5973.OPERATION#flowable-async-job-executor-thread-25756#
[StageAppStep] Application stage timeout is default one: 3,600 seconds#
#2026 05 18 21:08:03.530#Z#DEBUG#97838b23-52fd-11f1-a8e5-eeee0a8b5973.OPERATION#flowable-async-job-executor-thread-25756#
Step "Stage App" finished#
#2026 05 18 21:08:03.494#Z#DEBUG#97838b23-52fd-11f1-a8e5-eeee0a8b5973.OPERATION#flowable-async-job-executor-thread-25755#
[StopAppStep] Stopping application "axon-odata-api"...#
#2026 05 18 21:08:03.650#Z#DEBUG#97838b23-52fd-11f1-a8e5-eeee0a8b5973.OPERATION#flowable-async-job-executor-thread-25755#
[StopAppStep] Application "axon-odata-api" stopped#
#2026 05 18 21:08:03.650#Z#DEBUG#97838b23-52fd-11f1-a8e5-eeee0a8b5973.OPERATION#flowable-async-job-executor-thread-25755#
[StopAppStep] Getting environment of application "d92b9203-13f2-4150-992d-a89b2ef18ea4"...#
#2026 05 18 21:08:03.682#Z#DEBUG#97838b23-52fd-11f1-a8e5-eeee0a8b5973.OPERATION#flowable-async-job-executor-thread-25755#
Step "Stop App" finished#
#2026 05 18 21:08:03.717#Z#DEBUG#97838b23-52fd-11f1-a8e5-eeee0a8b5973.OPERATION#flowable-async-job-executor-thread-25755#
[StageAppStep] Executing task "stageAppTask" of process "a8c45ac8-52fd-11f1-8b7a-eeee0a919299"...#
#2026 05 18 21:08:03.717#Z#DEBUG#97838b23-52fd-11f1-a8e5-eeee0a8b5973.OPERATION#flowable-async-job-executor-thread-25755#
[StageAppStep] Application stage timeout is default one: 3,600 seconds#
#2026 05 18 21:08:03.719#Z#DEBUG#97838b23-52fd-11f1-a8e5-eeee0a8b5973.OPERATION#flowable-async-job-executor-thread-25755#
Step "Stage App" finished#
#2026 05 18 21:08:03.562#Z#DEBUG#97838b23-52fd-11f1-a8e5-eeee0a8b5973.OPERATION#flowable-async-job-executor-thread-25756#
[RestartAppStep] Executing task "startAppTask" of process "a8a6c091-52fd-11f1-8b7a-eeee0a919299"...#
#2026 05 18 21:08:03.564#Z#DEBUG#97838b23-52fd-11f1-a8e5-eeee0a8b5973.OPERATION#flowable-async-job-executor-thread-25756#
[RestartAppStep] Application start timeout is default one: 3,600 seconds#
#2026 05 18 21:08:03.568#Z#DEBUG#97838b23-52fd-11f1-a8e5-eeee0a8b5973.OPERATION#flowable-async-job-executor-thread-25756#
[RestartAppStep] Getting application "axon-odata-api-app"...#
#2026 05 18 21:08:03.610#Z#INFO#97838b23-52fd-11f1-a8e5-eeee0a8b5973.OPERATION#flowable-async-job-executor-thread-25756#
[RestartAppStep] Starting application "axon-odata-api-app"...#
#2026 05 18 21:08:03.614#Z#DEBUG#97838b23-52fd-11f1-a8e5-eeee0a8b5973.OPERATION#flowable-async-job-executor-thread-25756#
[RestartAppStep] Starting application "axon-odata-api-app"...#
#2026 05 18 21:08:03.748#Z#DEBUG#97838b23-52fd-11f1-a8e5-eeee0a8b5973.OPERATION#flowable-async-job-executor-thread-25755#
[RestartAppStep] Executing task "startAppTask" of process "a8c45ac8-52fd-11f1-8b7a-eeee0a919299"...#
#2026 05 18 21:08:03.750#Z#DEBUG#97838b23-52fd-11f1-a8e5-eeee0a8b5973.OPERATION#flowable-async-job-executor-thread-25755#
[RestartAppStep] Application start timeout is default one: 3,600 seconds#
#2026 05 18 21:08:03.755#Z#DEBUG#97838b23-52fd-11f1-a8e5-eeee0a8b5973.OPERATION#flowable-async-job-executor-thread-25755#
[RestartAppStep] Getting application "axon-odata-api"...#
#2026 05 18 21:08:03.797#Z#INFO#97838b23-52fd-11f1-a8e5-eeee0a8b5973.OPERATION#flowable-async-job-executor-thread-25755#
[RestartAppStep] Starting application "axon-odata-api"...#
#2026 05 18 21:08:03.801#Z#DEBUG#97838b23-52fd-11f1-a8e5-eeee0a8b5973.OPERATION#flowable-async-job-executor-thread-25755#
[RestartAppStep] Starting application "axon-odata-api"...#
#2026 05 18 21:08:03.847#Z#DEBUG#97838b23-52fd-11f1-a8e5-eeee0a8b5973.OPERATION#flowable-async-job-executor-thread-25756#
Step "Start App" finished#
#2026 05 18 21:08:04.019#Z#DEBUG#97838b23-52fd-11f1-a8e5-eeee0a8b5973.OPERATION#flowable-async-job-executor-thread-25755#
Step "Start App" finished#
#2026 05 18 21:08:12.199#Z#DEBUG#97838b23-52fd-11f1-a8e5-eeee0a8b5973.OPERATION#flowable-async-job-executor-thread-25763#
[RestartAppStep] Executing task "startAppTask" of process "a8f7ee0a-52fd-11f1-8b7a-eeee0a919299"...#
#2026 05 18 21:08:12.200#Z#DEBUG#97838b23-52fd-11f1-a8e5-eeee0a8b5973.OPERATION#flowable-async-job-executor-thread-25763#
[RestartAppStep] Application start timeout is default one: 3,600 seconds#
#2026 05 18 21:08:12.200#Z#DEBUG#97838b23-52fd-11f1-a8e5-eeee0a8b5973.OPERATION#flowable-async-job-executor-thread-25763#
[RestartAppStep] Checking status of application "axon-odata-api"...#
#2026 05 18 21:08:12.200#Z#DEBUG#97838b23-52fd-11f1-a8e5-eeee0a8b5973.OPERATION#flowable-async-job-executor-thread-25763#
[RestartAppStep] Getting application "axon-odata-api"...#
#2026 05 18 21:08:12.237#Z#DEBUG#97838b23-52fd-11f1-a8e5-eeee0a8b5973.OPERATION#flowable-async-job-executor-thread-25763#
[RestartAppStep] Getting instances for application "axon-odata-api"...#
#2026 05 18 21:08:12.285#Z#DEBUG#97838b23-52fd-11f1-a8e5-eeee0a8b5973.OPERATION#flowable-async-job-executor-thread-25763#
[RestartAppStep] Application "axon-odata-api": 0 of 1 instances running (1 starting)#
#2026 05 18 21:08:12.396#Z#DEBUG#97838b23-52fd-11f1-a8e5-eeee0a8b5973.OPERATION#flowable-async-job-executor-thread-25763#
Step "Start App" finished#
#2026 05 18 21:08:12.232#Z#DEBUG#97838b23-52fd-11f1-a8e5-eeee0a8b5973.OPERATION#flowable-async-job-executor-thread-20418#
[RestartAppStep] Executing task "startAppTask" of process "a8ddaf40-52fd-11f1-8b7a-eeee0a919299"...#
#2026 05 18 21:08:12.235#Z#DEBUG#97838b23-52fd-11f1-a8e5-eeee0a8b5973.OPERATION#flowable-async-job-executor-thread-20418#
[RestartAppStep] Application start timeout is default one: 3,600 seconds#
#2026 05 18 21:08:12.236#Z#DEBUG#97838b23-52fd-11f1-a8e5-eeee0a8b5973.OPERATION#flowable-async-job-executor-thread-20418#
[RestartAppStep] Checking status of application "axon-odata-api-app"...#
#2026 05 18 21:08:12.236#Z#DEBUG#97838b23-52fd-11f1-a8e5-eeee0a8b5973.OPERATION#flowable-async-job-executor-thread-20418#
[RestartAppStep] Getting application "axon-odata-api-app"...#
#2026 05 18 21:08:12.274#Z#DEBUG#97838b23-52fd-11f1-a8e5-eeee0a8b5973.OPERATION#flowable-async-job-executor-thread-20418#
[RestartAppStep] Getting instances for application "axon-odata-api-app"...#
#2026 05 18 21:08:12.330#Z#DEBUG#97838b23-52fd-11f1-a8e5-eeee0a8b5973.OPERATION#flowable-async-job-executor-thread-20418#
[RestartAppStep] Application "axon-odata-api-app": 0 of 1 instances running (1 starting)#
#2026 05 18 21:08:12.407#Z#DEBUG#97838b23-52fd-11f1-a8e5-eeee0a8b5973.OPERATION#flowable-async-job-executor-thread-20418#
Step "Start App" finished#
#2026 05 18 21:08:22.223#Z#DEBUG#97838b23-52fd-11f1-a8e5-eeee0a8b5973.OPERATION#flowable-async-job-executor-thread-25770#
[RestartAppStep] Executing task "startAppTask" of process "adf90e9f-52fd-11f1-a8e5-eeee0a8b5973"...#
#2026 05 18 21:08:22.224#Z#DEBUG#97838b23-52fd-11f1-a8e5-eeee0a8b5973.OPERATION#flowable-async-job-executor-thread-25770#
[RestartAppStep] Application start timeout is default one: 3,600 seconds#
#2026 05 18 21:08:22.225#Z#DEBUG#97838b23-52fd-11f1-a8e5-eeee0a8b5973.OPERATION#flowable-async-job-executor-thread-25770#
[RestartAppStep] Checking status of application "axon-odata-api-app"...#
#2026 05 18 21:08:22.226#Z#DEBUG#97838b23-52fd-11f1-a8e5-eeee0a8b5973.OPERATION#flowable-async-job-executor-thread-25770#
[RestartAppStep] Getting instances for application "axon-odata-api-app"...#
#2026 05 18 21:08:22.268#Z#DEBUG#97838b23-52fd-11f1-a8e5-eeee0a8b5973.OPERATION#flowable-async-job-executor-thread-25770#
[RestartAppStep] Application "axon-odata-api-app": 1 of 1 instances running (1 running)#
#2026 05 18 21:08:22.304#Z#DEBUG#97838b23-52fd-11f1-a8e5-eeee0a8b5973.OPERATION#flowable-async-job-executor-thread-25770#
[RestartAppStep] Getting routes for application "fbe7a60c-9d59-4646-9863-1fb8863709b6"...#
#2026 05 18 21:08:22.352#Z#INFO#97838b23-52fd-11f1-a8e5-eeee0a8b5973.OPERATION#flowable-async-job-executor-thread-25770#
[RestartAppStep] Application "axon-odata-api-app" started and available at "590c8b3dtrial-590c8b3dtrial-dev-axon-odata-api-app.cfapps.us10-001.hana.ondemand.com"#
#2026 05 18 21:08:22.358#Z#DEBUG#97838b23-52fd-11f1-a8e5-eeee0a8b5973.OPERATION#flowable-async-job-executor-thread-25770#
Step "Start App" finished#
#2026 05 18 21:08:22.255#Z#DEBUG#97838b23-52fd-11f1-a8e5-eeee0a8b5973.OPERATION#flowable-async-job-executor-thread-20426#
[RestartAppStep] Executing task "startAppTask" of process "adf62867-52fd-11f1-8b7a-eeee0a919299"...#
#2026 05 18 21:08:22.259#Z#DEBUG#97838b23-52fd-11f1-a8e5-eeee0a8b5973.OPERATION#flowable-async-job-executor-thread-20426#
[RestartAppStep] Application start timeout is default one: 3,600 seconds#
#2026 05 18 21:08:22.260#Z#DEBUG#97838b23-52fd-11f1-a8e5-eeee0a8b5973.OPERATION#flowable-async-job-executor-thread-20426#
[RestartAppStep] Checking status of application "axon-odata-api"...#
#2026 05 18 21:08:22.261#Z#DEBUG#97838b23-52fd-11f1-a8e5-eeee0a8b5973.OPERATION#flowable-async-job-executor-thread-20426#
[RestartAppStep] Getting instances for application "axon-odata-api"...#
#2026 05 18 21:08:22.306#Z#DEBUG#97838b23-52fd-11f1-a8e5-eeee0a8b5973.OPERATION#flowable-async-job-executor-thread-20426#
[RestartAppStep] Application "axon-odata-api": 0 of 1 instances running (1 starting)#
#2026 05 18 21:08:22.368#Z#DEBUG#97838b23-52fd-11f1-a8e5-eeee0a8b5973.OPERATION#flowable-async-job-executor-thread-20426#
Step "Start App" finished#
#2026 05 18 21:08:32.270#Z#DEBUG#97838b23-52fd-11f1-a8e5-eeee0a8b5973.OPERATION#flowable-async-job-executor-thread-25779#
[RestartAppStep] Executing task "startAppTask" of process "b3e66448-52fd-11f1-8b7a-eeee0a919299"...#
#2026 05 18 21:08:32.272#Z#DEBUG#97838b23-52fd-11f1-a8e5-eeee0a8b5973.OPERATION#flowable-async-job-executor-thread-25779#
[RestartAppStep] Application start timeout is default one: 3,600 seconds#
#2026 05 18 21:08:32.273#Z#DEBUG#97838b23-52fd-11f1-a8e5-eeee0a8b5973.OPERATION#flowable-async-job-executor-thread-25779#
Step "Start App" finished#
#2026 05 18 21:08:32.264#Z#DEBUG#97838b23-52fd-11f1-a8e5-eeee0a8b5973.OPERATION#flowable-async-job-executor-thread-20486#
[RestartAppStep] Executing task "startAppTask" of process "b3e86055-52fd-11f1-a8e5-eeee0a8b5973"...#
#2026 05 18 21:08:32.266#Z#DEBUG#97838b23-52fd-11f1-a8e5-eeee0a8b5973.OPERATION#flowable-async-job-executor-thread-20486#
[RestartAppStep] Application start timeout is default one: 3,600 seconds#
#2026 05 18 21:08:32.267#Z#DEBUG#97838b23-52fd-11f1-a8e5-eeee0a8b5973.OPERATION#flowable-async-job-executor-thread-20486#
[RestartAppStep] Checking status of application "axon-odata-api"...#
#2026 05 18 21:08:32.268#Z#DEBUG#97838b23-52fd-11f1-a8e5-eeee0a8b5973.OPERATION#flowable-async-job-executor-thread-20486#
[RestartAppStep] Getting instances for application "axon-odata-api"...#
#2026 05 18 21:08:32.307#Z#DEBUG#97838b23-52fd-11f1-a8e5-eeee0a8b5973.OPERATION#flowable-async-job-executor-thread-20486#
[RestartAppStep] Application "axon-odata-api": 0 of 1 instances running (1 starting)#
#2026 05 18 21:08:32.337#Z#DEBUG#97838b23-52fd-11f1-a8e5-eeee0a8b5973.OPERATION#flowable-async-job-executor-thread-20486#
Step "Start App" finished#
#2026 05 18 21:08:32.348#Z#DEBUG#97838b23-52fd-11f1-a8e5-eeee0a8b5973.OPERATION#flowable-async-job-executor-thread-25780#
[PrepareToExecuteTasksStep] Executing task "prepareToExecuteTasksTask" of process "b9d4a46c-52fd-11f1-8b7a-eeee0a919299"...#
#2026 05 18 21:08:32.349#Z#DEBUG#97838b23-52fd-11f1-a8e5-eeee0a8b5973.OPERATION#flowable-async-job-executor-thread-25780#
Step "Prepare To Execute Tasks" finished#
#2026 05 18 21:08:32.401#Z#DEBUG#97838b23-52fd-11f1-a8e5-eeee0a8b5973.OPERATION#flowable-async-job-executor-thread-25780#
[PublishConfigurationEntriesStep] Executing task "publishProvidedDependenciesTask" of process "b9cf2608-52fd-11f1-8b7a-eeee0a919299"...#
#2026 05 18 21:08:32.402#Z#DEBUG#97838b23-52fd-11f1-a8e5-eeee0a8b5973.OPERATION#flowable-async-job-executor-thread-25780#
[PublishConfigurationEntriesStep] Publishing public provided dependencies for application "axon-odata-api-app"...#
#2026 05 18 21:08:32.402#Z#DEBUG#97838b23-52fd-11f1-a8e5-eeee0a8b5973.OPERATION#flowable-async-job-executor-thread-25780#
[PublishConfigurationEntriesStep] No public provided dependencies for publishing#
#2026 05 18 21:08:32.402#Z#DEBUG#97838b23-52fd-11f1-a8e5-eeee0a8b5973.OPERATION#flowable-async-job-executor-thread-25780#
Step "Publish Provided Dependencies" finished#
#2026 05 18 21:08:32.437#Z#DEBUG#97838b23-52fd-11f1-a8e5-eeee0a8b5973.OPERATION#flowable-async-job-executor-thread-25780#
[CreateOrUpdateServiceBrokerStep] Executing task "createOrUpdateServiceBrokerTask" of process "b9cf2608-52fd-11f1-8b7a-eeee0a919299"...#
#2026 05 18 21:08:32.439#Z#DEBUG#97838b23-52fd-11f1-a8e5-eeee0a8b5973.OPERATION#flowable-async-job-executor-thread-25780#
[CreateOrUpdateServiceBrokerStep] Creating service brokers...#
#2026 05 18 21:08:32.440#Z#DEBUG#97838b23-52fd-11f1-a8e5-eeee0a8b5973.OPERATION#flowable-async-job-executor-thread-25780#
Step "Create Or Update Service Broker " finished#
#2026 05 18 21:08:42.301#Z#DEBUG#97838b23-52fd-11f1-a8e5-eeee0a8b5973.OPERATION#flowable-async-job-executor-thread-25785#
[RestartAppStep] Executing task "startAppTask" of process "b9d910bd-52fd-11f1-a27a-eeee0a92a1fc"...#
#2026 05 18 21:08:42.302#Z#DEBUG#97838b23-52fd-11f1-a8e5-eeee0a8b5973.OPERATION#flowable-async-job-executor-thread-25785#
[RestartAppStep] Application start timeout is default one: 3,600 seconds#
#2026 05 18 21:08:42.303#Z#DEBUG#97838b23-52fd-11f1-a8e5-eeee0a8b5973.OPERATION#flowable-async-job-executor-thread-25785#
[RestartAppStep] Checking status of application "axon-odata-api"...#
#2026 05 18 21:08:42.304#Z#DEBUG#97838b23-52fd-11f1-a8e5-eeee0a8b5973.OPERATION#flowable-async-job-executor-thread-25785#
[RestartAppStep] Getting instances for application "axon-odata-api"...#
#2026 05 18 21:08:42.361#Z#DEBUG#97838b23-52fd-11f1-a8e5-eeee0a8b5973.OPERATION#flowable-async-job-executor-thread-25785#
[RestartAppStep] Application "axon-odata-api": 0 of 1 instances running (1 starting)#
#2026 05 18 21:08:42.394#Z#DEBUG#97838b23-52fd-11f1-a8e5-eeee0a8b5973.OPERATION#flowable-async-job-executor-thread-25785#
Step "Start App" finished#
#2026 05 18 21:08:52.325#Z#DEBUG#97838b23-52fd-11f1-a8e5-eeee0a8b5973.OPERATION#flowable-async-job-executor-thread-25796#
[RestartAppStep] Executing task "startAppTask" of process "bfd7a425-52fd-11f1-8b7a-eeee0a919299"...#
#2026 05 18 21:08:52.331#Z#DEBUG#97838b23-52fd-11f1-a8e5-eeee0a8b5973.OPERATION#flowable-async-job-executor-thread-25796#
[RestartAppStep] Application start timeout is default one: 3,600 seconds#
#2026 05 18 21:08:52.332#Z#DEBUG#97838b23-52fd-11f1-a8e5-eeee0a8b5973.OPERATION#flowable-async-job-executor-thread-25796#
[RestartAppStep] Checking status of application "axon-odata-api"...#
#2026 05 18 21:08:52.332#Z#DEBUG#97838b23-52fd-11f1-a8e5-eeee0a8b5973.OPERATION#flowable-async-job-executor-thread-25796#
[RestartAppStep] Getting instances for application "axon-odata-api"...#
#2026 05 18 21:08:52.392#Z#DEBUG#97838b23-52fd-11f1-a8e5-eeee0a8b5973.OPERATION#flowable-async-job-executor-thread-25796#
[RestartAppStep] Application "axon-odata-api": 0 of 1 instances running (1 crashed)#
#2026 05 18 21:08:52.449#Z#ERROR#97838b23-52fd-11f1-a8e5-eeee0a8b5973.OPERATION#flowable-async-job-executor-thread-25796#
[RestartAppStep] Error starting application "axon-odata-api": Some instances have crashed. Check the application logs of your application for details.#
#2026 05 18 21:08:52.454#Z#INFO#97838b23-52fd-11f1-a8e5-eeee0a8b5973.OPERATION#flowable-async-job-executor-thread-25796#
[RestartAppStep] Download the MTA operation logs for more details.#
#2026 05 18 21:08:52.458#Z#DEBUG#97838b23-52fd-11f1-a8e5-eeee0a8b5973.OPERATION#flowable-async-job-executor-thread-25796#
Step "Start App" finished#
#2026 05 18 21:08:55.971#Z#DEBUG#97838b23-52fd-11f1-a8e5-eeee0a8b5973.OPERATION#flowable-async-job-executor-thread-20451#
[RestartAppStep] Executing task "startAppTask" of process "bfd7a425-52fd-11f1-8b7a-eeee0a919299"...#
#2026 05 18 21:08:55.975#Z#DEBUG#97838b23-52fd-11f1-a8e5-eeee0a8b5973.OPERATION#flowable-async-job-executor-thread-20451#
[RestartAppStep] Application start timeout is default one: 3,600 seconds#
#2026 05 18 21:08:55.984#Z#DEBUG#97838b23-52fd-11f1-a8e5-eeee0a8b5973.OPERATION#flowable-async-job-executor-thread-20451#
[RestartAppStep] Getting application "axon-odata-api"...#
#2026 05 18 21:08:56.028#Z#INFO#97838b23-52fd-11f1-a8e5-eeee0a8b5973.OPERATION#flowable-async-job-executor-thread-20451#
[RestartAppStep] Stopping application "axon-odata-api"...#
#2026 05 18 21:08:56.035#Z#DEBUG#97838b23-52fd-11f1-a8e5-eeee0a8b5973.OPERATION#flowable-async-job-executor-thread-20451#
[RestartAppStep] Stopping application "axon-odata-api"...#
#2026 05 18 21:08:56.183#Z#INFO#97838b23-52fd-11f1-a8e5-eeee0a8b5973.OPERATION#flowable-async-job-executor-thread-20451#
[RestartAppStep] Starting application "axon-odata-api"...#
#2026 05 18 21:08:56.190#Z#DEBUG#97838b23-52fd-11f1-a8e5-eeee0a8b5973.OPERATION#flowable-async-job-executor-thread-20451#
[RestartAppStep] Starting application "axon-odata-api"...#
#2026 05 18 21:08:56.423#Z#DEBUG#97838b23-52fd-11f1-a8e5-eeee0a8b5973.OPERATION#flowable-async-job-executor-thread-20451#
Step "Start App" finished#
#2026 05 18 21:09:02.372#Z#DEBUG#97838b23-52fd-11f1-a8e5-eeee0a8b5973.OPERATION#flowable-async-job-executor-thread-25801#
[RestartAppStep] Executing task "startAppTask" of process "c834733f-52fd-11f1-a8e5-eeee0a8b5973"...#
#2026 05 18 21:09:02.373#Z#DEBUG#97838b23-52fd-11f1-a8e5-eeee0a8b5973.OPERATION#flowable-async-job-executor-thread-25801#
[RestartAppStep] Application start timeout is default one: 3,600 seconds#
#2026 05 18 21:09:02.429#Z#DEBUG#97838b23-52fd-11f1-a8e5-eeee0a8b5973.OPERATION#flowable-async-job-executor-thread-25801#
[RestartAppStep] Checking status of application "axon-odata-api"...#
#2026 05 18 21:09:02.430#Z#DEBUG#97838b23-52fd-11f1-a8e5-eeee0a8b5973.OPERATION#flowable-async-job-executor-thread-25801#
[RestartAppStep] Getting instances for application "axon-odata-api"...#
#2026 05 18 21:09:02.499#Z#DEBUG#97838b23-52fd-11f1-a8e5-eeee0a8b5973.OPERATION#flowable-async-job-executor-thread-25801#
[RestartAppStep] Application "axon-odata-api": 0 of 1 instances running (1 starting)#
#2026 05 18 21:09:02.558#Z#DEBUG#97838b23-52fd-11f1-a8e5-eeee0a8b5973.OPERATION#flowable-async-job-executor-thread-25801#
Step "Start App" finished#
#2026 05 18 21:09:12.390#Z#DEBUG#97838b23-52fd-11f1-a8e5-eeee0a8b5973.OPERATION#flowable-async-job-executor-thread-25806#
[RestartAppStep] Executing task "startAppTask" of process "cbdc454a-52fd-11f1-8b7a-eeee0a919299"...#
#2026 05 18 21:09:12.391#Z#DEBUG#97838b23-52fd-11f1-a8e5-eeee0a8b5973.OPERATION#flowable-async-job-executor-thread-25806#
[RestartAppStep] Application start timeout is default one: 3,600 seconds#
#2026 05 18 21:09:12.392#Z#DEBUG#97838b23-52fd-11f1-a8e5-eeee0a8b5973.OPERATION#flowable-async-job-executor-thread-25806#
[RestartAppStep] Checking status of application "axon-odata-api"...#
#2026 05 18 21:09:12.392#Z#DEBUG#97838b23-52fd-11f1-a8e5-eeee0a8b5973.OPERATION#flowable-async-job-executor-thread-25806#
[RestartAppStep] Getting instances for application "axon-odata-api"...#
#2026 05 18 21:09:12.434#Z#DEBUG#97838b23-52fd-11f1-a8e5-eeee0a8b5973.OPERATION#flowable-async-job-executor-thread-25806#
[RestartAppStep] Application "axon-odata-api": 0 of 1 instances running (1 starting)#
#2026 05 18 21:09:12.470#Z#DEBUG#97838b23-52fd-11f1-a8e5-eeee0a8b5973.OPERATION#flowable-async-job-executor-thread-25806#
Step "Start App" finished#
#2026 05 18 21:09:22.431#Z#DEBUG#97838b23-52fd-11f1-a8e5-eeee0a8b5973.OPERATION#flowable-async-job-executor-thread-25816#
[RestartAppStep] Executing task "startAppTask" of process "d1c4dff9-52fd-11f1-8b7a-eeee0a919299"...#
#2026 05 18 21:09:22.433#Z#DEBUG#97838b23-52fd-11f1-a8e5-eeee0a8b5973.OPERATION#flowable-async-job-executor-thread-25816#
[RestartAppStep] Application start timeout is default one: 3,600 seconds#
#2026 05 18 21:09:22.433#Z#DEBUG#97838b23-52fd-11f1-a8e5-eeee0a8b5973.OPERATION#flowable-async-job-executor-thread-25816#
[RestartAppStep] Checking status of application "axon-odata-api"...#
#2026 05 18 21:09:22.434#Z#DEBUG#97838b23-52fd-11f1-a8e5-eeee0a8b5973.OPERATION#flowable-async-job-executor-thread-25816#
[RestartAppStep] Getting instances for application "axon-odata-api"...#
#2026 05 18 21:09:22.486#Z#DEBUG#97838b23-52fd-11f1-a8e5-eeee0a8b5973.OPERATION#flowable-async-job-executor-thread-25816#
[RestartAppStep] Application "axon-odata-api": 0 of 1 instances running (1 starting)#
#2026 05 18 21:09:22.521#Z#DEBUG#97838b23-52fd-11f1-a8e5-eeee0a8b5973.OPERATION#flowable-async-job-executor-thread-25816#
Step "Start App" finished#
#2026 05 18 21:09:32.477#Z#DEBUG#97838b23-52fd-11f1-a8e5-eeee0a8b5973.OPERATION#flowable-async-job-executor-thread-20482#
[RestartAppStep] Executing task "startAppTask" of process "d7c261e1-52fd-11f1-8b7a-eeee0a919299"...#
#2026 05 18 21:09:32.480#Z#DEBUG#97838b23-52fd-11f1-a8e5-eeee0a8b5973.OPERATION#flowable-async-job-executor-thread-20482#
[RestartAppStep] Application start timeout is default one: 3,600 seconds#
#2026 05 18 21:09:32.481#Z#DEBUG#97838b23-52fd-11f1-a8e5-eeee0a8b5973.OPERATION#flowable-async-job-executor-thread-20482#
[RestartAppStep] Checking status of application "axon-odata-api"...#
#2026 05 18 21:09:32.482#Z#DEBUG#97838b23-52fd-11f1-a8e5-eeee0a8b5973.OPERATION#flowable-async-job-executor-thread-20482#
[RestartAppStep] Getting instances for application "axon-odata-api"...#
#2026 05 18 21:09:32.523#Z#DEBUG#97838b23-52fd-11f1-a8e5-eeee0a8b5973.OPERATION#flowable-async-job-executor-thread-20482#
[RestartAppStep] Application "axon-odata-api": 0 of 1 instances running (1 starting)#
#2026 05 18 21:09:32.578#Z#DEBUG#97838b23-52fd-11f1-a8e5-eeee0a8b5973.OPERATION#flowable-async-job-executor-thread-20482#
Step "Start App" finished#
#2026 05 18 21:09:42.479#Z#DEBUG#97838b23-52fd-11f1-a8e5-eeee0a8b5973.OPERATION#flowable-async-job-executor-thread-25833#
[RestartAppStep] Executing task "startAppTask" of process "ddc16b32-52fd-11f1-a8e5-eeee0a8b5973"...#
#2026 05 18 21:09:42.481#Z#DEBUG#97838b23-52fd-11f1-a8e5-eeee0a8b5973.OPERATION#flowable-async-job-executor-thread-25833#
[RestartAppStep] Application start timeout is default one: 3,600 seconds#
#2026 05 18 21:09:42.482#Z#DEBUG#97838b23-52fd-11f1-a8e5-eeee0a8b5973.OPERATION#flowable-async-job-executor-thread-25833#
[RestartAppStep] Checking status of application "axon-odata-api"...#
#2026 05 18 21:09:42.483#Z#DEBUG#97838b23-52fd-11f1-a8e5-eeee0a8b5973.OPERATION#flowable-async-job-executor-thread-25833#
[RestartAppStep] Getting instances for application "axon-odata-api"...#
#2026 05 18 21:09:42.535#Z#DEBUG#97838b23-52fd-11f1-a8e5-eeee0a8b5973.OPERATION#flowable-async-job-executor-thread-25833#
[RestartAppStep] Application "axon-odata-api": 0 of 1 instances running (1 starting)#
#2026 05 18 21:09:42.561#Z#DEBUG#97838b23-52fd-11f1-a8e5-eeee0a8b5973.OPERATION#flowable-async-job-executor-thread-25833#
Step "Start App" finished#
#2026 05 18 21:09:52.539#Z#DEBUG#97838b23-52fd-11f1-a8e5-eeee0a8b5973.OPERATION#flowable-async-job-executor-thread-25839#
[RestartAppStep] Executing task "startAppTask" of process "e3b43ef7-52fd-11f1-8b7a-eeee0a919299"...#
#2026 05 18 21:09:52.541#Z#DEBUG#97838b23-52fd-11f1-a8e5-eeee0a8b5973.OPERATION#flowable-async-job-executor-thread-25839#
[RestartAppStep] Application start timeout is default one: 3,600 seconds#
#2026 05 18 21:09:52.542#Z#DEBUG#97838b23-52fd-11f1-a8e5-eeee0a8b5973.OPERATION#flowable-async-job-executor-thread-25839#
[RestartAppStep] Checking status of application "axon-odata-api"...#
#2026 05 18 21:09:52.543#Z#DEBUG#97838b23-52fd-11f1-a8e5-eeee0a8b5973.OPERATION#flowable-async-job-executor-thread-25839#
[RestartAppStep] Getting instances for application "axon-odata-api"...#
#2026 05 18 21:09:52.596#Z#DEBUG#97838b23-52fd-11f1-a8e5-eeee0a8b5973.OPERATION#flowable-async-job-executor-thread-25839#
[RestartAppStep] Application "axon-odata-api": 0 of 1 instances running (1 crashed)#
#2026 05 18 21:09:52.628#Z#ERROR#97838b23-52fd-11f1-a8e5-eeee0a8b5973.OPERATION#flowable-async-job-executor-thread-25839#
[RestartAppStep] Error starting application "axon-odata-api": Some instances have crashed. Check the application logs of your application for details.#
#2026 05 18 21:09:52.632#Z#INFO#97838b23-52fd-11f1-a8e5-eeee0a8b5973.OPERATION#flowable-async-job-executor-thread-25839#
[RestartAppStep] Download the MTA operation logs for more details.#
#2026 05 18 21:09:52.637#Z#DEBUG#97838b23-52fd-11f1-a8e5-eeee0a8b5973.OPERATION#flowable-async-job-executor-thread-25839#
Step "Start App" finished#
#2026 05 18 21:09:54.371#Z#DEBUG#97838b23-52fd-11f1-a8e5-eeee0a8b5973.OPERATION#flowable-async-job-executor-thread-20533#
[RestartAppStep] Executing task "startAppTask" of process "e3b43ef7-52fd-11f1-8b7a-eeee0a919299"...#
#2026 05 18 21:09:54.375#Z#DEBUG#97838b23-52fd-11f1-a8e5-eeee0a8b5973.OPERATION#flowable-async-job-executor-thread-20533#
[RestartAppStep] Application start timeout is default one: 3,600 seconds#
#2026 05 18 21:09:54.381#Z#DEBUG#97838b23-52fd-11f1-a8e5-eeee0a8b5973.OPERATION#flowable-async-job-executor-thread-20533#
[RestartAppStep] Getting application "axon-odata-api"...#
#2026 05 18 21:09:54.423#Z#INFO#97838b23-52fd-11f1-a8e5-eeee0a8b5973.OPERATION#flowable-async-job-executor-thread-20533#
[RestartAppStep] Stopping application "axon-odata-api"...#
#2026 05 18 21:09:54.429#Z#DEBUG#97838b23-52fd-11f1-a8e5-eeee0a8b5973.OPERATION#flowable-async-job-executor-thread-20533#
[RestartAppStep] Stopping application "axon-odata-api"...#
#2026 05 18 21:09:54.573#Z#INFO#97838b23-52fd-11f1-a8e5-eeee0a8b5973.OPERATION#flowable-async-job-executor-thread-20533#
[RestartAppStep] Starting application "axon-odata-api"...#
#2026 05 18 21:09:54.580#Z#DEBUG#97838b23-52fd-11f1-a8e5-eeee0a8b5973.OPERATION#flowable-async-job-executor-thread-20533#
[RestartAppStep] Starting application "axon-odata-api"...#
#2026 05 18 21:09:54.818#Z#DEBUG#97838b23-52fd-11f1-a8e5-eeee0a8b5973.OPERATION#flowable-async-job-executor-thread-20533#
Step "Start App" finished#
#2026 05 18 21:10:02.595#Z#DEBUG#97838b23-52fd-11f1-a8e5-eeee0a8b5973.OPERATION#flowable-async-job-executor-thread-25849#
[RestartAppStep] Executing task "startAppTask" of process "eb02d1fa-52fd-11f1-a27a-eeee0a92a1fc"...#
#2026 05 18 21:10:02.597#Z#DEBUG#97838b23-52fd-11f1-a8e5-eeee0a8b5973.OPERATION#flowable-async-job-executor-thread-25849#
[RestartAppStep] Application start timeout is default one: 3,600 seconds#
#2026 05 18 21:10:02.678#Z#DEBUG#97838b23-52fd-11f1-a8e5-eeee0a8b5973.OPERATION#flowable-async-job-executor-thread-25849#
[RestartAppStep] Checking status of application "axon-odata-api"...#
#2026 05 18 21:10:02.678#Z#DEBUG#97838b23-52fd-11f1-a8e5-eeee0a8b5973.OPERATION#flowable-async-job-executor-thread-25849#
[RestartAppStep] Getting instances for application "axon-odata-api"...#
#2026 05 18 21:10:02.731#Z#DEBUG#97838b23-52fd-11f1-a8e5-eeee0a8b5973.OPERATION#flowable-async-job-executor-thread-25849#
[RestartAppStep] Application "axon-odata-api": 0 of 1 instances running (1 starting)#
#2026 05 18 21:10:02.758#Z#DEBUG#97838b23-52fd-11f1-a8e5-eeee0a8b5973.OPERATION#flowable-async-job-executor-thread-25849#
Step "Start App" finished#
#2026 05 18 21:10:12.696#Z#DEBUG#97838b23-52fd-11f1-a8e5-eeee0a8b5973.OPERATION#flowable-async-job-executor-thread-25853#
[RestartAppStep] Executing task "startAppTask" of process "efbde962-52fd-11f1-8b7a-eeee0a919299"...#
#2026 05 18 21:10:12.698#Z#DEBUG#97838b23-52fd-11f1-a8e5-eeee0a8b5973.OPERATION#flowable-async-job-executor-thread-25853#
[RestartAppStep] Application start timeout is default one: 3,600 seconds#
#2026 05 18 21:10:12.699#Z#DEBUG#97838b23-52fd-11f1-a8e5-eeee0a8b5973.OPERATION#flowable-async-job-executor-thread-25853#
[RestartAppStep] Checking status of application "axon-odata-api"...#
#2026 05 18 21:10:12.699#Z#DEBUG#97838b23-52fd-11f1-a8e5-eeee0a8b5973.OPERATION#flowable-async-job-executor-thread-25853#
[RestartAppStep] Getting instances for application "axon-odata-api"...#
#2026 05 18 21:10:12.741#Z#DEBUG#97838b23-52fd-11f1-a8e5-eeee0a8b5973.OPERATION#flowable-async-job-executor-thread-25853#
[RestartAppStep] Application "axon-odata-api": 0 of 1 instances running (1 starting)#
#2026 05 18 21:10:12.792#Z#DEBUG#97838b23-52fd-11f1-a8e5-eeee0a8b5973.OPERATION#flowable-async-job-executor-thread-25853#
Step "Start App" finished#
#2026 05 18 21:10:22.752#Z#DEBUG#97838b23-52fd-11f1-a8e5-eeee0a8b5973.OPERATION#flowable-async-job-executor-thread-25865#
[RestartAppStep] Executing task "startAppTask" of process "f5b920e8-52fd-11f1-8b7a-eeee0a919299"...#
#2026 05 18 21:10:22.753#Z#DEBUG#97838b23-52fd-11f1-a8e5-eeee0a8b5973.OPERATION#flowable-async-job-executor-thread-25865#
[RestartAppStep] Application start timeout is default one: 3,600 seconds#
#2026 05 18 21:10:22.754#Z#DEBUG#97838b23-52fd-11f1-a8e5-eeee0a8b5973.OPERATION#flowable-async-job-executor-thread-25865#
[RestartAppStep] Checking status of application "axon-odata-api"...#
#2026 05 18 21:10:22.755#Z#DEBUG#97838b23-52fd-11f1-a8e5-eeee0a8b5973.OPERATION#flowable-async-job-executor-thread-25865#
[RestartAppStep] Getting instances for application "axon-odata-api"...#
#2026 05 18 21:10:22.806#Z#DEBUG#97838b23-52fd-11f1-a8e5-eeee0a8b5973.OPERATION#flowable-async-job-executor-thread-25865#
[RestartAppStep] Application "axon-odata-api": 0 of 1 instances running (1 starting)#
#2026 05 18 21:10:22.864#Z#DEBUG#97838b23-52fd-11f1-a8e5-eeee0a8b5973.OPERATION#flowable-async-job-executor-thread-25865#
Step "Start App" finished#
#2026 05 18 21:10:32.768#Z#DEBUG#97838b23-52fd-11f1-a8e5-eeee0a8b5973.OPERATION#flowable-async-job-executor-thread-25869#
[RestartAppStep] Executing task "startAppTask" of process "fbb9feb2-52fd-11f1-8b7a-eeee0a919299"...#
#2026 05 18 21:10:32.769#Z#DEBUG#97838b23-52fd-11f1-a8e5-eeee0a8b5973.OPERATION#flowable-async-job-executor-thread-25869#
[RestartAppStep] Application start timeout is default one: 3,600 seconds#
#2026 05 18 21:10:32.770#Z#DEBUG#97838b23-52fd-11f1-a8e5-eeee0a8b5973.OPERATION#flowable-async-job-executor-thread-25869#
[RestartAppStep] Checking status of application "axon-odata-api"...#
#2026 05 18 21:10:32.771#Z#DEBUG#97838b23-52fd-11f1-a8e5-eeee0a8b5973.OPERATION#flowable-async-job-executor-thread-25869#
[RestartAppStep] Getting instances for application "axon-odata-api"...#
#2026 05 18 21:10:32.815#Z#DEBUG#97838b23-52fd-11f1-a8e5-eeee0a8b5973.OPERATION#flowable-async-job-executor-thread-25869#
[RestartAppStep] Application "axon-odata-api": 0 of 1 instances running (1 starting)#
#2026 05 18 21:10:32.874#Z#DEBUG#97838b23-52fd-11f1-a8e5-eeee0a8b5973.OPERATION#flowable-async-job-executor-thread-25869#
Step "Start App" finished#
#2026 05 18 21:10:42.814#Z#DEBUG#97838b23-52fd-11f1-a8e5-eeee0a8b5973.OPERATION#flowable-async-job-executor-thread-25878#
[RestartAppStep] Executing task "startAppTask" of process "01b166cf-52fe-11f1-8b7a-eeee0a919299"...#
#2026 05 18 21:10:42.815#Z#DEBUG#97838b23-52fd-11f1-a8e5-eeee0a8b5973.OPERATION#flowable-async-job-executor-thread-25878#
[RestartAppStep] Application start timeout is default one: 3,600 seconds#
#2026 05 18 21:10:42.816#Z#DEBUG#97838b23-52fd-11f1-a8e5-eeee0a8b5973.OPERATION#flowable-async-job-executor-thread-25878#
[RestartAppStep] Checking status of application "axon-odata-api"...#
#2026 05 18 21:10:42.817#Z#DEBUG#97838b23-52fd-11f1-a8e5-eeee0a8b5973.OPERATION#flowable-async-job-executor-thread-25878#
[RestartAppStep] Getting instances for application "axon-odata-api"...#
#2026 05 18 21:10:42.860#Z#DEBUG#97838b23-52fd-11f1-a8e5-eeee0a8b5973.OPERATION#flowable-async-job-executor-thread-25878#
[RestartAppStep] Application "axon-odata-api": 0 of 1 instances running (1 crashed)#
#2026 05 18 21:10:42.892#Z#ERROR#97838b23-52fd-11f1-a8e5-eeee0a8b5973.OPERATION#flowable-async-job-executor-thread-25878#
[RestartAppStep] Error starting application "axon-odata-api": Some instances have crashed. Check the application logs of your application for details.#
#2026 05 18 21:10:42.898#Z#INFO#97838b23-52fd-11f1-a8e5-eeee0a8b5973.OPERATION#flowable-async-job-executor-thread-25878#
[RestartAppStep] Download the MTA operation logs for more details.#
#2026 05 18 21:10:42.902#Z#DEBUG#97838b23-52fd-11f1-a8e5-eeee0a8b5973.OPERATION#flowable-async-job-executor-thread-25878#
Step "Start App" finished#
#2026 05 18 21:10:46.117#Z#DEBUG#97838b23-52fd-11f1-a8e5-eeee0a8b5973.OPERATION#flowable-async-job-executor-thread-20551#
[RestartAppStep] Executing task "startAppTask" of process "01b166cf-52fe-11f1-8b7a-eeee0a919299"...#
#2026 05 18 21:10:46.121#Z#DEBUG#97838b23-52fd-11f1-a8e5-eeee0a8b5973.OPERATION#flowable-async-job-executor-thread-20551#
[RestartAppStep] Application start timeout is default one: 3,600 seconds#
#2026 05 18 21:10:46.128#Z#DEBUG#97838b23-52fd-11f1-a8e5-eeee0a8b5973.OPERATION#flowable-async-job-executor-thread-20551#
[RestartAppStep] Getting application "axon-odata-api"...#
#2026 05 18 21:10:46.165#Z#INFO#97838b23-52fd-11f1-a8e5-eeee0a8b5973.OPERATION#flowable-async-job-executor-thread-20551#
[RestartAppStep] Stopping application "axon-odata-api"...#
#2026 05 18 21:10:46.171#Z#DEBUG#97838b23-52fd-11f1-a8e5-eeee0a8b5973.OPERATION#flowable-async-job-executor-thread-20551#
[RestartAppStep] Stopping application "axon-odata-api"...#
#2026 05 18 21:10:46.317#Z#INFO#97838b23-52fd-11f1-a8e5-eeee0a8b5973.OPERATION#flowable-async-job-executor-thread-20551#
[RestartAppStep] Starting application "axon-odata-api"...#
#2026 05 18 21:10:46.322#Z#DEBUG#97838b23-52fd-11f1-a8e5-eeee0a8b5973.OPERATION#flowable-async-job-executor-thread-20551#
[RestartAppStep] Starting application "axon-odata-api"...#
#2026 05 18 21:10:46.526#Z#DEBUG#97838b23-52fd-11f1-a8e5-eeee0a8b5973.OPERATION#flowable-async-job-executor-thread-20551#
Step "Start App" finished#
#2026 05 18 21:10:52.839#Z#DEBUG#97838b23-52fd-11f1-a8e5-eeee0a8b5973.OPERATION#flowable-async-job-executor-thread-25886#
[RestartAppStep] Executing task "startAppTask" of process "09d4d61c-52fe-11f1-a27a-eeee0a92a1fc"...#
#2026 05 18 21:10:52.840#Z#DEBUG#97838b23-52fd-11f1-a8e5-eeee0a8b5973.OPERATION#flowable-async-job-executor-thread-25886#
[RestartAppStep] Application start timeout is default one: 3,600 seconds#
#2026 05 18 21:10:52.915#Z#DEBUG#97838b23-52fd-11f1-a8e5-eeee0a8b5973.OPERATION#flowable-async-job-executor-thread-25886#
[RestartAppStep] Checking status of application "axon-odata-api"...#
#2026 05 18 21:10:52.915#Z#DEBUG#97838b23-52fd-11f1-a8e5-eeee0a8b5973.OPERATION#flowable-async-job-executor-thread-25886#
[RestartAppStep] Getting instances for application "axon-odata-api"...#
#2026 05 18 21:10:52.991#Z#DEBUG#97838b23-52fd-11f1-a8e5-eeee0a8b5973.OPERATION#flowable-async-job-executor-thread-25886#
[RestartAppStep] Application "axon-odata-api": 0 of 1 instances running (1 starting)#
#2026 05 18 21:10:53.049#Z#DEBUG#97838b23-52fd-11f1-a8e5-eeee0a8b5973.OPERATION#flowable-async-job-executor-thread-25886#
Step "Start App" finished#
#2026 05 18 21:11:02.889#Z#DEBUG#97838b23-52fd-11f1-a8e5-eeee0a8b5973.OPERATION#flowable-async-job-executor-thread-25896#
[RestartAppStep] Executing task "startAppTask" of process "0db7dc02-52fe-11f1-8b7a-eeee0a919299"...#
#2026 05 18 21:11:02.890#Z#DEBUG#97838b23-52fd-11f1-a8e5-eeee0a8b5973.OPERATION#flowable-async-job-executor-thread-25896#
[RestartAppStep] Application start timeout is default one: 3,600 seconds#
#2026 05 18 21:11:02.891#Z#DEBUG#97838b23-52fd-11f1-a8e5-eeee0a8b5973.OPERATION#flowable-async-job-executor-thread-25896#
[RestartAppStep] Checking status of application "axon-odata-api"...#
#2026 05 18 21:11:02.891#Z#DEBUG#97838b23-52fd-11f1-a8e5-eeee0a8b5973.OPERATION#flowable-async-job-executor-thread-25896#
[RestartAppStep] Getting instances for application "axon-odata-api"...#
#2026 05 18 21:11:02.942#Z#DEBUG#97838b23-52fd-11f1-a8e5-eeee0a8b5973.OPERATION#flowable-async-job-executor-thread-25896#
[RestartAppStep] Application "axon-odata-api": 0 of 1 instances running (1 starting)#
#2026 05 18 21:11:02.969#Z#DEBUG#97838b23-52fd-11f1-a8e5-eeee0a8b5973.OPERATION#flowable-async-job-executor-thread-25896#
Step "Start App" finished#
#2026 05 18 21:11:12.941#Z#DEBUG#97838b23-52fd-11f1-a8e5-eeee0a8b5973.OPERATION#flowable-async-job-executor-thread-20517#
[RestartAppStep] Executing task "startAppTask" of process "13a1882f-52fe-11f1-8b7a-eeee0a919299"...#
#2026 05 18 21:11:12.944#Z#DEBUG#97838b23-52fd-11f1-a8e5-eeee0a8b5973.OPERATION#flowable-async-job-executor-thread-20517#
[RestartAppStep] Application start timeout is default one: 3,600 seconds#
#2026 05 18 21:11:12.946#Z#DEBUG#97838b23-52fd-11f1-a8e5-eeee0a8b5973.OPERATION#flowable-async-job-executor-thread-20517#
[RestartAppStep] Checking status of application "axon-odata-api"...#
#2026 05 18 21:11:12.948#Z#DEBUG#97838b23-52fd-11f1-a8e5-eeee0a8b5973.OPERATION#flowable-async-job-executor-thread-20517#
[RestartAppStep] Getting instances for application "axon-odata-api"...#
#2026 05 18 21:11:12.980#Z#DEBUG#97838b23-52fd-11f1-a8e5-eeee0a8b5973.OPERATION#flowable-async-job-executor-thread-20517#
[RestartAppStep] Application "axon-odata-api": 0 of 1 instances running (1 starting)#
#2026 05 18 21:11:13.020#Z#DEBUG#97838b23-52fd-11f1-a8e5-eeee0a8b5973.OPERATION#flowable-async-job-executor-thread-20517#
Step "Start App" finished#
#2026 05 18 21:11:22.927#Z#DEBUG#97838b23-52fd-11f1-a8e5-eeee0a8b5973.OPERATION#flowable-async-job-executor-thread-25908#
[RestartAppStep] Executing task "startAppTask" of process "199fce10-52fe-11f1-a8e5-eeee0a8b5973"...#
#2026 05 18 21:11:22.928#Z#DEBUG#97838b23-52fd-11f1-a8e5-eeee0a8b5973.OPERATION#flowable-async-job-executor-thread-25908#
[RestartAppStep] Application start timeout is default one: 3,600 seconds#
#2026 05 18 21:11:22.929#Z#DEBUG#97838b23-52fd-11f1-a8e5-eeee0a8b5973.OPERATION#flowable-async-job-executor-thread-25908#
[RestartAppStep] Checking status of application "axon-odata-api"...#
#2026 05 18 21:11:22.929#Z#DEBUG#97838b23-52fd-11f1-a8e5-eeee0a8b5973.OPERATION#flowable-async-job-executor-thread-25908#
[RestartAppStep] Getting instances for application "axon-odata-api"...#
#2026 05 18 21:11:22.975#Z#DEBUG#97838b23-52fd-11f1-a8e5-eeee0a8b5973.OPERATION#flowable-async-job-executor-thread-25908#
[RestartAppStep] Application "axon-odata-api": 0 of 1 instances running (1 starting)#
#2026 05 18 21:11:23.013#Z#DEBUG#97838b23-52fd-11f1-a8e5-eeee0a8b5973.OPERATION#flowable-async-job-executor-thread-25908#
Step "Start App" finished#
#2026 05 18 21:11:32.968#Z#DEBUG#97838b23-52fd-11f1-a8e5-eeee0a8b5973.OPERATION#flowable-async-job-executor-thread-25917#
[RestartAppStep] Executing task "startAppTask" of process "1f942861-52fe-11f1-8b7a-eeee0a919299"...#
#2026 05 18 21:11:32.970#Z#DEBUG#97838b23-52fd-11f1-a8e5-eeee0a8b5973.OPERATION#flowable-async-job-executor-thread-25917#
[RestartAppStep] Application start timeout is default one: 3,600 seconds#
#2026 05 18 21:11:32.970#Z#DEBUG#97838b23-52fd-11f1-a8e5-eeee0a8b5973.OPERATION#flowable-async-job-executor-thread-25917#
[RestartAppStep] Checking status of application "axon-odata-api"...#
#2026 05 18 21:11:32.971#Z#DEBUG#97838b23-52fd-11f1-a8e5-eeee0a8b5973.OPERATION#flowable-async-job-executor-thread-25917#
[RestartAppStep] Getting instances for application "axon-odata-api"...#
#2026 05 18 21:11:33.025#Z#DEBUG#97838b23-52fd-11f1-a8e5-eeee0a8b5973.OPERATION#flowable-async-job-executor-thread-25917#
[RestartAppStep] Application "axon-odata-api": 0 of 1 instances running (1 crashed)#
#2026 05 18 21:11:33.091#Z#ERROR#97838b23-52fd-11f1-a8e5-eeee0a8b5973.OPERATION#flowable-async-job-executor-thread-25917#
[RestartAppStep] Error starting application "axon-odata-api": Some instances have crashed. Check the application logs of your application for details.#
#2026 05 18 21:11:33.095#Z#INFO#97838b23-52fd-11f1-a8e5-eeee0a8b5973.OPERATION#flowable-async-job-executor-thread-25917#
[RestartAppStep] Download the MTA operation logs for more details.#
#2026 05 18 21:11:33.099#Z#DEBUG#97838b23-52fd-11f1-a8e5-eeee0a8b5973.OPERATION#flowable-async-job-executor-thread-25917#
Step "Start App" finished#
