#2026 05 20 17:41:50.107#Z#INFO#2e5dd6e9-5473-11f1-b19a-eeee0a964b2e.OPERATION#http-nio-0.0.0.0-8080-exec-5#
[XS2StartProcessListener] Operation ID: 2e5dd6e9-5473-11f1-b19a-eeee0a964b2e#
#2026 05 20 17:41:50.135#Z#DEBUG#2e5dd6e9-5473-11f1-b19a-eeee0a964b2e.OPERATION#http-nio-0.0.0.0-8080-exec-5#
[XS2StartProcessListener] Process environment: {
  "SKIP_SSL_VALIDATION" : "false",
  "FLOWABLE_JOB_EXECUTOR_MAX_THREADS" : "32",
  "VERSION" : "2.45.0",
  "BASIC_AUTH_ENABLED" : "true",
  "FLOWABLE_JOB_EXECUTOR_QUEUE_CAPACITY" : "16",
  "FLOWABLE_JOB_EXECUTOR_CORE_THREADS" : "8"
}#
#2026 05 20 17:41:50.135#Z#DEBUG#2e5dd6e9-5473-11f1-b19a-eeee0a964b2e.OPERATION#http-nio-0.0.0.0-8080-exec-5#
[XS2StartProcessListener] Current user: melikmusinian@gmail.com#
#2026 05 20 17:41:50.135#Z#DEBUG#2e5dd6e9-5473-11f1-b19a-eeee0a964b2e.OPERATION#http-nio-0.0.0.0-8080-exec-5#
[XS2StartProcessListener] Client space: dev#
#2026 05 20 17:41:50.135#Z#DEBUG#2e5dd6e9-5473-11f1-b19a-eeee0a964b2e.OPERATION#http-nio-0.0.0.0-8080-exec-5#
[XS2StartProcessListener] Client organization: 590c8b3dtrial_590c8b3dtrial#
#2026 05 20 17:41:50.135#Z#INFO#2e5dd6e9-5473-11f1-b19a-eeee0a964b2e.OPERATION#http-nio-0.0.0.0-8080-exec-5#
[XS2StartProcessListener] Process variables: {
  "keepFiles" : false,
  "skipAppDigestCalculation" : false,
  "abortOnError" : false,
  "mtaId" : "axon-odata-api",
  "noFailOnMissingPermissions" : false,
  "isSecurityEnabled" : false,
  "apiRequestPath" : "https://deploy-service.cf.us10-001.hana.ondemand.com/api/v1/spaces/46c5c819-922f-41a0-b344-dcdeaecd2987/operations",
  "deleteServiceBrokers" : false,
  "appArchiveId" : "0f603cc8-89e8-4635-bc13-96c9ab6fde13",
  "isDisposableUserProvidedServiceEnabled" : false,
  "deleteServiceKeys" : false,
  "noRestartSubscribedApps" : false,
  "noStart" : false,
  "deleteServices" : false
}#
#2026 05 20 17:41:50.194#Z#DEBUG#2e5dd6e9-5473-11f1-b19a-eeee0a964b2e.OPERATION#flowable-async-job-executor-thread-10733#
[ValidateDeployParametersStep] Executing task "validateParametersTask" of process "2e5dd70f-5473-11f1-b19a-eeee0a964b2e"...#
#2026 05 20 17:41:50.194#Z#DEBUG#2e5dd6e9-5473-11f1-b19a-eeee0a964b2e.OPERATION#flowable-async-job-executor-thread-10733#
[ValidateDeployParametersStep] Validating parameters...#
#2026 05 20 17:41:50.199#Z#INFO#2e5dd6e9-5473-11f1-b19a-eeee0a964b2e.OPERATION#flowable-async-job-executor-thread-10733#
[ValidateDeployParametersStep] Size of mtars is 24,534,187 and size of extension descriptors is 0#
#2026 05 20 17:41:50.259#Z#INFO#2e5dd6e9-5473-11f1-b19a-eeee0a964b2e.OPERATION#flowable-async-job-executor-thread-10733#
[ValidateDeployParametersStep] Archive was not split! Total size in bytes: 24,534,187#
#2026 05 20 17:41:50.259#Z#INFO#2e5dd6e9-5473-11f1-b19a-eeee0a964b2e.OPERATION#flowable-async-job-executor-thread-10733#
[ValidateDeployParametersStep] Deploying in org "590c8b3dtrial_590c8b3dtrial" and space "dev"#
#2026 05 20 17:41:50.268#Z#DEBUG#2e5dd6e9-5473-11f1-b19a-eeee0a964b2e.OPERATION#flowable-async-job-executor-thread-10733#
[ValidateDeployParametersStep] Parameters validated#
#2026 05 20 17:41:50.268#Z#DEBUG#2e5dd6e9-5473-11f1-b19a-eeee0a964b2e.OPERATION#flowable-async-job-executor-thread-10733#
Step "Validate Parameters" finished#
#2026 05 20 17:41:50.318#Z#DEBUG#2e5dd6e9-5473-11f1-b19a-eeee0a964b2e.OPERATION#flowable-async-job-executor-thread-10734#
[DeleteRemainingFileParts] Executing task "deleteRemainingFileParts" of process "2e5dd70f-5473-11f1-b19a-eeee0a964b2e"...#
#2026 05 20 17:41:50.320#Z#DEBUG#2e5dd6e9-5473-11f1-b19a-eeee0a964b2e.OPERATION#flowable-async-job-executor-thread-10734#
Step "Delete Remaining File Parts" finished#
#2026 05 20 17:41:50.362#Z#DEBUG#2e5dd6e9-5473-11f1-b19a-eeee0a964b2e.OPERATION#flowable-async-job-executor-thread-10735#
[XS2ProcessMtaArchiveStep] Executing task "processArchiveTask" of process "2e5dd70f-5473-11f1-b19a-eeee0a964b2e"...#
#2026 05 20 17:41:50.364#Z#DEBUG#2e5dd6e9-5473-11f1-b19a-eeee0a964b2e.OPERATION#flowable-async-job-executor-thread-10735#
[XS2ProcessMtaArchiveStep] Processing MTA archive...#
#2026 05 20 17:41:50.364#Z#DEBUG#2e5dd6e9-5473-11f1-b19a-eeee0a964b2e.OPERATION#flowable-async-job-executor-thread-10735#
[XS2ProcessMtaArchiveStep] MTA Archive ID: 0f603cc8-89e8-4635-bc13-96c9ab6fde13#
#2026 05 20 17:41:50.757#Z#DEBUG#2e5dd6e9-5473-11f1-b19a-eeee0a964b2e.OPERATION#flowable-async-job-executor-thread-10735#
[XS2ProcessMtaArchiveStep] MTA Descriptor length: 3,072#
#2026 05 20 17:41:50.757#Z#DEBUG#2e5dd6e9-5473-11f1-b19a-eeee0a964b2e.OPERATION#flowable-async-job-executor-thread-10735#
[XS2ProcessMtaArchiveStep] MTA Archive Modules: [axon-odata-api, axon-odata-api-app, axon-warehouse-ops-content]#
#2026 05 20 17:41:50.757#Z#DEBUG#2e5dd6e9-5473-11f1-b19a-eeee0a964b2e.OPERATION#flowable-async-job-executor-thread-10735#
[XS2ProcessMtaArchiveStep] MTA Archive Requires: []#
#2026 05 20 17:41:50.757#Z#DEBUG#2e5dd6e9-5473-11f1-b19a-eeee0a964b2e.OPERATION#flowable-async-job-executor-thread-10735#
[XS2ProcessMtaArchiveStep] MTA Archive Resources: []#
#2026 05 20 17:41:50.780#Z#DEBUG#2e5dd6e9-5473-11f1-b19a-eeee0a964b2e.OPERATION#flowable-async-job-executor-thread-10735#
[XS2ProcessMtaArchiveStep] MTA archive processed#
#2026 05 20 17:41:50.780#Z#DEBUG#2e5dd6e9-5473-11f1-b19a-eeee0a964b2e.OPERATION#flowable-async-job-executor-thread-10735#
Step "Process Archive" finished#
#2026 05 20 17:41:50.855#Z#DEBUG#2e5dd6e9-5473-11f1-b19a-eeee0a964b2e.OPERATION#flowable-async-job-executor-thread-10738#
[ProcessMtaExtensionDescriptorsStep] Executing task "processExtensionDescriptorsTask" of process "2e5dd70f-5473-11f1-b19a-eeee0a964b2e"...#
#2026 05 20 17:41:50.856#Z#DEBUG#2e5dd6e9-5473-11f1-b19a-eeee0a964b2e.OPERATION#flowable-async-job-executor-thread-10738#
[ProcessMtaExtensionDescriptorsStep] Processing MTA extension descriptors...#
#2026 05 20 17:41:50.858#Z#DEBUG#2e5dd6e9-5473-11f1-b19a-eeee0a964b2e.OPERATION#flowable-async-job-executor-thread-10738#
[ProcessMtaExtensionDescriptorsStep] Provided extension descriptors: [ ]#
#2026 05 20 17:41:50.858#Z#DEBUG#2e5dd6e9-5473-11f1-b19a-eeee0a964b2e.OPERATION#flowable-async-job-executor-thread-10738#
[ProcessMtaExtensionDescriptorsStep] No extension descriptors in use#
#2026 05 20 17:41:50.858#Z#DEBUG#2e5dd6e9-5473-11f1-b19a-eeee0a964b2e.OPERATION#flowable-async-job-executor-thread-10738#
[ProcessMtaExtensionDescriptorsStep] MTA extension descriptors processed#
#2026 05 20 17:41:50.858#Z#DEBUG#2e5dd6e9-5473-11f1-b19a-eeee0a964b2e.OPERATION#flowable-async-job-executor-thread-10738#
Step "Process Extension Descriptors" finished#
#2026 05 20 17:41:50.907#Z#DEBUG#2e5dd6e9-5473-11f1-b19a-eeee0a964b2e.OPERATION#flowable-async-job-executor-thread-10740#
[XS2DetectMtaSchemaVersionStep] Executing task "detectSchemaVersionTask" of process "2e5dd70f-5473-11f1-b19a-eeee0a964b2e"...#
#2026 05 20 17:41:50.908#Z#DEBUG#2e5dd6e9-5473-11f1-b19a-eeee0a964b2e.OPERATION#flowable-async-job-executor-thread-10740#
[XS2DetectMtaSchemaVersionStep] Detecting MTA major schema version...#
#2026 05 20 17:41:50.911#Z#INFO#2e5dd6e9-5473-11f1-b19a-eeee0a964b2e.OPERATION#flowable-async-job-executor-thread-10740#
[XS2DetectMtaSchemaVersionStep] Detected MTA schema version: "3"#
#2026 05 20 17:41:50.918#Z#DEBUG#2e5dd6e9-5473-11f1-b19a-eeee0a964b2e.OPERATION#flowable-async-job-executor-thread-10740#
Step "Detect Schema Version" finished#
#2026 05 20 17:41:50.965#Z#DEBUG#2e5dd6e9-5473-11f1-b19a-eeee0a964b2e.OPERATION#flowable-async-job-executor-thread-10740#
[MergeDescriptorsStep] Executing task "mergeDescriptorsTask" of process "2e5dd70f-5473-11f1-b19a-eeee0a964b2e"...#
#2026 05 20 17:41:50.966#Z#DEBUG#2e5dd6e9-5473-11f1-b19a-eeee0a964b2e.OPERATION#flowable-async-job-executor-thread-10740#
[MergeDescriptorsStep] Validating and merging descriptors...#
#2026 05 20 17:41:50.970#Z#DEBUG#2e5dd6e9-5473-11f1-b19a-eeee0a964b2e.OPERATION#flowable-async-job-executor-thread-10740#
[MergeDescriptorsStep] Merged deployment descriptor: {
  "majorSchemaVersion" : 3,
  "schemaVersion" : "3.3.0",
  "id" : "axon-odata-api",
  "version" : "1.0.0",
  "modules" : [ {
    "majorSchemaVersion" : 3,
    "name" : "axon-odata-api",
    "type" : "javascript.nodejs",
    "path" : "axon-odata-api",
    "properties" : { },
    "parameters" : {
      "disk-quota" : "512M",
      "command" : "rm -f axon-odata-api.db db.sqlite && ./node_modules/.bin/cds-deploy --to sqlite && cp -f db.sqlite axon-odata-api.db && npm start",
      "memory" : "256M"
    },
    "requiredDependencies" : [ {
      "majorSchemaVersion" : 3,
      "name" : "********",
      "properties" : { },
      "parameters" : { },
      "propertiesMetadata" : {
        "metadata" : { }
      },
      "parametersMetadata" : {
        "metadata" : { }
      }
    } ],
    "providedDependencies" : [ {
      "majorSchemaVersion" : 3,
      "name" : "srv-api",
      "isPublic" : false,
      "properties" : {
        "srv-url" : "${default-url}"
      },
      "parameters" : { },
      "propertiesMetadata" : {
        "metadata" : { }
      },
      "parametersMetadata" : {
        "metadata" : { }
      }
    }, {
      "majorSchemaVersion" : 3,
      "name" : "axon-odata-api",
      "isPublic" : false,
      "properties" : { },
      "parameters" : { },
      "propertiesMetadata" : {
        "metadata" : { }
      },
      "parametersMetadata" : {
        "metadata" : { }
      }
    } ],
    "propertiesMetadata" : {
      "metadata" : { }
    },
    "parametersMetadata" : {
      "metadata" : { }
    },
    "hooks" : [ ]
  }, {
    "majorSchemaVersion" : 3,
    "name" : "axon-odata-api-app",
    "type" : "javascript.nodejs",
    "path" : "axon-odata-api-app",
    "properties" : { },
    "parameters" : {
      "disk-quota" : "256M",
      "memory" : "256M"
    },
    "requiredDependencies" : [ {
      "majorSchemaVersion" : 3,
      "name" : "srv-api",
      "group" : "destinations",
      "properties" : {
        "name" : "srv-api",
        "forwardAuthToken" : "********",
        "url" : "~{srv-url}"
      },
      "parameters" : { },
      "propertiesMetadata" : {
        "metadata" : { }
      },
      "parametersMetadata" : {
        "metadata" : { }
      }
    }, {
      "majorSchemaVersion" : 3,
      "name" : "********",
      "properties" : { },
      "parameters" : { },
      "propertiesMetadata" : {
        "metadata" : { }
      },
      "parametersMetadata" : {
        "metadata" : { }
      }
    }, {
      "majorSchemaVersion" : 3,
      "name" : "axon-destination",
      "properties" : { },
      "parameters" : { },
      "propertiesMetadata" : {
        "metadata" : { }
      },
      "parametersMetadata" : {
        "metadata" : { }
      }
    }, {
      "majorSchemaVersion" : 3,
      "name" : "axon-html5-rt",
      "properties" : { },
      "parameters" : { },
      "propertiesMetadata" : {
        "metadata" : { }
      },
      "parametersMetadata" : {
        "metadata" : { }
      }
    } ],
    "providedDependencies" : [ {
      "majorSchemaVersion" : 3,
      "name" : "app-api",
      "isPublic" : false,
      "properties" : {
        "app-url" : "${default-url}"
      },
      "parameters" : { },
      "propertiesMetadata" : {
        "metadata" : { }
      },
      "parametersMetadata" : {
        "metadata" : { }
      }
    }, {
      "majorSchemaVersion" : 3,
      "name" : "axon-odata-api-app",
      "isPublic" : false,
      "properties" : { },
      "parameters" : { },
      "propertiesMetadata" : {
        "metadata" : { }
      },
      "parametersMetadata" : {
        "metadata" : { }
      }
    } ],
    "propertiesMetadata" : {
      "metadata" : { }
    },
    "parametersMetadata" : {
      "metadata" : { }
    },
    "hooks" : [ ]
  }, {
    "majorSchemaVersion" : 3,
    "name" : "axon-warehouse-ops-content",
    "type" : "com.sap.application.content",
    "path" : "axon-warehouse-ops-content",
    "properties" : { },
    "parameters" : { },
    "requiredDependencies" : [ {
      "majorSchemaVersion" : 3,
      "name" : "axon-html5-host",
      "properties" : { },
      "parameters" : {
        "content-target" : true
      },
      "propertiesMetadata" : {
        "metadata" : { }
      },
      "parametersMetadata" : {
        "metadata" : { }
      }
    } ],
    "providedDependencies" : [ {
      "majorSchemaVersion" : 3,
      "name" : "axon-warehouse-ops-content",
      "isPublic" : false,
      "properties" : { },
      "parameters" : { },
      "propertiesMetadata" : {
        "metadata" : { }
      },
      "parametersMetadata" : {
        "metadata" : { }
      }
    } ],
    "propertiesMetadata" : {
      "metadata" : { }
    },
    "parametersMetadata" : {
      "metadata" : { }
    },
    "hooks" : [ ]
  }, {
    "majorSchemaVersion" : 3,
    "name" : "axon-destinations",
    "type" : "com.sap.application.content",
    "properties" : { },
    "parameters" : {
      "content" : {
        "instance" : {
          "destinations" : [ {
            "Name" : "axon-warehouse-ops-html5-repository",
            "ServiceInstanceName" : "axon-html5-host",
            "ServiceKeyName" : "********",
            "sap.cloud.service" : "axon.warehouse.ops"
          }, {
            "Authentication" : "********",
            "Name" : "********",
            "ServiceInstanceName" : "********",
            "ServiceKeyName" : "********",
            "sap.cloud.service" : "axon.warehouse.ops"
          } ],
          "existing_destinations_policy" : "update"
        }
      }
    },
    "requiredDependencies" : [ {
      "majorSchemaVersion" : 3,
      "name" : "axon-destination",
      "properties" : { },
      "parameters" : {
        "content-target" : true
      },
      "propertiesMetadata" : {
        "metadata" : { }
      },
      "parametersMetadata" : {
        "metadata" : { }
      }
    }, {
      "majorSchemaVersion" : 3,
      "name" : "axon-html5-host",
      "properties" : { },
      "parameters" : {
        "service-key" : "********"
      },
      "propertiesMetadata" : {
        "metadata" : { }
      },
      "parametersMetadata" : {
        "metadata" : { }
      }
    }, {
      "majorSchemaVersion" : 3,
      "name" : "********",
      "properties" : { },
      "parameters" : {
        "service-key" : "********"
      },
      "propertiesMetadata" : {
        "metadata" : { }
      },
      "parametersMetadata" : {
        "metadata" : { }
      }
    }, {
      "majorSchemaVersion" : 3,
      "name" : "srv-api",
      "properties" : { },
      "parameters" : { },
      "propertiesMetadata" : {
        "metadata" : { }
      },
      "parametersMetadata" : {
        "metadata" : { }
      }
    } ],
    "providedDependencies" : [ {
      "majorSchemaVersion" : 3,
      "name" : "axon-destinations",
      "isPublic" : false,
      "properties" : { },
      "parameters" : { },
      "propertiesMetadata" : {
        "metadata" : { }
      },
      "parametersMetadata" : {
        "metadata" : { }
      }
    } ],
    "propertiesMetadata" : {
      "metadata" : { }
    },
    "parametersMetadata" : {
      "metadata" : { }
    },
    "hooks" : [ ]
  } ],
  "resources" : [ {
    "majorSchemaVersion" : 3,
    "name" : "********",
    "type" : "org.cloudfoundry.existing-service",
    "properties" : { },
    "parameters" : {
      "type" : "existing-service"
    },
    "isActive" : true,
    "isOptional" : false,
    "propertiesMetadata" : {
      "metadata" : { }
    },
    "parametersMetadata" : {
      "metadata" : { }
    },
    "requiredDependencies" : [ ],
    "processedAfter" : [ ]
  }, {
    "majorSchemaVersion" : 3,
    "name" : "axon-destination",
    "type" : "org.cloudfoundry.managed-service",
    "properties" : { },
    "parameters" : {
      "service-plan" : "lite",
      "type" : "managed-service",
      "config" : {
        "HTML5Runtime_enabled" : true,
        "init_data" : {
          "subaccount" : {
            "destinations" : [ {
              "Authentication" : "********",
              "CEP.HTML5contentprovider" : true,
              "Name" : "axon-workzone-runtime",
              "ProxyType" : "Internet",
              "Type" : "HTTP",
              "URL" : "https://590c8b3dtrial.dt.launchpad.cfapps.us10.hana.ondemand.com"
            } ],
            "existing_destinations_policy" : "update"
          }
        }
      },
      "service" : "destination"
    },
    "isActive" : true,
    "isOptional" : false,
    "propertiesMetadata" : {
      "metadata" : { }
    },
    "parametersMetadata" : {
      "metadata" : { }
    },
    "requiredDependencies" : [ ],
    "processedAfter" : [ ]
  }, {
    "majorSchemaVersion" : 3,
    "name" : "axon-html5-host",
    "type" : "org.cloudfoundry.managed-service",
    "properties" : { },
    "parameters" : {
      "type" : "managed-service",
      "service" : "html5-apps-repo",
      "service-plan" : "app-host"
    },
    "isActive" : true,
    "isOptional" : false,
    "propertiesMetadata" : {
      "metadata" : { }
    },
    "parametersMetadata" : {
      "metadata" : { }
    },
    "requiredDependencies" : [ ],
    "processedAfter" : [ ]
  }, {
    "majorSchemaVersion" : 3,
    "name" : "axon-html5-rt",
    "type" : "org.cloudfoundry.managed-service",
    "properties" : { },
    "parameters" : {
      "type" : "managed-service",
      "service" : "html5-apps-repo",
      "service-plan" : "app-runtime"
    },
    "isActive" : true,
    "isOptional" : false,
    "propertiesMetadata" : {
      "metadata" : { }
    },
    "parametersMetadata" : {
      "metadata" : { }
    },
    "requiredDependencies" : [ ],
    "processedAfter" : [ ]
  } ],
  "parameters" : {
    "enable-parallel-deployments" : true
  },
  "parametersMetadata" : {
    "metadata" : { }
  }
}#
#2026 05 20 17:41:50.975#Z#DEBUG#2e5dd6e9-5473-11f1-b19a-eeee0a964b2e.OPERATION#flowable-async-job-executor-thread-10740#
[MergeDescriptorsStep] Descriptors validated and merged#
#2026 05 20 17:41:50.975#Z#DEBUG#2e5dd6e9-5473-11f1-b19a-eeee0a964b2e.OPERATION#flowable-async-job-executor-thread-10740#
Step "Merge Descriptors" finished#
#2026 05 20 17:41:51.049#Z#DEBUG#2e5dd6e9-5473-11f1-b19a-eeee0a964b2e.OPERATION#flowable-async-job-executor-thread-10736#
[DetectDeployedMtaStep] Executing task "detectDeployedMtaTask" of process "2e5dd70f-5473-11f1-b19a-eeee0a964b2e"...#
#2026 05 20 17:41:51.052#Z#DEBUG#2e5dd6e9-5473-11f1-b19a-eeee0a964b2e.OPERATION#flowable-async-job-executor-thread-10736#
[DetectDeployedMtaStep] Detecting deployed MTA...#
#2026 05 20 17:41:51.054#Z#DEBUG#2e5dd6e9-5473-11f1-b19a-eeee0a964b2e.OPERATION#flowable-async-job-executor-thread-10736#
[DetectDeployedMtaStep] Detecting MTA by id axon-odata-api and namespace null#
#2026 05 20 17:41:51.054#Z#DEBUG#2e5dd6e9-5473-11f1-b19a-eeee0a964b2e.OPERATION#flowable-async-job-executor-thread-10736#
[DetectDeployedMtaStep] Getting applications by metadata label selector "mta_id=dfb658b64adc78433a3dac251a46c416,!mta_namespace"...#
#2026 05 20 17:41:51.129#Z#DEBUG#2e5dd6e9-5473-11f1-b19a-eeee0a964b2e.OPERATION#flowable-async-job-executor-thread-10736#
[DetectDeployedMtaStep] Getting service instances by metadata label selector "mta_id=dfb658b64adc78433a3dac251a46c416,!mta_namespace"...#
#2026 05 20 17:41:51.293#Z#DEBUG#2e5dd6e9-5473-11f1-b19a-eeee0a964b2e.OPERATION#flowable-async-job-executor-thread-10736#
[DetectDeployedMtaStep] Deployed MTA: {
  "metadata" : {
    "id" : "axon-odata-api",
    "version" : "1.0.0"
  },
  "applications" : [ {
    "name" : "axon-odata-api",
    "metadata" : {
      "guid" : "d92b9203-13f2-4150-992d-a89b2ef18ea4",
      "createdAt" : [ 2026, 5, 16, 20, 34, 51 ],
      "updatedAt" : [ 2026, 5, 20, 17, 41, 31 ]
    },
    "v3Metadata" : {
      "annotations" : {
        "mta_id" : "axon-odata-api",
        "mta_version" : "1.0.0",
        "mta_module" : "{\"name\":\"axon-odata-api\"}",
        "mta_module_provided_dependencies" : "[]",
        "mta_bound_services" : "[]"
      },
      "labels" : {
        "mta_id" : "dfb658b64adc78433a3dac251a46c416"
      }
    },
    "state" : "STARTED",
    "lifecycle" : {
      "type" : "BUILDPACK",
      "data" : {
        "stack" : "cflinuxfs4",
        "buildpacks" : [ ]
      }
    },
    "space" : {
      "name" : "dev",
      "metadata" : {
        "guid" : "46c5c819-922f-41a0-b344-dcdeaecd2987",
        "createdAt" : [ 2026, 4, 11, 17, 1, 43 ],
        "updatedAt" : [ 2026, 4, 11, 17, 1, 43 ]
      },
      "organization" : {
        "name" : "590c8b3dtrial_590c8b3dtrial",
        "metadata" : {
          "guid" : "88230758-1103-4d78-aabf-593fe928b154",
          "createdAt" : [ 2026, 4, 11, 17, 0, 41 ],
          "updatedAt" : [ 2026, 4, 11, 17, 0, 42 ]
        }
      }
    },
    "moduleName" : "axon-odata-api",
    "boundMtaServices" : [ ],
    "providedDependencyNames" : [ ],
    "productizationState" : "LIVE"
  }, {
    "name" : "axon-odata-api-app",
    "metadata" : {
      "guid" : "fbe7a60c-9d59-4646-9863-1fb8863709b6",
      "createdAt" : [ 2026, 5, 18, 18, 50, 28 ],
      "updatedAt" : [ 2026, 5, 20, 17, 41, 31 ]
    },
    "v3Metadata" : {
      "annotations" : {
        "mta_id" : "axon-odata-api",
        "mta_version" : "1.0.0",
        "mta_module" : "{\"name\":\"axon-odata-api-app\"}",
        "mta_module_provided_dependencies" : "[]",
        "mta_bound_services" : "[\"axon-destination\",\"axon-html5-rt\"]"
      },
      "labels" : {
        "mta_id" : "dfb658b64adc78433a3dac251a46c416"
      }
    },
    "state" : "STARTED",
    "lifecycle" : {
      "type" : "BUILDPACK",
      "data" : {
        "stack" : "cflinuxfs4",
        "buildpacks" : [ ]
      }
    },
    "space" : {
      "name" : "dev",
      "metadata" : {
        "guid" : "46c5c819-922f-41a0-b344-dcdeaecd2987",
        "createdAt" : [ 2026, 4, 11, 17, 1, 43 ],
        "updatedAt" : [ 2026, 4, 11, 17, 1, 43 ]
      },
      "organization" : {
        "name" : "590c8b3dtrial_590c8b3dtrial",
        "metadata" : {
          "guid" : "88230758-1103-4d78-aabf-593fe928b154",
          "createdAt" : [ 2026, 4, 11, 17, 0, 41 ],
          "updatedAt" : [ 2026, 4, 11, 17, 0, 42 ]
        }
      }
    },
    "moduleName" : "axon-odata-api-app",
    "boundMtaServices" : [ "axon-destination", "axon-html5-rt" ],
    "providedDependencyNames" : [ ],
    "productizationState" : "LIVE"
  } ],
  "services" : [ {
    "name" : "axon-html5-host",
    "metadata" : {
      "guid" : "a4ef3c28-f91e-4923-b12a-fdfb994691e5",
      "createdAt" : [ 2026, 5, 20, 12, 5, 53 ],
      "updatedAt" : [ 2026, 5, 20, 12, 5, 55 ]
    },
    "v3Metadata" : {
      "annotations" : {
        "mta_id" : "axon-odata-api",
        "mta_version" : "1.0.0",
        "mta_resource" : "{\"name\":\"axon-html5-host\"}"
      },
      "labels" : {
        "mta_id" : "dfb658b64adc78433a3dac251a46c416"
      }
    },
    "label" : "html5-apps-repo",
    "plan" : "app-host",
    "credentials" : "********",
    "tags" : [ ],
    "type" : "managed",
    "lastOperation" : {
      "type" : "CREATE",
      "description" : "",
      "state" : "SUCCEEDED"
    },
    "resourceName" : "axon-html5-host"
  }, {
    "name" : "axon-destination",
    "metadata" : {
      "guid" : "0f329b59-663f-4fa5-90cf-1421104fefd5",
      "createdAt" : [ 2026, 5, 20, 12, 49, 7 ],
      "updatedAt" : [ 2026, 5, 20, 12, 49, 8 ]
    },
    "v3Metadata" : {
      "annotations" : {
        "mta_id" : "axon-odata-api",
        "mta_version" : "1.0.0",
        "mta_resource" : "{\"name\":\"axon-destination\"}"
      },
      "labels" : {
        "mta_id" : "dfb658b64adc78433a3dac251a46c416"
      }
    },
    "label" : "destination",
    "plan" : "lite",
    "credentials" : "********",
    "tags" : [ ],
    "type" : "managed",
    "lastOperation" : {
      "type" : "UPDATE",
      "description" : "",
      "state" : "SUCCEEDED"
    },
    "resourceName" : "axon-destination"
  }, {
    "name" : "axon-html5-rt",
    "metadata" : {
      "guid" : "eac223a7-1c6e-4de1-915f-514b61ad9d26",
      "createdAt" : [ 2026, 5, 20, 12, 5, 54 ],
      "updatedAt" : [ 2026, 5, 20, 12, 5, 55 ]
    },
    "v3Metadata" : {
      "annotations" : {
        "mta_id" : "axon-odata-api",
        "mta_version" : "1.0.0",
        "mta_resource" : "{\"name\":\"axon-html5-rt\"}"
      },
      "labels" : {
        "mta_id" : "dfb658b64adc78433a3dac251a46c416"
      }
    },
    "label" : "html5-apps-repo",
    "plan" : "app-runtime",
    "credentials" : "********",
    "tags" : [ ],
    "type" : "managed",
    "lastOperation" : {
      "type" : "CREATE",
      "description" : "",
      "state" : "SUCCEEDED"
    },
    "resourceName" : "axon-html5-rt"
  } ]
}#
#2026 05 20 17:41:51.293#Z#INFO#2e5dd6e9-5473-11f1-b19a-eeee0a964b2e.OPERATION#flowable-async-job-executor-thread-10736#
[DetectDeployedMtaStep] Detected deployed MTA with ID "axon-odata-api" and version "1.0.0"#
#2026 05 20 17:41:51.302#Z#DEBUG#2e5dd6e9-5473-11f1-b19a-eeee0a964b2e.OPERATION#flowable-async-job-executor-thread-10736#
[DetectDeployedMtaStep] Detecting backup mta by id "axon-odata-api" and namespace "null"#
#2026 05 20 17:41:51.302#Z#DEBUG#2e5dd6e9-5473-11f1-b19a-eeee0a964b2e.OPERATION#flowable-async-job-executor-thread-10736#
[DetectDeployedMtaStep] Getting applications by metadata label selector "mta_id=dfb658b64adc78433a3dac251a46c416,mta_namespace=b698114a0995e936895b9598a6c19a2c"...#
#2026 05 20 17:41:51.344#Z#DEBUG#2e5dd6e9-5473-11f1-b19a-eeee0a964b2e.OPERATION#flowable-async-job-executor-thread-10736#
[DetectDeployedMtaStep] Getting service instances by metadata label selector "mta_id=dfb658b64adc78433a3dac251a46c416,mta_namespace=b698114a0995e936895b9598a6c19a2c"...#
#2026 05 20 17:41:51.424#Z#DEBUG#2e5dd6e9-5473-11f1-b19a-eeee0a964b2e.OPERATION#flowable-async-job-executor-thread-10736#
[DetectDeployedMtaStep] Deployed MTA service keys: [ {
  "name" : "********",
  "metadata" : {
    "guid" : "269022f6-064a-42ff-845c-8bf47b70a7d7",
    "createdAt" : [ 2026, 5, 20, 12, 49, 19 ],
    "updatedAt" : [ 2026, 5, 20, 12, 49, 20 ]
  },
  "v3Metadata" : {
    "annotations" : {
      "mta_id" : "axon-odata-api",
      "mta_version" : "1.0.0"
    },
    "labels" : {
      "mta_id" : "dfb658b64adc78433a3dac251a46c416",
      "space_guid" : "46c5c819-922f-41a0-b344-dcdeaecd2987"
    }
  },
  "serviceInstance" : {
    "name" : "axon-destination",
    "metadata" : {
      "guid" : "0f329b59-663f-4fa5-90cf-1421104fefd5",
      "createdAt" : [ 2026, 5, 20, 12, 49, 7 ],
      "updatedAt" : [ 2026, 5, 20, 12, 49, 8 ]
    },
    "v3Metadata" : {
      "annotations" : {
        "mta_id" : "axon-odata-api",
        "mta_version" : "1.0.0",
        "mta_resource" : "{\"name\":\"axon-destination\"}"
      },
      "labels" : {
        "mta_id" : "dfb658b64adc78433a3dac251a46c416"
      }
    },
    "credentials" : "********",
    "tags" : [ ],
    "type" : "managed"
  }
}, {
  "name" : "********",
  "metadata" : {
    "guid" : "e81f0716-2093-453c-9d4e-fe4169b740f9",
    "createdAt" : [ 2026, 5, 20, 12, 49, 19 ],
    "updatedAt" : [ 2026, 5, 20, 12, 49, 21 ]
  },
  "v3Metadata" : {
    "annotations" : {
      "mta_id" : "axon-odata-api",
      "mta_version" : "1.0.0"
    },
    "labels" : {
      "mta_id" : "dfb658b64adc78433a3dac251a46c416",
      "space_guid" : "46c5c819-922f-41a0-b344-dcdeaecd2987"
    }
  },
  "serviceInstance" : {
    "name" : "axon-html5-host",
    "metadata" : {
      "guid" : "a4ef3c28-f91e-4923-b12a-fdfb994691e5",
      "createdAt" : [ 2026, 5, 20, 12, 5, 53 ],
      "updatedAt" : [ 2026, 5, 20, 12, 5, 55 ]
    },
    "v3Metadata" : {
      "annotations" : {
        "mta_id" : "axon-odata-api",
        "mta_version" : "1.0.0",
        "mta_resource" : "{\"name\":\"axon-html5-host\"}"
      },
      "labels" : {
        "mta_id" : "dfb658b64adc78433a3dac251a46c416"
      }
    },
    "credentials" : "********",
    "tags" : [ ],
    "type" : "managed"
  }
}, {
  "name" : "********",
  "metadata" : {
    "guid" : "7810d20d-63e9-4652-9bae-9e86a4272e4a",
    "createdAt" : [ 2026, 5, 20, 15, 1, 3 ],
    "updatedAt" : [ 2026, 5, 20, 15, 1, 4 ]
  },
  "v3Metadata" : {
    "annotations" : {
      "mta_id" : "axon-odata-api",
      "mta_version" : "1.0.0"
    },
    "labels" : {
      "mta_id" : "dfb658b64adc78433a3dac251a46c416",
      "space_guid" : "46c5c819-922f-41a0-b344-dcdeaecd2987"
    }
  },
  "serviceInstance" : {
    "name" : "axon-html5-host",
    "metadata" : {
      "guid" : "a4ef3c28-f91e-4923-b12a-fdfb994691e5",
      "createdAt" : [ 2026, 5, 20, 12, 5, 53 ],
      "updatedAt" : [ 2026, 5, 20, 12, 5, 55 ]
    },
    "v3Metadata" : {
      "annotations" : {
        "mta_id" : "axon-odata-api",
        "mta_version" : "1.0.0",
        "mta_resource" : "{\"name\":\"axon-html5-host\"}"
      },
      "labels" : {
        "mta_id" : "dfb658b64adc78433a3dac251a46c416"
      }
    },
    "credentials" : "********",
    "tags" : [ ],
    "type" : "managed"
  }
} ]#
#2026 05 20 17:41:51.424#Z#DEBUG#2e5dd6e9-5473-11f1-b19a-eeee0a964b2e.OPERATION#flowable-async-job-executor-thread-10736#
Step "Detect Deployed MTA" finished#
#2026 05 20 17:41:51.518#Z#DEBUG#2e5dd6e9-5473-11f1-b19a-eeee0a964b2e.OPERATION#flowable-async-job-executor-thread-10738#
[XS2CollectSystemParametersStep] Executing task "collectSystemParametersTask" of process "2e5dd70f-5473-11f1-b19a-eeee0a964b2e"...#
#2026 05 20 17:41:51.520#Z#DEBUG#2e5dd6e9-5473-11f1-b19a-eeee0a964b2e.OPERATION#flowable-async-job-executor-thread-10738#
[XS2CollectSystemParametersStep] Collecting system parameters...#
#2026 05 20 17:41:51.521#Z#DEBUG#2e5dd6e9-5473-11f1-b19a-eeee0a964b2e.OPERATION#flowable-async-job-executor-thread-10738#
[XS2CollectSystemParametersStep] Getting default domain...#
#2026 05 20 17:41:51.554#Z#DEBUG#2e5dd6e9-5473-11f1-b19a-eeee0a964b2e.OPERATION#flowable-async-job-executor-thread-10738#
[XS2CollectSystemParametersStep] Default domain: cfapps.us10-001.hana.ondemand.com#
#2026 05 20 17:41:51.556#Z#DEBUG#2e5dd6e9-5473-11f1-b19a-eeee0a964b2e.OPERATION#flowable-async-job-executor-thread-10738#
[XS2CollectSystemParametersStep] Checking for overwriting read-only parameters for mta with id: "axon-odata-api"#
#2026 05 20 17:41:51.556#Z#DEBUG#2e5dd6e9-5473-11f1-b19a-eeee0a964b2e.OPERATION#flowable-async-job-executor-thread-10738#
[XS2CollectSystemParametersStep] No read-only parameters are overwritten#
#2026 05 20 17:41:51.574#Z#DEBUG#2e5dd6e9-5473-11f1-b19a-eeee0a964b2e.OPERATION#flowable-async-job-executor-thread-10738#
[XS2CollectSystemParametersStep] Descriptor with system parameters: {
  "majorSchemaVersion" : 3,
  "schemaVersion" : "3.3.0",
  "id" : "axon-odata-api",
  "version" : "1.0.0",
  "modules" : [ {
    "majorSchemaVersion" : 3,
    "name" : "axon-odata-api",
    "type" : "javascript.nodejs",
    "path" : "axon-odata-api",
    "properties" : { },
    "parameters" : {
      "default-url" : "${protocol}://${default-uri}",
      "default-app-name" : "axon-odata-api",
      "generated-password" : "********",
      "default-live-url" : "${protocol}://${default-live-uri}",
      "default-uri" : "${host}.${domain}",
      "memory" : "256M",
      "default-instances" : 1,
      "default-live-host" : "590c8b3dtrial-590c8b3dtrial-dev-axon-odata-api",
      "instances" : "${default-instances}",
      "default-host" : "590c8b3dtrial-590c8b3dtrial-dev-axon-odata-api",
      "command" : "rm -f axon-odata-api.db db.sqlite && ./node_modules/.bin/cds-deploy --to sqlite && cp -f db.sqlite axon-odata-api.db && npm start",
      "app-name" : "${default-app-name}",
      "default-live-uri" : "590c8b3dtrial-590c8b3dtrial-dev-axon-odata-api.${domain}",
      "protocol" : "https",
      "default-live-app-name" : "axon-odata-api",
      "default-live-domain" : "cfapps.us10-001.hana.ondemand.com",
      "disk-quota" : "512M",
      "domain" : "${default-domain}",
      "host" : "${default-host}",
      "generated-user" : "********"
    },
    "requiredDependencies" : [ {
      "majorSchemaVersion" : 3,
      "name" : "********",
      "properties" : { },
      "parameters" : { },
      "propertiesMetadata" : {
        "metadata" : { }
      },
      "parametersMetadata" : {
        "metadata" : { }
      }
    } ],
    "providedDependencies" : [ {
      "majorSchemaVersion" : 3,
      "name" : "srv-api",
      "isPublic" : false,
      "properties" : {
        "srv-url" : "${default-url}"
      },
      "parameters" : { },
      "propertiesMetadata" : {
        "metadata" : { }
      },
      "parametersMetadata" : {
        "metadata" : { }
      }
    }, {
      "majorSchemaVersion" : 3,
      "name" : "axon-odata-api",
      "isPublic" : false,
      "properties" : { },
      "parameters" : { },
      "propertiesMetadata" : {
        "metadata" : { }
      },
      "parametersMetadata" : {
        "metadata" : { }
      }
    } ],
    "propertiesMetadata" : {
      "metadata" : { }
    },
    "parametersMetadata" : {
      "metadata" : { }
    },
    "hooks" : [ ]
  }, {
    "majorSchemaVersion" : 3,
    "name" : "axon-odata-api-app",
    "type" : "javascript.nodejs",
    "path" : "axon-odata-api-app",
    "properties" : { },
    "parameters" : {
      "default-url" : "${protocol}://${default-uri}",
      "default-app-name" : "axon-odata-api-app",
      "generated-password" : "********",
      "default-live-url" : "${protocol}://${default-live-uri}",
      "default-uri" : "${host}.${domain}",
      "memory" : "256M",
      "default-instances" : 1,
      "default-live-host" : "590c8b3dtrial-590c8b3dtrial-dev-axon-odata-api-app",
      "instances" : "${default-instances}",
      "default-host" : "590c8b3dtrial-590c8b3dtrial-dev-axon-odata-api-app",
      "app-name" : "${default-app-name}",
      "default-live-uri" : "590c8b3dtrial-590c8b3dtrial-dev-axon-odata-api-app.${domain}",
      "protocol" : "https",
      "default-live-app-name" : "axon-odata-api-app",
      "default-live-domain" : "cfapps.us10-001.hana.ondemand.com",
      "disk-quota" : "256M",
      "domain" : "${default-domain}",
      "host" : "${default-host}",
      "generated-user" : "********"
    },
    "requiredDependencies" : [ {
      "majorSchemaVersion" : 3,
      "name" : "srv-api",
      "group" : "destinations",
      "properties" : {
        "name" : "srv-api",
        "forwardAuthToken" : "********",
        "url" : "~{srv-url}"
      },
      "parameters" : { },
      "propertiesMetadata" : {
        "metadata" : { }
      },
      "parametersMetadata" : {
        "metadata" : { }
      }
    }, {
      "majorSchemaVersion" : 3,
      "name" : "********",
      "properties" : { },
      "parameters" : { },
      "propertiesMetadata" : {
        "metadata" : { }
      },
      "parametersMetadata" : {
        "metadata" : { }
      }
    }, {
      "majorSchemaVersion" : 3,
      "name" : "axon-destination",
      "properties" : { },
      "parameters" : { },
      "propertiesMetadata" : {
        "metadata" : { }
      },
      "parametersMetadata" : {
        "metadata" : { }
      }
    }, {
      "majorSchemaVersion" : 3,
      "name" : "axon-html5-rt",
      "properties" : { },
      "parameters" : { },
      "propertiesMetadata" : {
        "metadata" : { }
      },
      "parametersMetadata" : {
        "metadata" : { }
      }
    } ],
    "providedDependencies" : [ {
      "majorSchemaVersion" : 3,
      "name" : "app-api",
      "isPublic" : false,
      "properties" : {
        "app-url" : "${default-url}"
      },
      "parameters" : { },
      "propertiesMetadata" : {
        "metadata" : { }
      },
      "parametersMetadata" : {
        "metadata" : { }
      }
    }, {
      "majorSchemaVersion" : 3,
      "name" : "axon-odata-api-app",
      "isPublic" : false,
      "properties" : { },
      "parameters" : { },
      "propertiesMetadata" : {
        "metadata" : { }
      },
      "parametersMetadata" : {
        "metadata" : { }
      }
    } ],
    "propertiesMetadata" : {
      "metadata" : { }
    },
    "parametersMetadata" : {
      "metadata" : { }
    },
    "hooks" : [ ]
  }, {
    "majorSchemaVersion" : 3,
    "name" : "axon-warehouse-ops-content",
    "type" : "com.sap.application.content",
    "path" : "axon-warehouse-ops-content",
    "properties" : { },
    "parameters" : {
      "default-url" : "${protocol}://${default-uri}",
      "default-app-name" : "axon-warehouse-ops-content",
      "generated-password" : "********",
      "default-live-url" : "${protocol}://${default-live-uri}",
      "default-uri" : "${host}.${domain}",
      "default-instances" : 1,
      "default-live-host" : "590c8b3dtrial-590c8b3dtrial-dev-axon-warehouse-ops-content",
      "instances" : "${default-instances}",
      "default-host" : "590c8b3dtrial-590c8b3dtrial-dev-axon-warehouse-ops-content",
      "app-name" : "${default-app-name}",
      "default-live-uri" : "590c8b3dtrial-590c8b3dtrial-dev-axon-warehouse-ops-content.${domain}",
      "protocol" : "https",
      "default-live-app-name" : "axon-warehouse-ops-content",
      "default-live-domain" : "cfapps.us10-001.hana.ondemand.com",
      "domain" : "${default-domain}",
      "host" : "${default-host}",
      "generated-user" : "********"
    },
    "requiredDependencies" : [ {
      "majorSchemaVersion" : 3,
      "name" : "axon-html5-host",
      "properties" : { },
      "parameters" : {
        "content-target" : true
      },
      "propertiesMetadata" : {
        "metadata" : { }
      },
      "parametersMetadata" : {
        "metadata" : { }
      }
    } ],
    "providedDependencies" : [ {
      "majorSchemaVersion" : 3,
      "name" : "axon-warehouse-ops-content",
      "isPublic" : false,
      "properties" : { },
      "parameters" : { },
      "propertiesMetadata" : {
        "metadata" : { }
      },
      "parametersMetadata" : {
        "metadata" : { }
      }
    } ],
    "propertiesMetadata" : {
      "metadata" : { }
    },
    "parametersMetadata" : {
      "metadata" : { }
    },
    "hooks" : [ ]
  }, {
    "majorSchemaVersion" : 3,
    "name" : "axon-destinations",
    "type" : "com.sap.application.content",
    "properties" : { },
    "parameters" : {
      "default-url" : "${protocol}://${default-uri}",
      "default-app-name" : "axon-destinations",
      "generated-password" : "********",
      "default-live-url" : "${protocol}://${default-live-uri}",
      "default-uri" : "${host}.${domain}",
      "default-instances" : 1,
      "default-live-host" : "590c8b3dtrial-590c8b3dtrial-dev-axon-destinations",
      "instances" : "${default-instances}",
      "default-host" : "590c8b3dtrial-590c8b3dtrial-dev-axon-destinations",
      "content" : {
        "instance" : {
          "destinations" : [ {
            "Name" : "axon-warehouse-ops-html5-repository",
            "ServiceInstanceName" : "axon-html5-host",
            "ServiceKeyName" : "********",
            "sap.cloud.service" : "axon.warehouse.ops"
          }, {
            "Authentication" : "********",
            "Name" : "********",
            "ServiceInstanceName" : "********",
            "ServiceKeyName" : "********",
            "sap.cloud.service" : "axon.warehouse.ops"
          } ],
          "existing_destinations_policy" : "update"
        }
      },
      "app-name" : "${default-app-name}",
      "default-live-uri" : "590c8b3dtrial-590c8b3dtrial-dev-axon-destinations.${domain}",
      "protocol" : "https",
      "default-live-app-name" : "axon-destinations",
      "default-live-domain" : "cfapps.us10-001.hana.ondemand.com",
      "domain" : "${default-domain}",
      "host" : "${default-host}",
      "generated-user" : "********"
    },
    "requiredDependencies" : [ {
      "majorSchemaVersion" : 3,
      "name" : "axon-destination",
      "properties" : { },
      "parameters" : {
        "content-target" : true
      },
      "propertiesMetadata" : {
        "metadata" : { }
      },
      "parametersMetadata" : {
        "metadata" : { }
      }
    }, {
      "majorSchemaVersion" : 3,
      "name" : "axon-html5-host",
      "properties" : { },
      "parameters" : {
        "service-key" : "********"
      },
      "propertiesMetadata" : {
        "metadata" : { }
      },
      "parametersMetadata" : {
        "metadata" : { }
      }
    }, {
      "majorSchemaVersion" : 3,
      "name" : "********",
      "properties" : { },
      "parameters" : {
        "service-key" : "********"
      },
      "propertiesMetadata" : {
        "metadata" : { }
      },
      "parametersMetadata" : {
        "metadata" : { }
      }
    }, {
      "majorSchemaVersion" : 3,
      "name" : "srv-api",
      "properties" : { },
      "parameters" : { },
      "propertiesMetadata" : {
        "metadata" : { }
      },
      "parametersMetadata" : {
        "metadata" : { }
      }
    } ],
    "providedDependencies" : [ {
      "majorSchemaVersion" : 3,
      "name" : "axon-destinations",
      "isPublic" : false,
      "properties" : { },
      "parameters" : { },
      "propertiesMetadata" : {
        "metadata" : { }
      },
      "parametersMetadata" : {
        "metadata" : { }
      }
    } ],
    "propertiesMetadata" : {
      "metadata" : { }
    },
    "parametersMetadata" : {
      "metadata" : { }
    },
    "hooks" : [ ]
  } ],
  "resources" : [ {
    "majorSchemaVersion" : 3,
    "name" : "********",
    "type" : "org.cloudfoundry.existing-service",
    "properties" : { },
    "parameters" : {
      "generated-password" : "********",
      "service-name" : "${default-service-name}",
      "generated-user" : "********",
      "default-xsappname" : "********",
      "type" : "existing-service",
      "default-service-name" : "********",
      "default-container-name" : "********"
    },
    "isActive" : true,
    "isOptional" : false,
    "propertiesMetadata" : {
      "metadata" : { }
    },
    "parametersMetadata" : {
      "metadata" : { }
    },
    "requiredDependencies" : [ ],
    "processedAfter" : [ ]
  }, {
    "majorSchemaVersion" : 3,
    "name" : "axon-destination",
    "type" : "org.cloudfoundry.managed-service",
    "properties" : { },
    "parameters" : {
      "generated-password" : "********",
      "service-name" : "${default-service-name}",
      "service-plan" : "lite",
      "service" : "destination",
      "generated-user" : "********",
      "default-xsappname" : "axon-destination",
      "type" : "managed-service",
      "config" : {
        "HTML5Runtime_enabled" : true,
        "init_data" : {
          "subaccount" : {
            "destinations" : [ {
              "Authentication" : "********",
              "CEP.HTML5contentprovider" : true,
              "Name" : "axon-workzone-runtime",
              "ProxyType" : "Internet",
              "Type" : "HTTP",
              "URL" : "https://590c8b3dtrial.dt.launchpad.cfapps.us10.hana.ondemand.com"
            } ],
            "existing_destinations_policy" : "update"
          }
        }
      },
      "default-service-name" : "axon-destination",
      "default-container-name" : "590C8B3DTRIAL_590C8B3DTRIAL_DEV_AXON_DESTINATION"
    },
    "isActive" : true,
    "isOptional" : false,
    "propertiesMetadata" : {
      "metadata" : { }
    },
    "parametersMetadata" : {
      "metadata" : { }
    },
    "requiredDependencies" : [ ],
    "processedAfter" : [ ]
  }, {
    "majorSchemaVersion" : 3,
    "name" : "axon-html5-host",
    "type" : "org.cloudfoundry.managed-service",
    "properties" : { },
    "parameters" : {
      "generated-password" : "********",
      "service-name" : "${default-service-name}",
      "service-plan" : "app-host",
      "service" : "html5-apps-repo",
      "generated-user" : "********",
      "default-xsappname" : "axon-html5-host",
      "type" : "managed-service",
      "default-service-name" : "axon-html5-host",
      "default-container-name" : "590C8B3DTRIAL_590C8B3DTRIAL_DEV_AXON_HTML5_HOST"
    },
    "isActive" : true,
    "isOptional" : false,
    "propertiesMetadata" : {
      "metadata" : { }
    },
    "parametersMetadata" : {
      "metadata" : { }
    },
    "requiredDependencies" : [ ],
    "processedAfter" : [ ]
  }, {
    "majorSchemaVersion" : 3,
    "name" : "axon-html5-rt",
    "type" : "org.cloudfoundry.managed-service",
    "properties" : { },
    "parameters" : {
      "generated-password" : "********",
      "service-name" : "${default-service-name}",
      "service-plan" : "app-runtime",
      "service" : "html5-apps-repo",
      "generated-user" : "********",
      "default-xsappname" : "axon-html5-rt",
      "type" : "managed-service",
      "default-service-name" : "axon-html5-rt",
      "default-container-name" : "590C8B3DTRIAL_590C8B3DTRIAL_DEV_AXON_HTML5_RT"
    },
    "isActive" : true,
    "isOptional" : false,
    "propertiesMetadata" : {
      "metadata" : { }
    },
    "parametersMetadata" : {
      "metadata" : { }
    },
    "requiredDependencies" : [ ],
    "processedAfter" : [ ]
  } ],
  "parameters" : {
    "mta-id" : "axon-odata-api",
    "authorization-url" : "********",
    "org-guid" : "88230758-1103-4d78-aabf-593fe928b154",
    "org" : "590c8b3dtrial_590c8b3dtrial",
    "deploy-target" : "590c8b3dtrial_590c8b3dtrial dev",
    "enable-parallel-deployments" : true,
    "space" : "dev",
    "xs-api-url" : "https://api.cf.us10-001.hana.ondemand.com",
    "deploy-url" : "deploy-service.cfapps.us10-001.hana.ondemand.com",
    "xs-type" : "CF",
    "default-domain" : "cfapps.us10-001.hana.ondemand.com",
    "mta-version" : "1.0.0",
    "xs-auth-url" : "********",
    "space-guid" : "46c5c819-922f-41a0-b344-dcdeaecd2987",
    "user" : "********",
    "controller-url" : "https://api.cf.us10-001.hana.ondemand.com",
    "timestamp" : "20260520174150"
  },
  "parametersMetadata" : {
    "metadata" : { }
  }
}#
#2026 05 20 17:41:51.576#Z#DEBUG#2e5dd6e9-5473-11f1-b19a-eeee0a964b2e.OPERATION#flowable-async-job-executor-thread-10738#
[XS2CollectSystemParametersStep] Version rule: SAME_HIGHER#
#2026 05 20 17:41:51.576#Z#INFO#2e5dd6e9-5473-11f1-b19a-eeee0a964b2e.OPERATION#flowable-async-job-executor-thread-10738#
[XS2CollectSystemParametersStep] Detected new MTA version: "1.0.0"#
#2026 05 20 17:41:51.589#Z#INFO#2e5dd6e9-5473-11f1-b19a-eeee0a964b2e.OPERATION#flowable-async-job-executor-thread-10738#
[XS2CollectSystemParametersStep] Deployed MTA version: "1.0.0"#
#2026 05 20 17:41:51.605#Z#DEBUG#2e5dd6e9-5473-11f1-b19a-eeee0a964b2e.OPERATION#flowable-async-job-executor-thread-10738#
[XS2CollectSystemParametersStep] MTA accepted for deployment#
#2026 05 20 17:41:51.605#Z#DEBUG#2e5dd6e9-5473-11f1-b19a-eeee0a964b2e.OPERATION#flowable-async-job-executor-thread-10738#
[XS2CollectSystemParametersStep] System parameters collected#
#2026 05 20 17:41:51.606#Z#DEBUG#2e5dd6e9-5473-11f1-b19a-eeee0a964b2e.OPERATION#flowable-async-job-executor-thread-10738#
Step "Collect System Parameters" finished#
#2026 05 20 17:41:51.657#Z#DEBUG#2e5dd6e9-5473-11f1-b19a-eeee0a964b2e.OPERATION#flowable-async-job-executor-thread-10738#
[ProcessDescriptorStep] Executing task "processDescriptorTask" of process "2e5dd70f-5473-11f1-b19a-eeee0a964b2e"...#
#2026 05 20 17:41:51.658#Z#DEBUG#2e5dd6e9-5473-11f1-b19a-eeee0a964b2e.OPERATION#flowable-async-job-executor-thread-10738#
[ProcessDescriptorStep] Resolving properties and parameters in merged descriptor...#
#2026 05 20 17:41:51.663#Z#DEBUG#2e5dd6e9-5473-11f1-b19a-eeee0a964b2e.OPERATION#flowable-async-job-executor-thread-10738#
[ProcessDescriptorStep] Subscriptions: [ ]#
#2026 05 20 17:41:51.664#Z#DEBUG#2e5dd6e9-5473-11f1-b19a-eeee0a964b2e.OPERATION#flowable-async-job-executor-thread-10738#
[ProcessDescriptorStep] MTA modules: [axon-odata-api, axon-odata-api-app, axon-destinations, axon-warehouse-ops-content]#
#2026 05 20 17:41:51.664#Z#DEBUG#2e5dd6e9-5473-11f1-b19a-eeee0a964b2e.OPERATION#flowable-async-job-executor-thread-10738#
[ProcessDescriptorStep] Resolved deployment descriptor: {
  "majorSchemaVersion" : 3,
  "schemaVersion" : "3.3.0",
  "id" : "axon-odata-api",
  "version" : "1.0.0",
  "modules" : [ {
    "majorSchemaVersion" : 3,
    "name" : "axon-odata-api",
    "type" : "javascript.nodejs",
    "path" : "axon-odata-api",
    "properties" : { },
    "parameters" : {
      "default-url" : "https://590c8b3dtrial-590c8b3dtrial-dev-axon-odata-api.cfapps.us10-001.hana.ondemand.com",
      "default-app-name" : "axon-odata-api",
      "generated-password" : "********",
      "default-live-url" : "https://590c8b3dtrial-590c8b3dtrial-dev-axon-odata-api.cfapps.us10-001.hana.ondemand.com",
      "default-uri" : "590c8b3dtrial-590c8b3dtrial-dev-axon-odata-api.cfapps.us10-001.hana.ondemand.com",
      "memory" : "256M",
      "default-instances" : 1,
      "default-live-host" : "590c8b3dtrial-590c8b3dtrial-dev-axon-odata-api",
      "instances" : 1,
      "default-host" : "590c8b3dtrial-590c8b3dtrial-dev-axon-odata-api",
      "command" : "rm -f axon-odata-api.db db.sqlite && ./node_modules/.bin/cds-deploy --to sqlite && cp -f db.sqlite axon-odata-api.db && npm start",
      "app-name" : "axon-odata-api",
      "default-live-uri" : "590c8b3dtrial-590c8b3dtrial-dev-axon-odata-api.cfapps.us10-001.hana.ondemand.com",
      "protocol" : "https",
      "default-live-app-name" : "axon-odata-api",
      "default-live-domain" : "cfapps.us10-001.hana.ondemand.com",
      "disk-quota" : "512M",
      "domain" : "cfapps.us10-001.hana.ondemand.com",
      "host" : "590c8b3dtrial-590c8b3dtrial-dev-axon-odata-api",
      "generated-user" : "********"
    },
    "requiredDependencies" : [ {
      "majorSchemaVersion" : 3,
      "name" : "********",
      "properties" : { },
      "parameters" : { },
      "propertiesMetadata" : {
        "metadata" : { }
      },
      "parametersMetadata" : {
        "metadata" : { }
      }
    } ],
    "providedDependencies" : [ {
      "majorSchemaVersion" : 3,
      "name" : "srv-api",
      "isPublic" : false,
      "properties" : {
        "srv-url" : "https://590c8b3dtrial-590c8b3dtrial-dev-axon-odata-api.cfapps.us10-001.hana.ondemand.com"
      },
      "parameters" : { },
      "propertiesMetadata" : {
        "metadata" : { }
      },
      "parametersMetadata" : {
        "metadata" : { }
      }
    }, {
      "majorSchemaVersion" : 3,
      "name" : "axon-odata-api",
      "isPublic" : false,
      "properties" : { },
      "parameters" : { },
      "propertiesMetadata" : {
        "metadata" : { }
      },
      "parametersMetadata" : {
        "metadata" : { }
      }
    } ],
    "propertiesMetadata" : {
      "metadata" : { }
    },
    "parametersMetadata" : {
      "metadata" : { }
    },
    "hooks" : [ ]
  }, {
    "majorSchemaVersion" : 3,
    "name" : "axon-odata-api-app",
    "type" : "javascript.nodejs",
    "path" : "axon-odata-api-app",
    "properties" : { },
    "parameters" : {
      "default-url" : "https://590c8b3dtrial-590c8b3dtrial-dev-axon-odata-api-app.cfapps.us10-001.hana.ondemand.com",
      "default-app-name" : "axon-odata-api-app",
      "generated-password" : "********",
      "default-live-url" : "https://590c8b3dtrial-590c8b3dtrial-dev-axon-odata-api-app.cfapps.us10-001.hana.ondemand.com",
      "default-uri" : "590c8b3dtrial-590c8b3dtrial-dev-axon-odata-api-app.cfapps.us10-001.hana.ondemand.com",
      "memory" : "256M",
      "default-instances" : 1,
      "default-live-host" : "590c8b3dtrial-590c8b3dtrial-dev-axon-odata-api-app",
      "instances" : 1,
      "default-host" : "590c8b3dtrial-590c8b3dtrial-dev-axon-odata-api-app",
      "app-name" : "axon-odata-api-app",
      "default-live-uri" : "590c8b3dtrial-590c8b3dtrial-dev-axon-odata-api-app.cfapps.us10-001.hana.ondemand.com",
      "protocol" : "https",
      "default-live-app-name" : "axon-odata-api-app",
      "default-live-domain" : "cfapps.us10-001.hana.ondemand.com",
      "disk-quota" : "256M",
      "domain" : "cfapps.us10-001.hana.ondemand.com",
      "host" : "590c8b3dtrial-590c8b3dtrial-dev-axon-odata-api-app",
      "generated-user" : "********"
    },
    "requiredDependencies" : [ {
      "majorSchemaVersion" : 3,
      "name" : "srv-api",
      "group" : "destinations",
      "properties" : {
        "name" : "srv-api",
        "forwardAuthToken" : "********",
        "url" : "https://590c8b3dtrial-590c8b3dtrial-dev-axon-odata-api.cfapps.us10-001.hana.ondemand.com"
      },
      "parameters" : { },
      "propertiesMetadata" : {
        "metadata" : { }
      },
      "parametersMetadata" : {
        "metadata" : { }
      }
    }, {
      "majorSchemaVersion" : 3,
      "name" : "********",
      "properties" : { },
      "parameters" : { },
      "propertiesMetadata" : {
        "metadata" : { }
      },
      "parametersMetadata" : {
        "metadata" : { }
      }
    }, {
      "majorSchemaVersion" : 3,
      "name" : "axon-destination",
      "properties" : { },
      "parameters" : { },
      "propertiesMetadata" : {
        "metadata" : { }
      },
      "parametersMetadata" : {
        "metadata" : { }
      }
    }, {
      "majorSchemaVersion" : 3,
      "name" : "axon-html5-rt",
      "properties" : { },
      "parameters" : { },
      "propertiesMetadata" : {
        "metadata" : { }
      },
      "parametersMetadata" : {
        "metadata" : { }
      }
    } ],
    "providedDependencies" : [ {
      "majorSchemaVersion" : 3,
      "name" : "app-api",
      "isPublic" : false,
      "properties" : {
        "app-url" : "https://590c8b3dtrial-590c8b3dtrial-dev-axon-odata-api-app.cfapps.us10-001.hana.ondemand.com"
      },
      "parameters" : { },
      "propertiesMetadata" : {
        "metadata" : { }
      },
      "parametersMetadata" : {
        "metadata" : { }
      }
    }, {
      "majorSchemaVersion" : 3,
      "name" : "axon-odata-api-app",
      "isPublic" : false,
      "properties" : { },
      "parameters" : { },
      "propertiesMetadata" : {
        "metadata" : { }
      },
      "parametersMetadata" : {
        "metadata" : { }
      }
    } ],
    "propertiesMetadata" : {
      "metadata" : { }
    },
    "parametersMetadata" : {
      "metadata" : { }
    },
    "hooks" : [ ]
  }, {
    "majorSchemaVersion" : 3,
    "name" : "axon-warehouse-ops-content",
    "type" : "com.sap.application.content",
    "path" : "axon-warehouse-ops-content",
    "properties" : { },
    "parameters" : {
      "default-url" : "https://590c8b3dtrial-590c8b3dtrial-dev-axon-warehouse-ops-content.cfapps.us10-001.hana.ondemand.com",
      "default-app-name" : "axon-warehouse-ops-content",
      "generated-password" : "********",
      "default-live-url" : "https://590c8b3dtrial-590c8b3dtrial-dev-axon-warehouse-ops-content.cfapps.us10-001.hana.ondemand.com",
      "default-uri" : "590c8b3dtrial-590c8b3dtrial-dev-axon-warehouse-ops-content.cfapps.us10-001.hana.ondemand.com",
      "default-instances" : 1,
      "default-live-host" : "590c8b3dtrial-590c8b3dtrial-dev-axon-warehouse-ops-content",
      "instances" : 1,
      "default-host" : "590c8b3dtrial-590c8b3dtrial-dev-axon-warehouse-ops-content",
      "app-name" : "axon-warehouse-ops-content",
      "default-live-uri" : "590c8b3dtrial-590c8b3dtrial-dev-axon-warehouse-ops-content.cfapps.us10-001.hana.ondemand.com",
      "protocol" : "https",
      "default-live-app-name" : "axon-warehouse-ops-content",
      "default-live-domain" : "cfapps.us10-001.hana.ondemand.com",
      "domain" : "cfapps.us10-001.hana.ondemand.com",
      "host" : "590c8b3dtrial-590c8b3dtrial-dev-axon-warehouse-ops-content",
      "generated-user" : "********"
    },
    "requiredDependencies" : [ {
      "majorSchemaVersion" : 3,
      "name" : "axon-html5-host",
      "properties" : { },
      "parameters" : {
        "content-target" : true
      },
      "propertiesMetadata" : {
        "metadata" : { }
      },
      "parametersMetadata" : {
        "metadata" : { }
      }
    } ],
    "providedDependencies" : [ {
      "majorSchemaVersion" : 3,
      "name" : "axon-warehouse-ops-content",
      "isPublic" : false,
      "properties" : { },
      "parameters" : { },
      "propertiesMetadata" : {
        "metadata" : { }
      },
      "parametersMetadata" : {
        "metadata" : { }
      }
    } ],
    "propertiesMetadata" : {
      "metadata" : { }
    },
    "parametersMetadata" : {
      "metadata" : { }
    },
    "hooks" : [ ]
  }, {
    "majorSchemaVersion" : 3,
    "name" : "axon-destinations",
    "type" : "com.sap.application.content",
    "properties" : { },
    "parameters" : {
      "default-url" : "https://590c8b3dtrial-590c8b3dtrial-dev-axon-destinations.cfapps.us10-001.hana.ondemand.com",
      "default-app-name" : "axon-destinations",
      "generated-password" : "********",
      "default-live-url" : "https://590c8b3dtrial-590c8b3dtrial-dev-axon-destinations.cfapps.us10-001.hana.ondemand.com",
      "default-uri" : "590c8b3dtrial-590c8b3dtrial-dev-axon-destinations.cfapps.us10-001.hana.ondemand.com",
      "default-instances" : 1,
      "default-live-host" : "590c8b3dtrial-590c8b3dtrial-dev-axon-destinations",
      "instances" : 1,
      "default-host" : "590c8b3dtrial-590c8b3dtrial-dev-axon-destinations",
      "content" : {
        "instance" : {
          "destinations" : [ {
            "Name" : "axon-warehouse-ops-html5-repository",
            "ServiceInstanceName" : "axon-html5-host",
            "ServiceKeyName" : "********",
            "sap.cloud.service" : "axon.warehouse.ops"
          }, {
            "Authentication" : "********",
            "Name" : "********",
            "ServiceInstanceName" : "********",
            "ServiceKeyName" : "********",
            "sap.cloud.service" : "axon.warehouse.ops"
          } ],
          "existing_destinations_policy" : "update"
        }
      },
      "app-name" : "axon-destinations",
      "default-live-uri" : "590c8b3dtrial-590c8b3dtrial-dev-axon-destinations.cfapps.us10-001.hana.ondemand.com",
      "protocol" : "https",
      "default-live-app-name" : "axon-destinations",
      "default-live-domain" : "cfapps.us10-001.hana.ondemand.com",
      "domain" : "cfapps.us10-001.hana.ondemand.com",
      "host" : "590c8b3dtrial-590c8b3dtrial-dev-axon-destinations",
      "generated-user" : "********"
    },
    "requiredDependencies" : [ {
      "majorSchemaVersion" : 3,
      "name" : "axon-destination",
      "properties" : { },
      "parameters" : {
        "content-target" : true
      },
      "propertiesMetadata" : {
        "metadata" : { }
      },
      "parametersMetadata" : {
        "metadata" : { }
      }
    }, {
      "majorSchemaVersion" : 3,
      "name" : "axon-html5-host",
      "properties" : { },
      "parameters" : {
        "service-key" : "********"
      },
      "propertiesMetadata" : {
        "metadata" : { }
      },
      "parametersMetadata" : {
        "metadata" : { }
      }
    }, {
      "majorSchemaVersion" : 3,
      "name" : "********",
      "properties" : { },
      "parameters" : {
        "service-key" : "********"
      },
      "propertiesMetadata" : {
        "metadata" : { }
      },
      "parametersMetadata" : {
        "metadata" : { }
      }
    }, {
      "majorSchemaVersion" : 3,
      "name" : "srv-api",
      "properties" : { },
      "parameters" : { },
      "propertiesMetadata" : {
        "metadata" : { }
      },
      "parametersMetadata" : {
        "metadata" : { }
      }
    } ],
    "providedDependencies" : [ {
      "majorSchemaVersion" : 3,
      "name" : "axon-destinations",
      "isPublic" : false,
      "properties" : { },
      "parameters" : { },
      "propertiesMetadata" : {
        "metadata" : { }
      },
      "parametersMetadata" : {
        "metadata" : { }
      }
    } ],
    "propertiesMetadata" : {
      "metadata" : { }
    },
    "parametersMetadata" : {
      "metadata" : { }
    },
    "hooks" : [ ]
  } ],
  "resources" : [ {
    "majorSchemaVersion" : 3,
    "name" : "********",
    "type" : "org.cloudfoundry.existing-service",
    "properties" : { },
    "parameters" : {
      "generated-password" : "********",
      "service-name" : "********",
      "generated-user" : "********",
      "default-xsappname" : "********",
      "type" : "existing-service",
      "default-service-name" : "********",
      "default-container-name" : "********"
    },
    "isActive" : true,
    "isOptional" : false,
    "propertiesMetadata" : {
      "metadata" : { }
    },
    "parametersMetadata" : {
      "metadata" : { }
    },
    "requiredDependencies" : [ ],
    "processedAfter" : [ ]
  }, {
    "majorSchemaVersion" : 3,
    "name" : "axon-destination",
    "type" : "org.cloudfoundry.managed-service",
    "properties" : { },
    "parameters" : {
      "generated-password" : "********",
      "service-name" : "axon-destination",
      "service-plan" : "lite",
      "service" : "destination",
      "generated-user" : "********",
      "default-xsappname" : "axon-destination",
      "type" : "managed-service",
      "config" : {
        "HTML5Runtime_enabled" : true,
        "init_data" : {
          "subaccount" : {
            "destinations" : [ {
              "Authentication" : "********",
              "CEP.HTML5contentprovider" : true,
              "Name" : "axon-workzone-runtime",
              "ProxyType" : "Internet",
              "Type" : "HTTP",
              "URL" : "https://590c8b3dtrial.dt.launchpad.cfapps.us10.hana.ondemand.com"
            } ],
            "existing_destinations_policy" : "update"
          }
        }
      },
      "default-service-name" : "axon-destination",
      "default-container-name" : "590C8B3DTRIAL_590C8B3DTRIAL_DEV_AXON_DESTINATION"
    },
    "isActive" : true,
    "isOptional" : false,
    "propertiesMetadata" : {
      "metadata" : { }
    },
    "parametersMetadata" : {
      "metadata" : { }
    },
    "requiredDependencies" : [ ],
    "processedAfter" : [ ]
  }, {
    "majorSchemaVersion" : 3,
    "name" : "axon-html5-host",
    "type" : "org.cloudfoundry.managed-service",
    "properties" : { },
    "parameters" : {
      "generated-password" : "********",
      "service-name" : "axon-html5-host",
      "service-plan" : "app-host",
      "service" : "html5-apps-repo",
      "generated-user" : "********",
      "default-xsappname" : "axon-html5-host",
      "type" : "managed-service",
      "default-service-name" : "axon-html5-host",
      "default-container-name" : "590C8B3DTRIAL_590C8B3DTRIAL_DEV_AXON_HTML5_HOST"
    },
    "isActive" : true,
    "isOptional" : false,
    "propertiesMetadata" : {
      "metadata" : { }
    },
    "parametersMetadata" : {
      "metadata" : { }
    },
    "requiredDependencies" : [ ],
    "processedAfter" : [ ]
  }, {
    "majorSchemaVersion" : 3,
    "name" : "axon-html5-rt",
    "type" : "org.cloudfoundry.managed-service",
    "properties" : { },
    "parameters" : {
      "generated-password" : "********",
      "service-name" : "axon-html5-rt",
      "service-plan" : "app-runtime",
      "service" : "html5-apps-repo",
      "generated-user" : "********",
      "default-xsappname" : "axon-html5-rt",
      "type" : "managed-service",
      "default-service-name" : "axon-html5-rt",
      "default-container-name" : "590C8B3DTRIAL_590C8B3DTRIAL_DEV_AXON_HTML5_RT"
    },
    "isActive" : true,
    "isOptional" : false,
    "propertiesMetadata" : {
      "metadata" : { }
    },
    "parametersMetadata" : {
      "metadata" : { }
    },
    "requiredDependencies" : [ ],
    "processedAfter" : [ ]
  } ],
  "parameters" : {
    "mta-id" : "axon-odata-api",
    "authorization-url" : "********",
    "org-guid" : "88230758-1103-4d78-aabf-593fe928b154",
    "org" : "590c8b3dtrial_590c8b3dtrial",
    "deploy-target" : "590c8b3dtrial_590c8b3dtrial dev",
    "enable-parallel-deployments" : true,
    "region-primary-domain" : "us10.hana.ondemand.com",
    "space" : "dev",
    "region-domain" : "us10-001.hana.ondemand.com",
    "xs-api-url" : "https://api.cf.us10-001.hana.ondemand.com",
    "deploy-url" : "deploy-service.cfapps.us10-001.hana.ondemand.com",
    "xs-type" : "CF",
    "default-domain" : "cfapps.us10-001.hana.ondemand.com",
    "mta-version" : "1.0.0",
    "xs-auth-url" : "********",
    "space-guid" : "46c5c819-922f-41a0-b344-dcdeaecd2987",
    "user" : "********",
    "controller-url" : "https://api.cf.us10-001.hana.ondemand.com",
    "timestamp" : "20260520174150"
  },
  "parametersMetadata" : {
    "metadata" : { }
  }
}#
#2026 05 20 17:41:51.664#Z#DEBUG#2e5dd6e9-5473-11f1-b19a-eeee0a964b2e.OPERATION#flowable-async-job-executor-thread-10738#
[ProcessDescriptorStep] Merged descriptor properties and parameters resolved#
#2026 05 20 17:41:51.664#Z#DEBUG#2e5dd6e9-5473-11f1-b19a-eeee0a964b2e.OPERATION#flowable-async-job-executor-thread-10738#
Step "Process Descriptor Step" finished#
#2026 05 20 17:41:51.723#Z#DEBUG#2e5dd6e9-5473-11f1-b19a-eeee0a964b2e.OPERATION#flowable-async-job-executor-thread-10738#
[XS2BuildCloudDeployModelStep] Executing task "buildDeployModelTask" of process "2e5dd70f-5473-11f1-b19a-eeee0a964b2e"...#
#2026 05 20 17:41:51.728#Z#DEBUG#2e5dd6e9-5473-11f1-b19a-eeee0a964b2e.OPERATION#flowable-async-job-executor-thread-10738#
[XS2BuildCloudDeployModelStep] Getting service instance without auxiliary content "axon-auth"...#
#2026 05 20 17:41:51.772#Z#DEBUG#2e5dd6e9-5473-11f1-b19a-eeee0a964b2e.OPERATION#flowable-async-job-executor-thread-10738#
[XS2BuildCloudDeployModelStep] Service keys defined for content deployment grouped by service name: {
  "axon-destination" : [ {
    "name" : "********",
    "v3Metadata" : {
      "annotations" : {
        "mta_id" : "axon-odata-api",
        "mta_version" : "1.0.0"
      },
      "labels" : {
        "mta_id" : "dfb658b64adc78433a3dac251a46c416",
        "space_guid" : "46c5c819-922f-41a0-b344-dcdeaecd2987"
      }
    },
    "credentials" : "********",
    "moduleName" : "axon-destinations",
    "resourceName" : "axon-destination",
    "serviceInstance" : {
      "isOptional" : false,
      "isManaged" : false,
      "name" : "axon-destination",
      "credentials" : "********",
      "tags" : [ ],
      "shouldSkipParametersUpdate" : false,
      "shouldSkipPlanUpdate" : false,
      "shouldSkipTagsUpdate" : false,
      "shouldSkipSyslogUrlUpdate" : false
    },
    "shouldDeleteServiceKeyAfterDeploy" : "********",
    "resourceType" : "org.cloudfoundry.managed-service"
  } ],
  "axon-auth" : "********",
  "axon-html5-host" : [ {
    "name" : "********",
    "v3Metadata" : {
      "annotations" : {
        "mta_id" : "axon-odata-api",
        "mta_version" : "1.0.0"
      },
      "labels" : {
        "mta_id" : "dfb658b64adc78433a3dac251a46c416",
        "space_guid" : "46c5c819-922f-41a0-b344-dcdeaecd2987"
      }
    },
    "credentials" : "********",
    "moduleName" : "axon-warehouse-ops-content",
    "resourceName" : "axon-html5-host",
    "serviceInstance" : {
      "isOptional" : false,
      "isManaged" : false,
      "name" : "axon-html5-host",
      "credentials" : "********",
      "tags" : [ ],
      "shouldSkipParametersUpdate" : false,
      "shouldSkipPlanUpdate" : false,
      "shouldSkipTagsUpdate" : false,
      "shouldSkipSyslogUrlUpdate" : false
    },
    "shouldDeleteServiceKeyAfterDeploy" : "********",
    "resourceType" : "org.cloudfoundry.managed-service"
  }, {
    "name" : "********",
    "v3Metadata" : {
      "annotations" : {
        "mta_id" : "axon-odata-api",
        "mta_version" : "1.0.0"
      },
      "labels" : {
        "mta_id" : "dfb658b64adc78433a3dac251a46c416",
        "space_guid" : "46c5c819-922f-41a0-b344-dcdeaecd2987"
      }
    },
    "credentials" : "********",
    "moduleName" : "axon-destinations",
    "resourceName" : "axon-html5-host",
    "serviceInstance" : {
      "isOptional" : false,
      "isManaged" : false,
      "name" : "axon-html5-host",
      "credentials" : "********",
      "tags" : [ ],
      "shouldSkipParametersUpdate" : false,
      "shouldSkipPlanUpdate" : false,
      "shouldSkipTagsUpdate" : false,
      "shouldSkipSyslogUrlUpdate" : false
    },
    "shouldDeleteServiceKeyAfterDeploy" : "********",
    "resourceType" : "org.cloudfoundry.managed-service"
  } ]
}#
#2026 05 20 17:41:51.773#Z#DEBUG#2e5dd6e9-5473-11f1-b19a-eeee0a964b2e.OPERATION#flowable-async-job-executor-thread-10738#
[XS2BuildCloudDeployModelStep] Building cloud deployment model...#
#2026 05 20 17:41:51.777#Z#DEBUG#2e5dd6e9-5473-11f1-b19a-eeee0a964b2e.OPERATION#flowable-async-job-executor-thread-10738#
[XS2BuildCloudDeployModelStep] MTA archive modules: [axon-odata-api, axon-odata-api-app, axon-warehouse-ops-content]#
#2026 05 20 17:41:51.777#Z#DEBUG#2e5dd6e9-5473-11f1-b19a-eeee0a964b2e.OPERATION#flowable-async-job-executor-thread-10738#
[XS2BuildCloudDeployModelStep] Deployed modules: [axon-odata-api, axon-odata-api-app]#
#2026 05 20 17:41:51.778#Z#DEBUG#2e5dd6e9-5473-11f1-b19a-eeee0a964b2e.OPERATION#flowable-async-job-executor-thread-10738#
[XS2BuildCloudDeployModelStep] MTA modules: [axon-odata-api, axon-odata-api-app, axon-destinations, axon-warehouse-ops-content]#
#2026 05 20 17:41:51.778#Z#DEBUG#2e5dd6e9-5473-11f1-b19a-eeee0a964b2e.OPERATION#flowable-async-job-executor-thread-10738#
[XS2BuildCloudDeployModelStep] Service keys to create: {
  "axon-destination" : [ ],
  "axon-auth" : "********",
  "axon-html5-host" : [ ],
  "axon-html5-rt" : [ ]
}#
#2026 05 20 17:41:51.779#Z#DEBUG#2e5dd6e9-5473-11f1-b19a-eeee0a964b2e.OPERATION#flowable-async-job-executor-thread-10738#
[XS2BuildCloudDeployModelStep] Modules to deploy: [{
  "majorSchemaVersion" : 3,
  "name" : "axon-odata-api",
  "type" : "javascript.nodejs",
  "path" : "axon-odata-api",
  "properties" : { },
  "parameters" : {
    "default-url" : "https://590c8b3dtrial-590c8b3dtrial-dev-axon-odata-api.cfapps.us10-001.hana.ondemand.com",
    "default-app-name" : "axon-odata-api",
    "generated-password" : "********",
    "default-live-url" : "https://590c8b3dtrial-590c8b3dtrial-dev-axon-odata-api.cfapps.us10-001.hana.ondemand.com",
    "default-uri" : "590c8b3dtrial-590c8b3dtrial-dev-axon-odata-api.cfapps.us10-001.hana.ondemand.com",
    "memory" : "256M",
    "default-instances" : 1,
    "default-live-host" : "590c8b3dtrial-590c8b3dtrial-dev-axon-odata-api",
    "instances" : 1,
    "default-host" : "590c8b3dtrial-590c8b3dtrial-dev-axon-odata-api",
    "command" : "rm -f axon-odata-api.db db.sqlite && ./node_modules/.bin/cds-deploy --to sqlite && cp -f db.sqlite axon-odata-api.db && npm start",
    "app-name" : "axon-odata-api",
    "default-live-uri" : "590c8b3dtrial-590c8b3dtrial-dev-axon-odata-api.cfapps.us10-001.hana.ondemand.com",
    "protocol" : "https",
    "default-live-app-name" : "axon-odata-api",
    "default-live-domain" : "cfapps.us10-001.hana.ondemand.com",
    "disk-quota" : "512M",
    "dependency-type" : "soft",
    "domain" : "cfapps.us10-001.hana.ondemand.com",
    "host" : "590c8b3dtrial-590c8b3dtrial-dev-axon-odata-api",
    "generated-user" : "********"
  },
  "requiredDependencies" : [ {
    "majorSchemaVersion" : 3,
    "name" : "********",
    "properties" : { },
    "parameters" : { },
    "propertiesMetadata" : {
      "metadata" : { }
    },
    "parametersMetadata" : {
      "metadata" : { }
    }
  } ],
  "providedDependencies" : [ {
    "majorSchemaVersion" : 3,
    "name" : "srv-api",
    "isPublic" : false,
    "properties" : {
      "srv-url" : "https://590c8b3dtrial-590c8b3dtrial-dev-axon-odata-api.cfapps.us10-001.hana.ondemand.com"
    },
    "parameters" : { },
    "propertiesMetadata" : {
      "metadata" : { }
    },
    "parametersMetadata" : {
      "metadata" : { }
    }
  }, {
    "majorSchemaVersion" : 3,
    "name" : "axon-odata-api",
    "isPublic" : false,
    "properties" : { },
    "parameters" : { },
    "propertiesMetadata" : {
      "metadata" : { }
    },
    "parametersMetadata" : {
      "metadata" : { }
    }
  } ],
  "propertiesMetadata" : {
    "metadata" : { }
  },
  "parametersMetadata" : {
    "metadata" : { }
  },
  "deployedAfter" : [ ],
  "hooks" : [ ]
}, {
  "majorSchemaVersion" : 3,
  "name" : "axon-odata-api-app",
  "type" : "javascript.nodejs",
  "path" : "axon-odata-api-app",
  "properties" : { },
  "parameters" : {
    "default-url" : "https://590c8b3dtrial-590c8b3dtrial-dev-axon-odata-api-app.cfapps.us10-001.hana.ondemand.com",
    "default-app-name" : "axon-odata-api-app",
    "generated-password" : "********",
    "default-live-url" : "https://590c8b3dtrial-590c8b3dtrial-dev-axon-odata-api-app.cfapps.us10-001.hana.ondemand.com",
    "default-uri" : "590c8b3dtrial-590c8b3dtrial-dev-axon-odata-api-app.cfapps.us10-001.hana.ondemand.com",
    "memory" : "256M",
    "default-instances" : 1,
    "default-live-host" : "590c8b3dtrial-590c8b3dtrial-dev-axon-odata-api-app",
    "instances" : 1,
    "default-host" : "590c8b3dtrial-590c8b3dtrial-dev-axon-odata-api-app",
    "app-name" : "axon-odata-api-app",
    "default-live-uri" : "590c8b3dtrial-590c8b3dtrial-dev-axon-odata-api-app.cfapps.us10-001.hana.ondemand.com",
    "protocol" : "https",
    "default-live-app-name" : "axon-odata-api-app",
    "default-live-domain" : "cfapps.us10-001.hana.ondemand.com",
    "disk-quota" : "256M",
    "dependency-type" : "soft",
    "domain" : "cfapps.us10-001.hana.ondemand.com",
    "host" : "590c8b3dtrial-590c8b3dtrial-dev-axon-odata-api-app",
    "generated-user" : "********"
  },
  "requiredDependencies" : [ {
    "majorSchemaVersion" : 3,
    "name" : "srv-api",
    "group" : "destinations",
    "properties" : {
      "name" : "srv-api",
      "forwardAuthToken" : "********",
      "url" : "https://590c8b3dtrial-590c8b3dtrial-dev-axon-odata-api.cfapps.us10-001.hana.ondemand.com"
    },
    "parameters" : { },
    "propertiesMetadata" : {
      "metadata" : { }
    },
    "parametersMetadata" : {
      "metadata" : { }
    }
  }, {
    "majorSchemaVersion" : 3,
    "name" : "********",
    "properties" : { },
    "parameters" : { },
    "propertiesMetadata" : {
      "metadata" : { }
    },
    "parametersMetadata" : {
      "metadata" : { }
    }
  }, {
    "majorSchemaVersion" : 3,
    "name" : "axon-destination",
    "properties" : { },
    "parameters" : { },
    "propertiesMetadata" : {
      "metadata" : { }
    },
    "parametersMetadata" : {
      "metadata" : { }
    }
  }, {
    "majorSchemaVersion" : 3,
    "name" : "axon-html5-rt",
    "properties" : { },
    "parameters" : { },
    "propertiesMetadata" : {
      "metadata" : { }
    },
    "parametersMetadata" : {
      "metadata" : { }
    }
  } ],
  "providedDependencies" : [ {
    "majorSchemaVersion" : 3,
    "name" : "app-api",
    "isPublic" : false,
    "properties" : {
      "app-url" : "https://590c8b3dtrial-590c8b3dtrial-dev-axon-odata-api-app.cfapps.us10-001.hana.ondemand.com"
    },
    "parameters" : { },
    "propertiesMetadata" : {
      "metadata" : { }
    },
    "parametersMetadata" : {
      "metadata" : { }
    }
  }, {
    "majorSchemaVersion" : 3,
    "name" : "axon-odata-api-app",
    "isPublic" : false,
    "properties" : { },
    "parameters" : { },
    "propertiesMetadata" : {
      "metadata" : { }
    },
    "parametersMetadata" : {
      "metadata" : { }
    }
  } ],
  "propertiesMetadata" : {
    "metadata" : { }
  },
  "parametersMetadata" : {
    "metadata" : { }
  },
  "deployedAfter" : [ ],
  "hooks" : [ ]
}, {
  "majorSchemaVersion" : 3,
  "name" : "axon-warehouse-ops-content",
  "type" : "com.sap.application.content",
  "path" : "axon-warehouse-ops-content",
  "properties" : { },
  "parameters" : {
    "default-url" : "https://590c8b3dtrial-590c8b3dtrial-dev-axon-warehouse-ops-content.cfapps.us10-001.hana.ondemand.com",
    "default-app-name" : "axon-warehouse-ops-content",
    "generated-password" : "********",
    "default-live-url" : "https://590c8b3dtrial-590c8b3dtrial-dev-axon-warehouse-ops-content.cfapps.us10-001.hana.ondemand.com",
    "default-uri" : "590c8b3dtrial-590c8b3dtrial-dev-axon-warehouse-ops-content.cfapps.us10-001.hana.ondemand.com",
    "default-instances" : 1,
    "default-live-host" : "590c8b3dtrial-590c8b3dtrial-dev-axon-warehouse-ops-content",
    "instances" : 1,
    "default-host" : "590c8b3dtrial-590c8b3dtrial-dev-axon-warehouse-ops-content",
    "app-name" : "axon-warehouse-ops-content",
    "default-live-uri" : "590c8b3dtrial-590c8b3dtrial-dev-axon-warehouse-ops-content.cfapps.us10-001.hana.ondemand.com",
    "protocol" : "https",
    "default-live-app-name" : "axon-warehouse-ops-content",
    "default-live-domain" : "cfapps.us10-001.hana.ondemand.com",
    "dependency-type" : "soft",
    "domain" : "cfapps.us10-001.hana.ondemand.com",
    "host" : "590c8b3dtrial-590c8b3dtrial-dev-axon-warehouse-ops-content",
    "generated-user" : "********"
  },
  "requiredDependencies" : [ {
    "majorSchemaVersion" : 3,
    "name" : "axon-html5-host",
    "properties" : { },
    "parameters" : {
      "content-target" : true
    },
    "propertiesMetadata" : {
      "metadata" : { }
    },
    "parametersMetadata" : {
      "metadata" : { }
    }
  } ],
  "providedDependencies" : [ {
    "majorSchemaVersion" : 3,
    "name" : "axon-warehouse-ops-content",
    "isPublic" : false,
    "properties" : { },
    "parameters" : { },
    "propertiesMetadata" : {
      "metadata" : { }
    },
    "parametersMetadata" : {
      "metadata" : { }
    }
  } ],
  "propertiesMetadata" : {
    "metadata" : { }
  },
  "parametersMetadata" : {
    "metadata" : { }
  },
  "deployedAfter" : [ ],
  "hooks" : [ ]
}, {
  "majorSchemaVersion" : 3,
  "name" : "axon-destinations",
  "type" : "com.sap.application.content",
  "properties" : { },
  "parameters" : {
    "default-url" : "https://590c8b3dtrial-590c8b3dtrial-dev-axon-destinations.cfapps.us10-001.hana.ondemand.com",
    "default-app-name" : "axon-destinations",
    "generated-password" : "********",
    "default-live-url" : "https://590c8b3dtrial-590c8b3dtrial-dev-axon-destinations.cfapps.us10-001.hana.ondemand.com",
    "default-uri" : "590c8b3dtrial-590c8b3dtrial-dev-axon-destinations.cfapps.us10-001.hana.ondemand.com",
    "default-instances" : 1,
    "default-live-host" : "590c8b3dtrial-590c8b3dtrial-dev-axon-destinations",
    "instances" : 1,
    "default-host" : "590c8b3dtrial-590c8b3dtrial-dev-axon-destinations",
    "content" : {
      "instance" : {
        "destinations" : [ {
          "Name" : "axon-warehouse-ops-html5-repository",
          "ServiceInstanceName" : "axon-html5-host",
          "ServiceKeyName" : "********",
          "sap.cloud.service" : "axon.warehouse.ops"
        }, {
          "Authentication" : "********",
          "Name" : "********",
          "ServiceInstanceName" : "********",
          "ServiceKeyName" : "********",
          "sap.cloud.service" : "axon.warehouse.ops"
        } ],
        "existing_destinations_policy" : "update"
      }
    },
    "app-name" : "axon-destinations",
    "default-live-uri" : "590c8b3dtrial-590c8b3dtrial-dev-axon-destinations.cfapps.us10-001.hana.ondemand.com",
    "protocol" : "https",
    "default-live-app-name" : "axon-destinations",
    "default-live-domain" : "cfapps.us10-001.hana.ondemand.com",
    "dependency-type" : "soft",
    "domain" : "cfapps.us10-001.hana.ondemand.com",
    "host" : "590c8b3dtrial-590c8b3dtrial-dev-axon-destinations",
    "generated-user" : "********"
  },
  "requiredDependencies" : [ {
    "majorSchemaVersion" : 3,
    "name" : "axon-destination",
    "properties" : { },
    "parameters" : {
      "content-target" : true
    },
    "propertiesMetadata" : {
      "metadata" : { }
    },
    "parametersMetadata" : {
      "metadata" : { }
    }
  }, {
    "majorSchemaVersion" : 3,
    "name" : "axon-html5-host",
    "properties" : { },
    "parameters" : {
      "service-key" : "********"
    },
    "propertiesMetadata" : {
      "metadata" : { }
    },
    "parametersMetadata" : {
      "metadata" : { }
    }
  }, {
    "majorSchemaVersion" : 3,
    "name" : "********",
    "properties" : { },
    "parameters" : {
      "service-key" : "********"
    },
    "propertiesMetadata" : {
      "metadata" : { }
    },
    "parametersMetadata" : {
      "metadata" : { }
    }
  }, {
    "majorSchemaVersion" : 3,
    "name" : "srv-api",
    "properties" : { },
    "parameters" : { },
    "propertiesMetadata" : {
      "metadata" : { }
    },
    "parametersMetadata" : {
      "metadata" : { }
    }
  } ],
  "providedDependencies" : [ {
    "majorSchemaVersion" : 3,
    "name" : "axon-destinations",
    "isPublic" : false,
    "properties" : { },
    "parameters" : { },
    "propertiesMetadata" : {
      "metadata" : { }
    },
    "parametersMetadata" : {
      "metadata" : { }
    }
  } ],
  "propertiesMetadata" : {
    "metadata" : { }
  },
  "parametersMetadata" : {
    "metadata" : { }
  },
  "deployedAfter" : [ ],
  "hooks" : [ ]
}]#
#2026 05 20 17:41:51.780#Z#DEBUG#2e5dd6e9-5473-11f1-b19a-eeee0a964b2e.OPERATION#flowable-async-job-executor-thread-10738#
[XS2BuildCloudDeployModelStep] Custom domains: []#
#2026 05 20 17:41:51.782#Z#DEBUG#2e5dd6e9-5473-11f1-b19a-eeee0a964b2e.OPERATION#flowable-async-job-executor-thread-10738#
[XS2BuildCloudDeployModelStep] Getting service instance "axon-auth"...#
#2026 05 20 17:41:51.972#Z#DEBUG#2e5dd6e9-5473-11f1-b19a-eeee0a964b2e.OPERATION#flowable-async-job-executor-thread-10738#
[XS2BuildCloudDeployModelStep] Deployed MTA service keys: [ {
  "name" : "********",
  "metadata" : {
    "guid" : "8d9bfb89-07f6-4a91-8227-641dfddc4952",
    "createdAt" : [ 2026, 5, 20, 12, 49, 19 ],
    "updatedAt" : [ 2026, 5, 20, 12, 49, 20 ]
  },
  "v3Metadata" : {
    "annotations" : {
      "mta_id" : "axon-odata-api",
      "mta_version" : "1.0.0"
    },
    "labels" : {
      "mta_id" : "dfb658b64adc78433a3dac251a46c416",
      "space_guid" : "46c5c819-922f-41a0-b344-dcdeaecd2987"
    }
  },
  "serviceInstance" : {
    "name" : "********",
    "metadata" : {
      "guid" : "8c186454-feb8-4bf5-ab0b-10944e18134a",
      "createdAt" : [ 2026, 4, 16, 10, 13, 54 ],
      "updatedAt" : [ 2026, 4, 16, 10, 13, 54 ]
    },
    "v3Metadata" : {
      "annotations" : { },
      "labels" : { }
    },
    "credentials" : "********",
    "tags" : [ ],
    "type" : "managed"
  }
}, {
  "name" : "********",
  "metadata" : {
    "guid" : "269022f6-064a-42ff-845c-8bf47b70a7d7",
    "createdAt" : [ 2026, 5, 20, 12, 49, 19 ],
    "updatedAt" : [ 2026, 5, 20, 12, 49, 20 ]
  },
  "v3Metadata" : {
    "annotations" : {
      "mta_id" : "axon-odata-api",
      "mta_version" : "1.0.0"
    },
    "labels" : {
      "mta_id" : "dfb658b64adc78433a3dac251a46c416",
      "space_guid" : "46c5c819-922f-41a0-b344-dcdeaecd2987"
    }
  },
  "serviceInstance" : {
    "name" : "axon-destination",
    "metadata" : {
      "guid" : "0f329b59-663f-4fa5-90cf-1421104fefd5",
      "createdAt" : [ 2026, 5, 20, 12, 49, 7 ],
      "updatedAt" : [ 2026, 5, 20, 12, 49, 8 ]
    },
    "v3Metadata" : {
      "annotations" : {
        "mta_id" : "axon-odata-api",
        "mta_version" : "1.0.0",
        "mta_resource" : "{\"name\":\"axon-destination\"}"
      },
      "labels" : {
        "mta_id" : "dfb658b64adc78433a3dac251a46c416"
      }
    },
    "credentials" : "********",
    "tags" : [ ],
    "type" : "managed"
  }
}, {
  "name" : "********",
  "metadata" : {
    "guid" : "e81f0716-2093-453c-9d4e-fe4169b740f9",
    "createdAt" : [ 2026, 5, 20, 12, 49, 19 ],
    "updatedAt" : [ 2026, 5, 20, 12, 49, 21 ]
  },
  "v3Metadata" : {
    "annotations" : {
      "mta_id" : "axon-odata-api",
      "mta_version" : "1.0.0"
    },
    "labels" : {
      "mta_id" : "dfb658b64adc78433a3dac251a46c416",
      "space_guid" : "46c5c819-922f-41a0-b344-dcdeaecd2987"
    }
  },
  "serviceInstance" : {
    "name" : "axon-html5-host",
    "metadata" : {
      "guid" : "a4ef3c28-f91e-4923-b12a-fdfb994691e5",
      "createdAt" : [ 2026, 5, 20, 12, 5, 53 ],
      "updatedAt" : [ 2026, 5, 20, 12, 5, 55 ]
    },
    "v3Metadata" : {
      "annotations" : {
        "mta_id" : "axon-odata-api",
        "mta_version" : "1.0.0",
        "mta_resource" : "{\"name\":\"axon-html5-host\"}"
      },
      "labels" : {
        "mta_id" : "dfb658b64adc78433a3dac251a46c416"
      }
    },
    "credentials" : "********",
    "tags" : [ ],
    "type" : "managed"
  }
}, {
  "name" : "********",
  "metadata" : {
    "guid" : "7810d20d-63e9-4652-9bae-9e86a4272e4a",
    "createdAt" : [ 2026, 5, 20, 15, 1, 3 ],
    "updatedAt" : [ 2026, 5, 20, 15, 1, 4 ]
  },
  "v3Metadata" : {
    "annotations" : {
      "mta_id" : "axon-odata-api",
      "mta_version" : "1.0.0"
    },
    "labels" : {
      "mta_id" : "dfb658b64adc78433a3dac251a46c416",
      "space_guid" : "46c5c819-922f-41a0-b344-dcdeaecd2987"
    }
  },
  "serviceInstance" : {
    "name" : "axon-html5-host",
    "metadata" : {
      "guid" : "a4ef3c28-f91e-4923-b12a-fdfb994691e5",
      "createdAt" : [ 2026, 5, 20, 12, 5, 53 ],
      "updatedAt" : [ 2026, 5, 20, 12, 5, 55 ]
    },
    "v3Metadata" : {
      "annotations" : {
        "mta_id" : "axon-odata-api",
        "mta_version" : "1.0.0",
        "mta_resource" : "{\"name\":\"axon-html5-host\"}"
      },
      "labels" : {
        "mta_id" : "dfb658b64adc78433a3dac251a46c416"
      }
    },
    "credentials" : "********",
    "tags" : [ ],
    "type" : "managed"
  }
} ]#
#2026 05 20 17:41:51.973#Z#DEBUG#2e5dd6e9-5473-11f1-b19a-eeee0a964b2e.OPERATION#flowable-async-job-executor-thread-10738#
[XS2BuildCloudDeployModelStep] Calculating resource batches...#
#2026 05 20 17:41:51.973#Z#DEBUG#2e5dd6e9-5473-11f1-b19a-eeee0a964b2e.OPERATION#flowable-async-job-executor-thread-10738#
[XS2BuildCloudDeployModelStep] Calculating resource batches completed.#
#2026 05 20 17:41:51.973#Z#DEBUG#2e5dd6e9-5473-11f1-b19a-eeee0a964b2e.OPERATION#flowable-async-job-executor-thread-10738#
[XS2BuildCloudDeployModelStep] Cloud deployment model built#
#2026 05 20 17:41:51.973#Z#DEBUG#2e5dd6e9-5473-11f1-b19a-eeee0a964b2e.OPERATION#flowable-async-job-executor-thread-10738#
Step "Build Deploy Model" finished#
#2026 05 20 17:41:52.059#Z#DEBUG#2e5dd6e9-5473-11f1-b19a-eeee0a964b2e.OPERATION#flowable-async-job-executor-thread-10733#
[BuildCloudUndeployModelStep] Executing task "buildUndeployModelTask" of process "2e5dd70f-5473-11f1-b19a-eeee0a964b2e"...#
#2026 05 20 17:41:52.061#Z#DEBUG#2e5dd6e9-5473-11f1-b19a-eeee0a964b2e.OPERATION#flowable-async-job-executor-thread-10733#
[BuildCloudUndeployModelStep] Building cloud undeployment model...#
#2026 05 20 17:41:52.064#Z#DEBUG#2e5dd6e9-5473-11f1-b19a-eeee0a964b2e.OPERATION#flowable-async-job-executor-thread-10733#
[BuildCloudUndeployModelStep] Detecting service keys to delete.#
#2026 05 20 17:41:52.065#Z#DEBUG#2e5dd6e9-5473-11f1-b19a-eeee0a964b2e.OPERATION#flowable-async-job-executor-thread-10733#
[BuildCloudUndeployModelStep] Detected deployed service keys by service "{axon-destination=[DeployedMtaServiceKey{name=axon-destinations-axon-destination-credentials, metadata=CloudMetadata{guid=269022f6-064a-42ff-845c-8bf47b70a7d7, createdAt=2026-05-20T12:49:19, updatedAt=2026-05-20T12:49:20, url=null}, v3Metadata=Metadata{annotations={mta_id=axon-odata-api, mta_version=1.0.0}, labels={mta_id=dfb658b64adc78433a3dac251a46c416, space_guid=46c5c819-922f-41a0-b344-dcdeaecd2987}}, credentials=null, serviceInstance=CloudServiceInstance{name=axon-destination, metadata=CloudMetadata{guid=0f329b59-663f-4fa5-90cf-1421104fefd5, createdAt=2026-05-20T12:49:07, updatedAt=2026-05-20T12:49:08, url=null}, v3Metadata=Metadata{annotations={mta_id=axon-odata-api, mta_version=1.0.0, mta_resource={"name":"axon-destination"}}, labels={mta_id=dfb658b64adc78433a3dac251a46c416}}, label=null, plan=null, provider=null, broker=null, version=null, credentials={}, syslogDrainUrl=null, tags=[], type=managed, lastOperation=null}, serviceKeyOperation=null, resourceName=null}], axon-auth=[DeployedMtaServiceKey{name=axon-auth-key, metadata=CloudMetadata{guid=8d9bfb89-07f6-4a91-8227-641dfddc4952, createdAt=2026-05-20T12:49:19, updatedAt=2026-05-20T12:49:20, url=null}, v3Metadata=Metadata{annotations={mta_id=axon-odata-api, mta_version=1.0.0}, labels={mta_id=dfb658b64adc78433a3dac251a46c416, space_guid=46c5c819-922f-41a0-b344-dcdeaecd2987}}, credentials=null, serviceInstance=CloudServiceInstance{name=axon-auth, metadata=CloudMetadata{guid=8c186454-feb8-4bf5-ab0b-10944e18134a, createdAt=2026-04-16T10:13:54, updatedAt=2026-04-16T10:13:54, url=null}, v3Metadata=Metadata{annotations={}, labels={}}, label=null, plan=null, provider=null, broker=null, version=null, credentials={}, syslogDrainUrl=null, tags=[], type=managed, lastOperation=null}, serviceKeyOperation=null, resourceName=null}], axon-html5-host=[DeployedMtaServiceKey{name=axon-html5-host-key, metadata=CloudMetadata{guid=e81f0716-2093-453c-9d4e-fe4169b740f9, createdAt=2026-05-20T12:49:19, updatedAt=2026-05-20T12:49:21, url=null}, v3Metadata=Metadata{annotations={mta_id=axon-odata-api, mta_version=1.0.0}, labels={mta_id=dfb658b64adc78433a3dac251a46c416, space_guid=46c5c819-922f-41a0-b344-dcdeaecd2987}}, credentials=null, serviceInstance=CloudServiceInstance{name=axon-html5-host, metadata=CloudMetadata{guid=a4ef3c28-f91e-4923-b12a-fdfb994691e5, createdAt=2026-05-20T12:05:53, updatedAt=2026-05-20T12:05:55, url=null}, v3Metadata=Metadata{annotations={mta_id=axon-odata-api, mta_version=1.0.0, mta_resource={"name":"axon-html5-host"}}, labels={mta_id=dfb658b64adc78433a3dac251a46c416}}, label=null, plan=null, provider=null, broker=null, version=null, credentials={}, syslogDrainUrl=null, tags=[], type=managed, lastOperation=null}, serviceKeyOperation=null, resourceName=null}, DeployedMtaServiceKey{name=axon-warehouse-ops-content-axon-html5-host-credentials, metadata=CloudMetadata{guid=7810d20d-63e9-4652-9bae-9e86a4272e4a, createdAt=2026-05-20T15:01:03, updatedAt=2026-05-20T15:01:04, url=null}, v3Metadata=Metadata{annotations={mta_id=axon-odata-api, mta_version=1.0.0}, labels={mta_id=dfb658b64adc78433a3dac251a46c416, space_guid=46c5c819-922f-41a0-b344-dcdeaecd2987}}, credentials=null, serviceInstance=CloudServiceInstance{name=axon-html5-host, metadata=CloudMetadata{guid=a4ef3c28-f91e-4923-b12a-fdfb994691e5, createdAt=2026-05-20T12:05:53, updatedAt=2026-05-20T12:05:55, url=null}, v3Metadata=Metadata{annotations={mta_id=axon-odata-api, mta_version=1.0.0, mta_resource={"name":"axon-html5-host"}}, labels={mta_id=dfb658b64adc78433a3dac251a46c416}}, label=null, plan=null, provider=null, broker=null, version=null, credentials={}, syslogDrainUrl=null, tags=[], type=managed, lastOperation=null}, serviceKeyOperation=null, resourceName=null}]}"#
#2026 05 20 17:41:52.068#Z#DEBUG#2e5dd6e9-5473-11f1-b19a-eeee0a964b2e.OPERATION#flowable-async-job-executor-thread-10733#
[BuildCloudUndeployModelStep] New service keys by service "{axon-destination=[axon-destinations-axon-destination-credentials], axon-auth=[axon-auth-key], axon-html5-host=[axon-warehouse-ops-content-axon-html5-host-credentials, axon-html5-host-key]}"#
#2026 05 20 17:41:52.071#Z#DEBUG#2e5dd6e9-5473-11f1-b19a-eeee0a964b2e.OPERATION#flowable-async-job-executor-thread-10733#
[BuildCloudUndeployModelStep] Existing service keys by service "{}"#
#2026 05 20 17:41:52.071#Z#DEBUG#2e5dd6e9-5473-11f1-b19a-eeee0a964b2e.OPERATION#flowable-async-job-executor-thread-10733#
[BuildCloudUndeployModelStep] Detected service keys to delete "[]"#
#2026 05 20 17:41:52.076#Z#DEBUG#2e5dd6e9-5473-11f1-b19a-eeee0a964b2e.OPERATION#flowable-async-job-executor-thread-10733#
[BuildCloudUndeployModelStep] MTA modules: [axon-odata-api, axon-odata-api-app, axon-destinations, axon-warehouse-ops-content]#
#2026 05 20 17:41:52.076#Z#DEBUG#2e5dd6e9-5473-11f1-b19a-eeee0a964b2e.OPERATION#flowable-async-job-executor-thread-10733#
[BuildCloudUndeployModelStep] Modules to undeploy: [ ]#
#2026 05 20 17:41:52.076#Z#DEBUG#2e5dd6e9-5473-11f1-b19a-eeee0a964b2e.OPERATION#flowable-async-job-executor-thread-10733#
[BuildCloudUndeployModelStep] Modules that won't be changed: [ ]#
#2026 05 20 17:41:52.079#Z#DEBUG#2e5dd6e9-5473-11f1-b19a-eeee0a964b2e.OPERATION#flowable-async-job-executor-thread-10733#
[BuildCloudUndeployModelStep] Subscriptions to delete: [ ]#
#2026 05 20 17:41:52.081#Z#DEBUG#2e5dd6e9-5473-11f1-b19a-eeee0a964b2e.OPERATION#flowable-async-job-executor-thread-10733#
[BuildCloudUndeployModelStep] Cloud services to delete: []#
#2026 05 20 17:41:52.081#Z#DEBUG#2e5dd6e9-5473-11f1-b19a-eeee0a964b2e.OPERATION#flowable-async-job-executor-thread-10733#
[BuildCloudUndeployModelStep] Cloud applications to undeploy: [ ]#
#2026 05 20 17:41:52.087#Z#DEBUG#2e5dd6e9-5473-11f1-b19a-eeee0a964b2e.OPERATION#flowable-async-job-executor-thread-10733#
[BuildCloudUndeployModelStep] Cloud undeployment model built#
#2026 05 20 17:41:52.087#Z#DEBUG#2e5dd6e9-5473-11f1-b19a-eeee0a964b2e.OPERATION#flowable-async-job-executor-thread-10733#
Step "Build Undeploy Model" finished#
#2026 05 20 17:41:52.181#Z#DEBUG#2e5dd6e9-5473-11f1-b19a-eeee0a964b2e.OPERATION#flowable-async-job-executor-thread-10733#
[AddDomainsStep] Executing task "addDomainsTask" of process "2e5dd70f-5473-11f1-b19a-eeee0a964b2e"...#
#2026 05 20 17:41:52.183#Z#DEBUG#2e5dd6e9-5473-11f1-b19a-eeee0a964b2e.OPERATION#flowable-async-job-executor-thread-10733#
[AddDomainsStep] Custom domains: []#
#2026 05 20 17:41:52.183#Z#DEBUG#2e5dd6e9-5473-11f1-b19a-eeee0a964b2e.OPERATION#flowable-async-job-executor-thread-10733#
Step "Add Domains" finished#
#2026 05 20 17:41:52.382#Z#DEBUG#2e5dd6e9-5473-11f1-b19a-eeee0a964b2e.OPERATION#flowable-async-job-executor-thread-10739#
[ExtractBatchedServicesWithResolvedDynamicParametersStep] Executing task "prepareModulesDeploymentTask" of process "2fac774e-5473-11f1-b19a-eeee0a964b2e"...#
#2026 05 20 17:41:52.383#Z#DEBUG#2e5dd6e9-5473-11f1-b19a-eeee0a964b2e.OPERATION#flowable-async-job-executor-thread-10739#
[ExtractBatchedServicesWithResolvedDynamicParametersStep] Extracting services and resolving dynamic parameters from batch#
#2026 05 20 17:41:52.385#Z#DEBUG#2e5dd6e9-5473-11f1-b19a-eeee0a964b2e.OPERATION#flowable-async-job-executor-thread-10739#
[ExtractBatchedServicesWithResolvedDynamicParametersStep] Services to create: [ {
  "isOptional" : false,
  "isManaged" : true,
  "name" : "axon-destination",
  "v3Metadata" : {
    "annotations" : {
      "mta_id" : "axon-odata-api",
      "mta_version" : "1.0.0",
      "mta_resource" : "{\"name\":\"axon-destination\"}"
    },
    "labels" : {
      "mta_id" : "dfb658b64adc78433a3dac251a46c416"
    }
  },
  "label" : "destination",
  "plan" : "lite",
  "credentials" : "********",
  "tags" : [ ],
  "type" : "managed",
  "resourceName" : "axon-destination",
  "shouldSkipParametersUpdate" : false,
  "shouldSkipPlanUpdate" : false,
  "shouldSkipTagsUpdate" : false,
  "shouldSkipSyslogUrlUpdate" : false
}, {
  "isOptional" : false,
  "isManaged" : true,
  "name" : "axon-html5-host",
  "v3Metadata" : {
    "annotations" : {
      "mta_id" : "axon-odata-api",
      "mta_version" : "1.0.0",
      "mta_resource" : "{\"name\":\"axon-html5-host\"}"
    },
    "labels" : {
      "mta_id" : "dfb658b64adc78433a3dac251a46c416"
    }
  },
  "label" : "html5-apps-repo",
  "plan" : "app-host",
  "credentials" : "********",
  "tags" : [ ],
  "type" : "managed",
  "resourceName" : "axon-html5-host",
  "shouldSkipParametersUpdate" : false,
  "shouldSkipPlanUpdate" : false,
  "shouldSkipTagsUpdate" : false,
  "shouldSkipSyslogUrlUpdate" : false
}, {
  "isOptional" : false,
  "isManaged" : true,
  "name" : "axon-html5-rt",
  "v3Metadata" : {
    "annotations" : {
      "mta_id" : "axon-odata-api",
      "mta_version" : "1.0.0",
      "mta_resource" : "{\"name\":\"axon-html5-rt\"}"
    },
    "labels" : {
      "mta_id" : "dfb658b64adc78433a3dac251a46c416"
    }
  },
  "label" : "html5-apps-repo",
  "plan" : "app-runtime",
  "credentials" : "********",
  "tags" : [ ],
  "type" : "managed",
  "resourceName" : "axon-html5-rt",
  "shouldSkipParametersUpdate" : false,
  "shouldSkipPlanUpdate" : false,
  "shouldSkipTagsUpdate" : false,
  "shouldSkipSyslogUrlUpdate" : false
} ]#
#2026 05 20 17:41:52.386#Z#DEBUG#2e5dd6e9-5473-11f1-b19a-eeee0a964b2e.OPERATION#flowable-async-job-executor-thread-10739#
Step "Extract Services with Resolved Dynamic parameters from batch" finished#
#2026 05 20 17:41:52.520#Z#DEBUG#2e5dd6e9-5473-11f1-b19a-eeee0a964b2e.OPERATION#flowable-async-job-executor-thread-10738#
[CheckServiceOperationStateStep] Executing task "CheckServiceOperationStateTask" of process "2fc61a2e-5473-11f1-b19a-eeee0a964b2e"...#
#2026 05 20 17:41:52.521#Z#DEBUG#2e5dd6e9-5473-11f1-b19a-eeee0a964b2e.OPERATION#flowable-async-job-executor-thread-10738#
[CheckServiceOperationStateStep] Getting service instance "axon-html5-host"...#
#2026 05 20 17:41:52.667#Z#DEBUG#2e5dd6e9-5473-11f1-b19a-eeee0a964b2e.OPERATION#flowable-async-job-executor-thread-10738#
Step "Check for service operations in Progress" finished#
#2026 05 20 17:41:52.708#Z#DEBUG#2e5dd6e9-5473-11f1-b19a-eeee0a964b2e.OPERATION#flowable-async-job-executor-thread-10738#
[DetermineServiceCreateUpdateServiceActionsStep] Executing task "DetermineServiceCreateUpdateActionsTask" of process "2fc61a2e-5473-11f1-b19a-eeee0a964b2e"...#
#2026 05 20 17:41:52.711#Z#INFO#2e5dd6e9-5473-11f1-b19a-eeee0a964b2e.OPERATION#flowable-async-job-executor-thread-10738#
[DetermineServiceCreateUpdateServiceActionsStep] Processing service "axon-html5-host"...#
#2026 05 20 17:41:52.718#Z#DEBUG#2e5dd6e9-5473-11f1-b19a-eeee0a964b2e.OPERATION#flowable-async-job-executor-thread-10738#
[DetermineServiceCreateUpdateServiceActionsStep] Getting service instance "axon-html5-host"...#
#2026 05 20 17:41:52.874#Z#DEBUG#2e5dd6e9-5473-11f1-b19a-eeee0a964b2e.OPERATION#flowable-async-job-executor-thread-10738#
[DetermineServiceCreateUpdateServiceActionsStep] Existing service: {
  "name" : "axon-html5-host",
  "metadata" : {
    "guid" : "a4ef3c28-f91e-4923-b12a-fdfb994691e5",
    "createdAt" : [ 2026, 5, 20, 12, 5, 53 ],
    "updatedAt" : [ 2026, 5, 20, 12, 5, 55 ]
  },
  "v3Metadata" : {
    "annotations" : {
      "mta_id" : "axon-odata-api",
      "mta_version" : "1.0.0",
      "mta_resource" : "{\"name\":\"axon-html5-host\"}"
    },
    "labels" : {
      "mta_id" : "dfb658b64adc78433a3dac251a46c416"
    }
  },
  "label" : "html5-apps-repo",
  "plan" : "app-host",
  "credentials" : "********",
  "tags" : [ ],
  "type" : "managed",
  "lastOperation" : {
    "type" : "CREATE",
    "description" : "",
    "state" : "SUCCEEDED"
  }
}#
#2026 05 20 17:41:52.874#Z#WARN#2e5dd6e9-5473-11f1-b19a-eeee0a964b2e.OPERATION#flowable-async-job-executor-thread-10738#
[DetermineServiceCreateUpdateServiceActionsStep] Service parameters for service "axon-html5-host" will not be updated, as the parameters are not defined or empty.#
#2026 05 20 17:41:52.874#Z#DEBUG#2e5dd6e9-5473-11f1-b19a-eeee0a964b2e.OPERATION#flowable-async-job-executor-thread-10738#
Step "Determine update actions" finished#
#2026 05 20 17:41:52.939#Z#DEBUG#2e5dd6e9-5473-11f1-b19a-eeee0a964b2e.OPERATION#flowable-async-job-executor-thread-10738#
[CheckForServiceBindingOrKeyOperationStep] Executing task "CheckForServiceBindingOrKeyCreation" of process "2fc61a2e-5473-11f1-b19a-eeee0a964b2e"...#
#2026 05 20 17:41:52.941#Z#DEBUG#2e5dd6e9-5473-11f1-b19a-eeee0a964b2e.OPERATION#flowable-async-job-executor-thread-10738#
Step "Check for service binding or key creation" finished#
#2026 05 20 17:41:54.465#Z#DEBUG#2e5dd6e9-5473-11f1-b19a-eeee0a964b2e.OPERATION#flowable-async-job-executor-thread-11312#
[CheckServiceOperationStateStep] Executing task "CheckServiceOperationStateTask" of process "30eee2d4-5473-11f1-90e8-eeee0a8a49fb"...#
#2026 05 20 17:41:54.466#Z#DEBUG#2e5dd6e9-5473-11f1-b19a-eeee0a964b2e.OPERATION#flowable-async-job-executor-thread-11312#
[CheckServiceOperationStateStep] Getting service instance "axon-destination"...#
#2026 05 20 17:41:54.598#Z#DEBUG#2e5dd6e9-5473-11f1-b19a-eeee0a964b2e.OPERATION#flowable-async-job-executor-thread-11312#
Step "Check for service operations in Progress" finished#
#2026 05 20 17:41:54.637#Z#DEBUG#2e5dd6e9-5473-11f1-b19a-eeee0a964b2e.OPERATION#flowable-async-job-executor-thread-11312#
[DetermineServiceCreateUpdateServiceActionsStep] Executing task "DetermineServiceCreateUpdateActionsTask" of process "30eee2d4-5473-11f1-90e8-eeee0a8a49fb"...#
#2026 05 20 17:41:54.639#Z#INFO#2e5dd6e9-5473-11f1-b19a-eeee0a964b2e.OPERATION#flowable-async-job-executor-thread-11312#
[DetermineServiceCreateUpdateServiceActionsStep] Processing service "axon-destination"...#
#2026 05 20 17:41:54.645#Z#DEBUG#2e5dd6e9-5473-11f1-b19a-eeee0a964b2e.OPERATION#flowable-async-job-executor-thread-11312#
[DetermineServiceCreateUpdateServiceActionsStep] Getting service instance "axon-destination"...#
#2026 05 20 17:41:54.790#Z#DEBUG#2e5dd6e9-5473-11f1-b19a-eeee0a964b2e.OPERATION#flowable-async-job-executor-thread-11312#
[DetermineServiceCreateUpdateServiceActionsStep] Existing service: {
  "name" : "axon-destination",
  "metadata" : {
    "guid" : "0f329b59-663f-4fa5-90cf-1421104fefd5",
    "createdAt" : [ 2026, 5, 20, 12, 49, 7 ],
    "updatedAt" : [ 2026, 5, 20, 12, 49, 8 ]
  },
  "v3Metadata" : {
    "annotations" : {
      "mta_id" : "axon-odata-api",
      "mta_version" : "1.0.0",
      "mta_resource" : "{\"name\":\"axon-destination\"}"
    },
    "labels" : {
      "mta_id" : "dfb658b64adc78433a3dac251a46c416"
    }
  },
  "label" : "destination",
  "plan" : "lite",
  "credentials" : "********",
  "tags" : [ ],
  "type" : "managed",
  "lastOperation" : {
    "type" : "UPDATE",
    "description" : "",
    "state" : "SUCCEEDED"
  }
}#
#2026 05 20 17:41:54.790#Z#DEBUG#2e5dd6e9-5473-11f1-b19a-eeee0a964b2e.OPERATION#flowable-async-job-executor-thread-11312#
[DetermineServiceCreateUpdateServiceActionsStep] Service parameters will be updated#
#2026 05 20 17:41:54.790#Z#DEBUG#2e5dd6e9-5473-11f1-b19a-eeee0a964b2e.OPERATION#flowable-async-job-executor-thread-11312#
[DetermineServiceCreateUpdateServiceActionsStep] New parameters: {
  "HTML5Runtime_enabled" : true,
  "init_data" : {
    "subaccount" : {
      "destinations" : [ {
        "Authentication" : "********",
        "CEP.HTML5contentprovider" : true,
        "Name" : "axon-workzone-runtime",
        "ProxyType" : "Internet",
        "Type" : "HTTP",
        "URL" : "https://590c8b3dtrial.dt.launchpad.cfapps.us10.hana.ondemand.com"
      } ],
      "existing_destinations_policy" : "update"
    }
  }
}#
#2026 05 20 17:41:54.790#Z#DEBUG#2e5dd6e9-5473-11f1-b19a-eeee0a964b2e.OPERATION#flowable-async-job-executor-thread-11312#
Step "Determine update actions" finished#
#2026 05 20 17:41:54.593#Z#DEBUG#2e5dd6e9-5473-11f1-b19a-eeee0a964b2e.OPERATION#flowable-async-job-executor-thread-12403#
[CheckServiceOperationStateStep] Executing task "CheckServiceOperationStateTask" of process "3103c99e-5473-11f1-a06e-eeee0a9b48e5"...#
#2026 05 20 17:41:54.651#Z#DEBUG#2e5dd6e9-5473-11f1-b19a-eeee0a964b2e.OPERATION#flowable-async-job-executor-thread-12403#
[CheckServiceOperationStateStep] Getting service instance "axon-html5-rt"...#
#2026 05 20 17:41:54.798#Z#DEBUG#2e5dd6e9-5473-11f1-b19a-eeee0a964b2e.OPERATION#flowable-async-job-executor-thread-12403#
Step "Check for service operations in Progress" finished#
#2026 05 20 17:41:54.843#Z#DEBUG#2e5dd6e9-5473-11f1-b19a-eeee0a964b2e.OPERATION#flowable-async-job-executor-thread-11312#
[CheckForServiceBindingOrKeyOperationStep] Executing task "CheckForServiceBindingOrKeyCreation" of process "30eee2d4-5473-11f1-90e8-eeee0a8a49fb"...#
#2026 05 20 17:41:54.845#Z#DEBUG#2e5dd6e9-5473-11f1-b19a-eeee0a964b2e.OPERATION#flowable-async-job-executor-thread-11312#
Step "Check for service binding or key creation" finished#
#2026 05 20 17:41:54.826#Z#DEBUG#2e5dd6e9-5473-11f1-b19a-eeee0a964b2e.OPERATION#flowable-async-job-executor-thread-12403#
[DetermineServiceCreateUpdateServiceActionsStep] Executing task "DetermineServiceCreateUpdateActionsTask" of process "3103c99e-5473-11f1-a06e-eeee0a9b48e5"...#
#2026 05 20 17:41:54.828#Z#INFO#2e5dd6e9-5473-11f1-b19a-eeee0a964b2e.OPERATION#flowable-async-job-executor-thread-12403#
[DetermineServiceCreateUpdateServiceActionsStep] Processing service "axon-html5-rt"...#
#2026 05 20 17:41:54.833#Z#DEBUG#2e5dd6e9-5473-11f1-b19a-eeee0a964b2e.OPERATION#flowable-async-job-executor-thread-12403#
[DetermineServiceCreateUpdateServiceActionsStep] Getting service instance "axon-html5-rt"...#
#2026 05 20 17:41:54.967#Z#DEBUG#2e5dd6e9-5473-11f1-b19a-eeee0a964b2e.OPERATION#flowable-async-job-executor-thread-12403#
[DetermineServiceCreateUpdateServiceActionsStep] Existing service: {
  "name" : "axon-html5-rt",
  "metadata" : {
    "guid" : "eac223a7-1c6e-4de1-915f-514b61ad9d26",
    "createdAt" : [ 2026, 5, 20, 12, 5, 54 ],
    "updatedAt" : [ 2026, 5, 20, 12, 5, 55 ]
  },
  "v3Metadata" : {
    "annotations" : {
      "mta_id" : "axon-odata-api",
      "mta_version" : "1.0.0",
      "mta_resource" : "{\"name\":\"axon-html5-rt\"}"
    },
    "labels" : {
      "mta_id" : "dfb658b64adc78433a3dac251a46c416"
    }
  },
  "label" : "html5-apps-repo",
  "plan" : "app-runtime",
  "credentials" : "********",
  "tags" : [ ],
  "type" : "managed",
  "lastOperation" : {
    "type" : "CREATE",
    "description" : "",
    "state" : "SUCCEEDED"
  }
}#
#2026 05 20 17:41:54.967#Z#WARN#2e5dd6e9-5473-11f1-b19a-eeee0a964b2e.OPERATION#flowable-async-job-executor-thread-12403#
[DetermineServiceCreateUpdateServiceActionsStep] Service parameters for service "axon-html5-rt" will not be updated, as the parameters are not defined or empty.#
#2026 05 20 17:41:54.967#Z#DEBUG#2e5dd6e9-5473-11f1-b19a-eeee0a964b2e.OPERATION#flowable-async-job-executor-thread-12403#
Step "Determine update actions" finished#
#2026 05 20 17:41:54.886#Z#DEBUG#2e5dd6e9-5473-11f1-b19a-eeee0a964b2e.OPERATION#flowable-async-job-executor-thread-11312#
[UpdateServiceParametersStep] Executing task "UpdateServiceParametersTask" of process "30eee2d4-5473-11f1-90e8-eeee0a8a49fb"...#
#2026 05 20 17:41:54.889#Z#INFO#2e5dd6e9-5473-11f1-b19a-eeee0a964b2e.OPERATION#flowable-async-job-executor-thread-11312#
[UpdateServiceParametersStep] Updating service "axon-destination"...#
#2026 05 20 17:41:54.895#Z#DEBUG#2e5dd6e9-5473-11f1-b19a-eeee0a964b2e.OPERATION#flowable-async-job-executor-thread-11312#
[UpdateServiceParametersStep] Updating service parameters for service "axon-destination"...#
#2026 05 20 17:41:54.994#Z#DEBUG#2e5dd6e9-5473-11f1-b19a-eeee0a964b2e.OPERATION#flowable-async-job-executor-thread-11312#
[UpdateServiceParametersStep] Service "axon-destination" updated#
#2026 05 20 17:41:54.994#Z#DEBUG#2e5dd6e9-5473-11f1-b19a-eeee0a964b2e.OPERATION#flowable-async-job-executor-thread-11312#
[UpdateServiceParametersStep] Triggered service operations: {
  "axon-destination" : "UPDATE"
}#
#2026 05 20 17:41:54.996#Z#DEBUG#2e5dd6e9-5473-11f1-b19a-eeee0a964b2e.OPERATION#flowable-async-job-executor-thread-11312#
Step "Update parameters" finished#
#2026 05 20 17:41:55.015#Z#DEBUG#2e5dd6e9-5473-11f1-b19a-eeee0a964b2e.OPERATION#flowable-async-job-executor-thread-12403#
[CheckForServiceBindingOrKeyOperationStep] Executing task "CheckForServiceBindingOrKeyCreation" of process "3103c99e-5473-11f1-a06e-eeee0a9b48e5"...#
#2026 05 20 17:41:55.016#Z#DEBUG#2e5dd6e9-5473-11f1-b19a-eeee0a964b2e.OPERATION#flowable-async-job-executor-thread-12403#
Step "Check for service binding or key creation" finished#
#2026 05 20 17:42:00.769#Z#DEBUG#2e5dd6e9-5473-11f1-b19a-eeee0a964b2e.OPERATION#flowable-async-job-executor-thread-12410#
[UpdateServiceParametersStep] Executing task "UpdateServiceParametersTask" of process "30eee2d4-5473-11f1-90e8-eeee0a8a49fb"...#
#2026 05 20 17:42:00.769#Z#DEBUG#2e5dd6e9-5473-11f1-b19a-eeee0a964b2e.OPERATION#flowable-async-job-executor-thread-12410#
[UpdateServiceParametersStep] Polling service operations...#
#2026 05 20 17:42:00.771#Z#DEBUG#2e5dd6e9-5473-11f1-b19a-eeee0a964b2e.OPERATION#flowable-async-job-executor-thread-12410#
[UpdateServiceParametersStep] Getting service instance "axon-destination"...#
#2026 05 20 17:42:00.903#Z#DEBUG#2e5dd6e9-5473-11f1-b19a-eeee0a964b2e.OPERATION#flowable-async-job-executor-thread-12410#
[UpdateServiceParametersStep] Last operation for service "axon-destination": {
  "type" : "UPDATE",
  "description" : "",
  "state" : "SUCCEEDED"
}#
#2026 05 20 17:42:00.903#Z#DEBUG#2e5dd6e9-5473-11f1-b19a-eeee0a964b2e.OPERATION#flowable-async-job-executor-thread-12410#
[UpdateServiceParametersStep] Service "axon-destination" updated#
#2026 05 20 17:42:00.903#Z#INFO#2e5dd6e9-5473-11f1-b19a-eeee0a964b2e.OPERATION#flowable-async-job-executor-thread-12410#
[UpdateServiceParametersStep] 1 of 1 done#
#2026 05 20 17:42:00.908#Z#DEBUG#2e5dd6e9-5473-11f1-b19a-eeee0a964b2e.OPERATION#flowable-async-job-executor-thread-12410#
[UpdateServiceParametersStep] Remaining services to poll: [ ]#
#2026 05 20 17:42:00.909#Z#DEBUG#2e5dd6e9-5473-11f1-b19a-eeee0a964b2e.OPERATION#flowable-async-job-executor-thread-12410#
Step "Update parameters" finished#
#2026 05 20 17:42:01.167#Z#DEBUG#2e5dd6e9-5473-11f1-b19a-eeee0a964b2e.OPERATION#flowable-async-job-executor-thread-12410#
[PrepareModulesDeploymentStep] Executing task "prepareModulesDeploymentTask" of process "34eb6468-5473-11f1-a06e-eeee0a9b48e5"...#
#2026 05 20 17:42:01.167#Z#DEBUG#2e5dd6e9-5473-11f1-b19a-eeee0a964b2e.OPERATION#flowable-async-job-executor-thread-12410#
[PrepareModulesDeploymentStep] Preparing modules deployment...#
#2026 05 20 17:42:01.172#Z#DEBUG#2e5dd6e9-5473-11f1-b19a-eeee0a964b2e.OPERATION#flowable-async-job-executor-thread-12410#
Step "Prepare Modules Deployment" finished#
#2026 05 20 17:42:01.207#Z#DEBUG#2e5dd6e9-5473-11f1-b19a-eeee0a964b2e.OPERATION#flowable-async-job-executor-thread-12410#
[ComputeNextModulesStep] Executing task "computeNextModulesToDeployInParallel" of process "34eb6468-5473-11f1-a06e-eeee0a9b48e5"...#
#2026 05 20 17:42:01.208#Z#DEBUG#2e5dd6e9-5473-11f1-b19a-eeee0a964b2e.OPERATION#flowable-async-job-executor-thread-12410#
[ComputeNextModulesStep] Computing modules for next parallel iteration...#
#2026 05 20 17:42:01.210#Z#DEBUG#2e5dd6e9-5473-11f1-b19a-eeee0a964b2e.OPERATION#flowable-async-job-executor-thread-12410#
[ComputeNextModulesStep] Completed modules detected: []#
#2026 05 20 17:42:01.210#Z#DEBUG#2e5dd6e9-5473-11f1-b19a-eeee0a964b2e.OPERATION#flowable-async-job-executor-thread-12410#
[ComputeNextModulesStep] All modules for deploy detected: [axon-odata-api, axon-odata-api-app, axon-destinations, axon-warehouse-ops-content]#
#2026 05 20 17:42:01.210#Z#DEBUG#2e5dd6e9-5473-11f1-b19a-eeee0a964b2e.OPERATION#flowable-async-job-executor-thread-12410#
[ComputeNextModulesStep] Modules not for deploy detected: []#
#2026 05 20 17:42:01.211#Z#DEBUG#2e5dd6e9-5473-11f1-b19a-eeee0a964b2e.OPERATION#flowable-async-job-executor-thread-12410#
[ComputeNextModulesStep] Computed modules for next parallel iteration: [ {
  "majorSchemaVersion" : 3,
  "name" : "axon-odata-api",
  "type" : "javascript.nodejs",
  "path" : "axon-odata-api",
  "properties" : { },
  "parameters" : {
    "app-name" : "axon-odata-api",
    "command" : "rm -f axon-odata-api.db db.sqlite && ./node_modules/.bin/cds-deploy --to sqlite && cp -f db.sqlite axon-odata-api.db && npm start",
    "default-app-name" : "axon-odata-api",
    "default-host" : "590c8b3dtrial-590c8b3dtrial-dev-axon-odata-api",
    "default-instances" : 1,
    "default-live-app-name" : "axon-odata-api",
    "default-live-domain" : "cfapps.us10-001.hana.ondemand.com",
    "default-live-host" : "590c8b3dtrial-590c8b3dtrial-dev-axon-odata-api",
    "default-live-uri" : "590c8b3dtrial-590c8b3dtrial-dev-axon-odata-api.cfapps.us10-001.hana.ondemand.com",
    "default-live-url" : "https://590c8b3dtrial-590c8b3dtrial-dev-axon-odata-api.cfapps.us10-001.hana.ondemand.com",
    "default-uri" : "590c8b3dtrial-590c8b3dtrial-dev-axon-odata-api.cfapps.us10-001.hana.ondemand.com",
    "default-url" : "https://590c8b3dtrial-590c8b3dtrial-dev-axon-odata-api.cfapps.us10-001.hana.ondemand.com",
    "dependency-type" : "soft",
    "disk-quota" : "512M",
    "domain" : "cfapps.us10-001.hana.ondemand.com",
    "generated-password" : "********",
    "generated-user" : "********",
    "host" : "590c8b3dtrial-590c8b3dtrial-dev-axon-odata-api",
    "instances" : 1,
    "memory" : "256M",
    "protocol" : "https"
  },
  "requiredDependencies" : [ {
    "majorSchemaVersion" : 3,
    "name" : "********",
    "properties" : { },
    "parameters" : { },
    "propertiesMetadata" : {
      "metadata" : { }
    },
    "parametersMetadata" : {
      "metadata" : { }
    }
  } ],
  "providedDependencies" : [ {
    "majorSchemaVersion" : 3,
    "name" : "srv-api",
    "isPublic" : false,
    "properties" : {
      "srv-url" : "https://590c8b3dtrial-590c8b3dtrial-dev-axon-odata-api.cfapps.us10-001.hana.ondemand.com"
    },
    "parameters" : { },
    "propertiesMetadata" : {
      "metadata" : { }
    },
    "parametersMetadata" : {
      "metadata" : { }
    }
  }, {
    "majorSchemaVersion" : 3,
    "name" : "axon-odata-api",
    "isPublic" : false,
    "properties" : { },
    "parameters" : { },
    "propertiesMetadata" : {
      "metadata" : { }
    },
    "parametersMetadata" : {
      "metadata" : { }
    }
  } ],
  "propertiesMetadata" : {
    "metadata" : { }
  },
  "parametersMetadata" : {
    "metadata" : { }
  },
  "deployedAfter" : [ ],
  "hooks" : [ ]
}, {
  "majorSchemaVersion" : 3,
  "name" : "axon-odata-api-app",
  "type" : "javascript.nodejs",
  "path" : "axon-odata-api-app",
  "properties" : { },
  "parameters" : {
    "app-name" : "axon-odata-api-app",
    "default-app-name" : "axon-odata-api-app",
    "default-host" : "590c8b3dtrial-590c8b3dtrial-dev-axon-odata-api-app",
    "default-instances" : 1,
    "default-live-app-name" : "axon-odata-api-app",
    "default-live-domain" : "cfapps.us10-001.hana.ondemand.com",
    "default-live-host" : "590c8b3dtrial-590c8b3dtrial-dev-axon-odata-api-app",
    "default-live-uri" : "590c8b3dtrial-590c8b3dtrial-dev-axon-odata-api-app.cfapps.us10-001.hana.ondemand.com",
    "default-live-url" : "https://590c8b3dtrial-590c8b3dtrial-dev-axon-odata-api-app.cfapps.us10-001.hana.ondemand.com",
    "default-uri" : "590c8b3dtrial-590c8b3dtrial-dev-axon-odata-api-app.cfapps.us10-001.hana.ondemand.com",
    "default-url" : "https://590c8b3dtrial-590c8b3dtrial-dev-axon-odata-api-app.cfapps.us10-001.hana.ondemand.com",
    "dependency-type" : "soft",
    "disk-quota" : "256M",
    "domain" : "cfapps.us10-001.hana.ondemand.com",
    "generated-password" : "********",
    "generated-user" : "********",
    "host" : "590c8b3dtrial-590c8b3dtrial-dev-axon-odata-api-app",
    "instances" : 1,
    "memory" : "256M",
    "protocol" : "https"
  },
  "requiredDependencies" : [ {
    "majorSchemaVersion" : 3,
    "name" : "srv-api",
    "group" : "destinations",
    "properties" : {
      "forwardAuthToken" : "********",
      "name" : "srv-api",
      "url" : "https://590c8b3dtrial-590c8b3dtrial-dev-axon-odata-api.cfapps.us10-001.hana.ondemand.com"
    },
    "parameters" : { },
    "propertiesMetadata" : {
      "metadata" : { }
    },
    "parametersMetadata" : {
      "metadata" : { }
    }
  }, {
    "majorSchemaVersion" : 3,
    "name" : "********",
    "properties" : { },
    "parameters" : { },
    "propertiesMetadata" : {
      "metadata" : { }
    },
    "parametersMetadata" : {
      "metadata" : { }
    }
  }, {
    "majorSchemaVersion" : 3,
    "name" : "axon-destination",
    "properties" : { },
    "parameters" : { },
    "propertiesMetadata" : {
      "metadata" : { }
    },
    "parametersMetadata" : {
      "metadata" : { }
    }
  }, {
    "majorSchemaVersion" : 3,
    "name" : "axon-html5-rt",
    "properties" : { },
    "parameters" : { },
    "propertiesMetadata" : {
      "metadata" : { }
    },
    "parametersMetadata" : {
      "metadata" : { }
    }
  } ],
  "providedDependencies" : [ {
    "majorSchemaVersion" : 3,
    "name" : "app-api",
    "isPublic" : false,
    "properties" : {
      "app-url" : "https://590c8b3dtrial-590c8b3dtrial-dev-axon-odata-api-app.cfapps.us10-001.hana.ondemand.com"
    },
    "parameters" : { },
    "propertiesMetadata" : {
      "metadata" : { }
    },
    "parametersMetadata" : {
      "metadata" : { }
    }
  }, {
    "majorSchemaVersion" : 3,
    "name" : "axon-odata-api-app",
    "isPublic" : false,
    "properties" : { },
    "parameters" : { },
    "propertiesMetadata" : {
      "metadata" : { }
    },
    "parametersMetadata" : {
      "metadata" : { }
    }
  } ],
  "propertiesMetadata" : {
    "metadata" : { }
  },
  "parametersMetadata" : {
    "metadata" : { }
  },
  "deployedAfter" : [ ],
  "hooks" : [ ]
}, {
  "majorSchemaVersion" : 3,
  "name" : "axon-warehouse-ops-content",
  "type" : "com.sap.application.content",
  "path" : "axon-warehouse-ops-content",
  "properties" : { },
  "parameters" : {
    "app-name" : "axon-warehouse-ops-content",
    "default-app-name" : "axon-warehouse-ops-content",
    "default-host" : "590c8b3dtrial-590c8b3dtrial-dev-axon-warehouse-ops-content",
    "default-instances" : 1,
    "default-live-app-name" : "axon-warehouse-ops-content",
    "default-live-domain" : "cfapps.us10-001.hana.ondemand.com",
    "default-live-host" : "590c8b3dtrial-590c8b3dtrial-dev-axon-warehouse-ops-content",
    "default-live-uri" : "590c8b3dtrial-590c8b3dtrial-dev-axon-warehouse-ops-content.cfapps.us10-001.hana.ondemand.com",
    "default-live-url" : "https://590c8b3dtrial-590c8b3dtrial-dev-axon-warehouse-ops-content.cfapps.us10-001.hana.ondemand.com",
    "default-uri" : "590c8b3dtrial-590c8b3dtrial-dev-axon-warehouse-ops-content.cfapps.us10-001.hana.ondemand.com",
    "default-url" : "https://590c8b3dtrial-590c8b3dtrial-dev-axon-warehouse-ops-content.cfapps.us10-001.hana.ondemand.com",
    "dependency-type" : "soft",
    "domain" : "cfapps.us10-001.hana.ondemand.com",
    "generated-password" : "********",
    "generated-user" : "********",
    "host" : "590c8b3dtrial-590c8b3dtrial-dev-axon-warehouse-ops-content",
    "instances" : 1,
    "protocol" : "https"
  },
  "requiredDependencies" : [ {
    "majorSchemaVersion" : 3,
    "name" : "axon-html5-host",
    "properties" : { },
    "parameters" : {
      "content-target" : true
    },
    "propertiesMetadata" : {
      "metadata" : { }
    },
    "parametersMetadata" : {
      "metadata" : { }
    }
  } ],
  "providedDependencies" : [ {
    "majorSchemaVersion" : 3,
    "name" : "axon-warehouse-ops-content",
    "isPublic" : false,
    "properties" : { },
    "parameters" : { },
    "propertiesMetadata" : {
      "metadata" : { }
    },
    "parametersMetadata" : {
      "metadata" : { }
    }
  } ],
  "propertiesMetadata" : {
    "metadata" : { }
  },
  "parametersMetadata" : {
    "metadata" : { }
  },
  "deployedAfter" : [ ],
  "hooks" : [ ]
}, {
  "majorSchemaVersion" : 3,
  "name" : "axon-destinations",
  "type" : "com.sap.application.content",
  "properties" : { },
  "parameters" : {
    "app-name" : "axon-destinations",
    "content" : {
      "instance" : {
        "destinations" : [ {
          "Name" : "axon-warehouse-ops-html5-repository",
          "ServiceInstanceName" : "axon-html5-host",
          "ServiceKeyName" : "********",
          "sap.cloud.service" : "axon.warehouse.ops"
        }, {
          "Authentication" : "********",
          "Name" : "********",
          "ServiceInstanceName" : "********",
          "ServiceKeyName" : "********",
          "sap.cloud.service" : "axon.warehouse.ops"
        } ],
        "existing_destinations_policy" : "update"
      }
    },
    "default-app-name" : "axon-destinations",
    "default-host" : "590c8b3dtrial-590c8b3dtrial-dev-axon-destinations",
    "default-instances" : 1,
    "default-live-app-name" : "axon-destinations",
    "default-live-domain" : "cfapps.us10-001.hana.ondemand.com",
    "default-live-host" : "590c8b3dtrial-590c8b3dtrial-dev-axon-destinations",
    "default-live-uri" : "590c8b3dtrial-590c8b3dtrial-dev-axon-destinations.cfapps.us10-001.hana.ondemand.com",
    "default-live-url" : "https://590c8b3dtrial-590c8b3dtrial-dev-axon-destinations.cfapps.us10-001.hana.ondemand.com",
    "default-uri" : "590c8b3dtrial-590c8b3dtrial-dev-axon-destinations.cfapps.us10-001.hana.ondemand.com",
    "default-url" : "https://590c8b3dtrial-590c8b3dtrial-dev-axon-destinations.cfapps.us10-001.hana.ondemand.com",
    "dependency-type" : "soft",
    "domain" : "cfapps.us10-001.hana.ondemand.com",
    "generated-password" : "********",
    "generated-user" : "********",
    "host" : "590c8b3dtrial-590c8b3dtrial-dev-axon-destinations",
    "instances" : 1,
    "protocol" : "https"
  },
  "requiredDependencies" : [ {
    "majorSchemaVersion" : 3,
    "name" : "axon-destination",
    "properties" : { },
    "parameters" : {
      "content-target" : true
    },
    "propertiesMetadata" : {
      "metadata" : { }
    },
    "parametersMetadata" : {
      "metadata" : { }
    }
  }, {
    "majorSchemaVersion" : 3,
    "name" : "axon-html5-host",
    "properties" : { },
    "parameters" : {
      "service-key" : "********"
    },
    "propertiesMetadata" : {
      "metadata" : { }
    },
    "parametersMetadata" : {
      "metadata" : { }
    }
  }, {
    "majorSchemaVersion" : 3,
    "name" : "********",
    "properties" : { },
    "parameters" : {
      "service-key" : "********"
    },
    "propertiesMetadata" : {
      "metadata" : { }
    },
    "parametersMetadata" : {
      "metadata" : { }
    }
  }, {
    "majorSchemaVersion" : 3,
    "name" : "srv-api",
    "properties" : { },
    "parameters" : { },
    "propertiesMetadata" : {
      "metadata" : { }
    },
    "parametersMetadata" : {
      "metadata" : { }
    }
  } ],
  "providedDependencies" : [ {
    "majorSchemaVersion" : 3,
    "name" : "axon-destinations",
    "isPublic" : false,
    "properties" : { },
    "parameters" : { },
    "propertiesMetadata" : {
      "metadata" : { }
    },
    "parametersMetadata" : {
      "metadata" : { }
    }
  } ],
  "propertiesMetadata" : {
    "metadata" : { }
  },
  "parametersMetadata" : {
    "metadata" : { }
  },
  "deployedAfter" : [ ],
  "hooks" : [ ]
} ]#
#2026 05 20 17:42:01.211#Z#DEBUG#2e5dd6e9-5473-11f1-b19a-eeee0a964b2e.OPERATION#flowable-async-job-executor-thread-12410#
Step "Compute Next Modules To Deploy" finished#
#2026 05 20 17:42:01.372#Z#DEBUG#2e5dd6e9-5473-11f1-b19a-eeee0a964b2e.OPERATION#flowable-async-job-executor-thread-12406#
[ProcessDescriptorStep] Executing task "reprocessDescriptorTask" of process "35088a3f-5473-11f1-a06e-eeee0a9b48e5"...#
#2026 05 20 17:42:01.373#Z#DEBUG#2e5dd6e9-5473-11f1-b19a-eeee0a964b2e.OPERATION#flowable-async-job-executor-thread-12406#
[ProcessDescriptorStep] Resolving properties and parameters in merged descriptor...#
#2026 05 20 17:42:01.378#Z#DEBUG#2e5dd6e9-5473-11f1-b19a-eeee0a964b2e.OPERATION#flowable-async-job-executor-thread-12406#
[ProcessDescriptorStep] Subscriptions: [ ]#
#2026 05 20 17:42:01.383#Z#DEBUG#2e5dd6e9-5473-11f1-b19a-eeee0a964b2e.OPERATION#flowable-async-job-executor-thread-12406#
[ProcessDescriptorStep] MTA modules: [axon-odata-api, axon-odata-api-app, axon-destinations, axon-warehouse-ops-content]#
#2026 05 20 17:42:01.387#Z#DEBUG#2e5dd6e9-5473-11f1-b19a-eeee0a964b2e.OPERATION#flowable-async-job-executor-thread-12406#
[ProcessDescriptorStep] Resolved deployment descriptor: {
  "majorSchemaVersion" : 3,
  "schemaVersion" : "3.3.0",
  "id" : "axon-odata-api",
  "version" : "1.0.0",
  "modules" : [ {
    "majorSchemaVersion" : 3,
    "name" : "axon-odata-api",
    "type" : "javascript.nodejs",
    "path" : "axon-odata-api",
    "properties" : { },
    "parameters" : {
      "default-url" : "https://590c8b3dtrial-590c8b3dtrial-dev-axon-odata-api.cfapps.us10-001.hana.ondemand.com",
      "default-app-name" : "axon-odata-api",
      "generated-password" : "********",
      "default-live-url" : "https://590c8b3dtrial-590c8b3dtrial-dev-axon-odata-api.cfapps.us10-001.hana.ondemand.com",
      "default-uri" : "590c8b3dtrial-590c8b3dtrial-dev-axon-odata-api.cfapps.us10-001.hana.ondemand.com",
      "memory" : "256M",
      "default-instances" : 1,
      "default-live-host" : "590c8b3dtrial-590c8b3dtrial-dev-axon-odata-api",
      "instances" : 1,
      "default-host" : "590c8b3dtrial-590c8b3dtrial-dev-axon-odata-api",
      "command" : "rm -f axon-odata-api.db db.sqlite && ./node_modules/.bin/cds-deploy --to sqlite && cp -f db.sqlite axon-odata-api.db && npm start",
      "app-name" : "axon-odata-api",
      "default-live-uri" : "590c8b3dtrial-590c8b3dtrial-dev-axon-odata-api.cfapps.us10-001.hana.ondemand.com",
      "protocol" : "https",
      "default-live-app-name" : "axon-odata-api",
      "default-live-domain" : "cfapps.us10-001.hana.ondemand.com",
      "disk-quota" : "512M",
      "domain" : "cfapps.us10-001.hana.ondemand.com",
      "host" : "590c8b3dtrial-590c8b3dtrial-dev-axon-odata-api",
      "generated-user" : "********"
    },
    "requiredDependencies" : [ {
      "majorSchemaVersion" : 3,
      "name" : "********",
      "properties" : { },
      "parameters" : { },
      "propertiesMetadata" : {
        "metadata" : { }
      },
      "parametersMetadata" : {
        "metadata" : { }
      }
    } ],
    "providedDependencies" : [ {
      "majorSchemaVersion" : 3,
      "name" : "srv-api",
      "isPublic" : false,
      "properties" : {
        "srv-url" : "https://590c8b3dtrial-590c8b3dtrial-dev-axon-odata-api.cfapps.us10-001.hana.ondemand.com"
      },
      "parameters" : { },
      "propertiesMetadata" : {
        "metadata" : { }
      },
      "parametersMetadata" : {
        "metadata" : { }
      }
    }, {
      "majorSchemaVersion" : 3,
      "name" : "axon-odata-api",
      "isPublic" : false,
      "properties" : { },
      "parameters" : { },
      "propertiesMetadata" : {
        "metadata" : { }
      },
      "parametersMetadata" : {
        "metadata" : { }
      }
    } ],
    "propertiesMetadata" : {
      "metadata" : { }
    },
    "parametersMetadata" : {
      "metadata" : { }
    },
    "hooks" : [ ]
  }, {
    "majorSchemaVersion" : 3,
    "name" : "axon-odata-api-app",
    "type" : "javascript.nodejs",
    "path" : "axon-odata-api-app",
    "properties" : { },
    "parameters" : {
      "default-url" : "https://590c8b3dtrial-590c8b3dtrial-dev-axon-odata-api-app.cfapps.us10-001.hana.ondemand.com",
      "default-app-name" : "axon-odata-api-app",
      "generated-password" : "********",
      "default-live-url" : "https://590c8b3dtrial-590c8b3dtrial-dev-axon-odata-api-app.cfapps.us10-001.hana.ondemand.com",
      "default-uri" : "590c8b3dtrial-590c8b3dtrial-dev-axon-odata-api-app.cfapps.us10-001.hana.ondemand.com",
      "memory" : "256M",
      "default-instances" : 1,
      "default-live-host" : "590c8b3dtrial-590c8b3dtrial-dev-axon-odata-api-app",
      "instances" : 1,
      "default-host" : "590c8b3dtrial-590c8b3dtrial-dev-axon-odata-api-app",
      "app-name" : "axon-odata-api-app",
      "default-live-uri" : "590c8b3dtrial-590c8b3dtrial-dev-axon-odata-api-app.cfapps.us10-001.hana.ondemand.com",
      "protocol" : "https",
      "default-live-app-name" : "axon-odata-api-app",
      "default-live-domain" : "cfapps.us10-001.hana.ondemand.com",
      "disk-quota" : "256M",
      "domain" : "cfapps.us10-001.hana.ondemand.com",
      "host" : "590c8b3dtrial-590c8b3dtrial-dev-axon-odata-api-app",
      "generated-user" : "********"
    },
    "requiredDependencies" : [ {
      "majorSchemaVersion" : 3,
      "name" : "srv-api",
      "group" : "destinations",
      "properties" : {
        "name" : "srv-api",
        "forwardAuthToken" : "********",
        "url" : "https://590c8b3dtrial-590c8b3dtrial-dev-axon-odata-api.cfapps.us10-001.hana.ondemand.com"
      },
      "parameters" : { },
      "propertiesMetadata" : {
        "metadata" : { }
      },
      "parametersMetadata" : {
        "metadata" : { }
      }
    }, {
      "majorSchemaVersion" : 3,
      "name" : "********",
      "properties" : { },
      "parameters" : { },
      "propertiesMetadata" : {
        "metadata" : { }
      },
      "parametersMetadata" : {
        "metadata" : { }
      }
    }, {
      "majorSchemaVersion" : 3,
      "name" : "axon-destination",
      "properties" : { },
      "parameters" : { },
      "propertiesMetadata" : {
        "metadata" : { }
      },
      "parametersMetadata" : {
        "metadata" : { }
      }
    }, {
      "majorSchemaVersion" : 3,
      "name" : "axon-html5-rt",
      "properties" : { },
      "parameters" : { },
      "propertiesMetadata" : {
        "metadata" : { }
      },
      "parametersMetadata" : {
        "metadata" : { }
      }
    } ],
    "providedDependencies" : [ {
      "majorSchemaVersion" : 3,
      "name" : "app-api",
      "isPublic" : false,
      "properties" : {
        "app-url" : "https://590c8b3dtrial-590c8b3dtrial-dev-axon-odata-api-app.cfapps.us10-001.hana.ondemand.com"
      },
      "parameters" : { },
      "propertiesMetadata" : {
        "metadata" : { }
      },
      "parametersMetadata" : {
        "metadata" : { }
      }
    }, {
      "majorSchemaVersion" : 3,
      "name" : "axon-odata-api-app",
      "isPublic" : false,
      "properties" : { },
      "parameters" : { },
      "propertiesMetadata" : {
        "metadata" : { }
      },
      "parametersMetadata" : {
        "metadata" : { }
      }
    } ],
    "propertiesMetadata" : {
      "metadata" : { }
    },
    "parametersMetadata" : {
      "metadata" : { }
    },
    "hooks" : [ ]
  }, {
    "majorSchemaVersion" : 3,
    "name" : "axon-warehouse-ops-content",
    "type" : "com.sap.application.content",
    "path" : "axon-warehouse-ops-content",
    "properties" : { },
    "parameters" : {
      "default-url" : "https://590c8b3dtrial-590c8b3dtrial-dev-axon-warehouse-ops-content.cfapps.us10-001.hana.ondemand.com",
      "default-app-name" : "axon-warehouse-ops-content",
      "generated-password" : "********",
      "default-live-url" : "https://590c8b3dtrial-590c8b3dtrial-dev-axon-warehouse-ops-content.cfapps.us10-001.hana.ondemand.com",
      "default-uri" : "590c8b3dtrial-590c8b3dtrial-dev-axon-warehouse-ops-content.cfapps.us10-001.hana.ondemand.com",
      "default-instances" : 1,
      "default-live-host" : "590c8b3dtrial-590c8b3dtrial-dev-axon-warehouse-ops-content",
      "instances" : 1,
      "default-host" : "590c8b3dtrial-590c8b3dtrial-dev-axon-warehouse-ops-content",
      "app-name" : "axon-warehouse-ops-content",
      "default-live-uri" : "590c8b3dtrial-590c8b3dtrial-dev-axon-warehouse-ops-content.cfapps.us10-001.hana.ondemand.com",
      "protocol" : "https",
      "default-live-app-name" : "axon-warehouse-ops-content",
      "default-live-domain" : "cfapps.us10-001.hana.ondemand.com",
      "domain" : "cfapps.us10-001.hana.ondemand.com",
      "host" : "590c8b3dtrial-590c8b3dtrial-dev-axon-warehouse-ops-content",
      "generated-user" : "********"
    },
    "requiredDependencies" : [ {
      "majorSchemaVersion" : 3,
      "name" : "axon-html5-host",
      "properties" : { },
      "parameters" : {
        "content-target" : true
      },
      "propertiesMetadata" : {
        "metadata" : { }
      },
      "parametersMetadata" : {
        "metadata" : { }
      }
    } ],
    "providedDependencies" : [ {
      "majorSchemaVersion" : 3,
      "name" : "axon-warehouse-ops-content",
      "isPublic" : false,
      "properties" : { },
      "parameters" : { },
      "propertiesMetadata" : {
        "metadata" : { }
      },
      "parametersMetadata" : {
        "metadata" : { }
      }
    } ],
    "propertiesMetadata" : {
      "metadata" : { }
    },
    "parametersMetadata" : {
      "metadata" : { }
    },
    "hooks" : [ ]
  }, {
    "majorSchemaVersion" : 3,
    "name" : "axon-destinations",
    "type" : "com.sap.application.content",
    "properties" : { },
    "parameters" : {
      "default-url" : "https://590c8b3dtrial-590c8b3dtrial-dev-axon-destinations.cfapps.us10-001.hana.ondemand.com",
      "default-app-name" : "axon-destinations",
      "generated-password" : "********",
      "default-live-url" : "https://590c8b3dtrial-590c8b3dtrial-dev-axon-destinations.cfapps.us10-001.hana.ondemand.com",
      "default-uri" : "590c8b3dtrial-590c8b3dtrial-dev-axon-destinations.cfapps.us10-001.hana.ondemand.com",
      "default-instances" : 1,
      "default-live-host" : "590c8b3dtrial-590c8b3dtrial-dev-axon-destinations",
      "instances" : 1,
      "default-host" : "590c8b3dtrial-590c8b3dtrial-dev-axon-destinations",
      "content" : {
        "instance" : {
          "destinations" : [ {
            "Name" : "axon-warehouse-ops-html5-repository",
            "ServiceInstanceName" : "axon-html5-host",
            "ServiceKeyName" : "********",
            "sap.cloud.service" : "axon.warehouse.ops"
          }, {
            "Authentication" : "********",
            "Name" : "********",
            "ServiceInstanceName" : "********",
            "ServiceKeyName" : "********",
            "sap.cloud.service" : "axon.warehouse.ops"
          } ],
          "existing_destinations_policy" : "update"
        }
      },
      "app-name" : "axon-destinations",
      "default-live-uri" : "590c8b3dtrial-590c8b3dtrial-dev-axon-destinations.cfapps.us10-001.hana.ondemand.com",
      "protocol" : "https",
      "default-live-app-name" : "axon-destinations",
      "default-live-domain" : "cfapps.us10-001.hana.ondemand.com",
      "domain" : "cfapps.us10-001.hana.ondemand.com",
      "host" : "590c8b3dtrial-590c8b3dtrial-dev-axon-destinations",
      "generated-user" : "********"
    },
    "requiredDependencies" : [ {
      "majorSchemaVersion" : 3,
      "name" : "axon-destination",
      "properties" : { },
      "parameters" : {
        "content-target" : true
      },
      "propertiesMetadata" : {
        "metadata" : { }
      },
      "parametersMetadata" : {
        "metadata" : { }
      }
    }, {
      "majorSchemaVersion" : 3,
      "name" : "axon-html5-host",
      "properties" : { },
      "parameters" : {
        "service-key" : "********"
      },
      "propertiesMetadata" : {
        "metadata" : { }
      },
      "parametersMetadata" : {
        "metadata" : { }
      }
    }, {
      "majorSchemaVersion" : 3,
      "name" : "********",
      "properties" : { },
      "parameters" : {
        "service-key" : "********"
      },
      "propertiesMetadata" : {
        "metadata" : { }
      },
      "parametersMetadata" : {
        "metadata" : { }
      }
    }, {
      "majorSchemaVersion" : 3,
      "name" : "srv-api",
      "properties" : { },
      "parameters" : { },
      "propertiesMetadata" : {
        "metadata" : { }
      },
      "parametersMetadata" : {
        "metadata" : { }
      }
    } ],
    "providedDependencies" : [ {
      "majorSchemaVersion" : 3,
      "name" : "axon-destinations",
      "isPublic" : false,
      "properties" : { },
      "parameters" : { },
      "propertiesMetadata" : {
        "metadata" : { }
      },
      "parametersMetadata" : {
        "metadata" : { }
      }
    } ],
    "propertiesMetadata" : {
      "metadata" : { }
    },
    "parametersMetadata" : {
      "metadata" : { }
    },
    "hooks" : [ ]
  } ],
  "resources" : [ {
    "majorSchemaVersion" : 3,
    "name" : "********",
    "type" : "org.cloudfoundry.existing-service",
    "properties" : { },
    "parameters" : {
      "generated-password" : "********",
      "service-name" : "********",
      "generated-user" : "********",
      "default-xsappname" : "********",
      "type" : "existing-service",
      "default-service-name" : "********",
      "default-container-name" : "********"
    },
    "isActive" : true,
    "isOptional" : false,
    "propertiesMetadata" : {
      "metadata" : { }
    },
    "parametersMetadata" : {
      "metadata" : { }
    },
    "requiredDependencies" : [ ],
    "processedAfter" : [ ]
  }, {
    "majorSchemaVersion" : 3,
    "name" : "axon-destination",
    "type" : "org.cloudfoundry.managed-service",
    "properties" : { },
    "parameters" : {
      "generated-password" : "********",
      "service-name" : "axon-destination",
      "service-plan" : "lite",
      "service" : "destination",
      "generated-user" : "********",
      "default-xsappname" : "axon-destination",
      "type" : "managed-service",
      "config" : {
        "HTML5Runtime_enabled" : true,
        "init_data" : {
          "subaccount" : {
            "destinations" : [ {
              "Authentication" : "********",
              "CEP.HTML5contentprovider" : true,
              "Name" : "axon-workzone-runtime",
              "ProxyType" : "Internet",
              "Type" : "HTTP",
              "URL" : "https://590c8b3dtrial.dt.launchpad.cfapps.us10.hana.ondemand.com"
            } ],
            "existing_destinations_policy" : "update"
          }
        }
      },
      "default-service-name" : "axon-destination",
      "default-container-name" : "590C8B3DTRIAL_590C8B3DTRIAL_DEV_AXON_DESTINATION"
    },
    "isActive" : true,
    "isOptional" : false,
    "propertiesMetadata" : {
      "metadata" : { }
    },
    "parametersMetadata" : {
      "metadata" : { }
    },
    "requiredDependencies" : [ ],
    "processedAfter" : [ ]
  }, {
    "majorSchemaVersion" : 3,
    "name" : "axon-html5-host",
    "type" : "org.cloudfoundry.managed-service",
    "properties" : { },
    "parameters" : {
      "generated-password" : "********",
      "service-name" : "axon-html5-host",
      "service-plan" : "app-host",
      "service" : "html5-apps-repo",
      "generated-user" : "********",
      "default-xsappname" : "axon-html5-host",
      "type" : "managed-service",
      "default-service-name" : "axon-html5-host",
      "default-container-name" : "590C8B3DTRIAL_590C8B3DTRIAL_DEV_AXON_HTML5_HOST"
    },
    "isActive" : true,
    "isOptional" : false,
    "propertiesMetadata" : {
      "metadata" : { }
    },
    "parametersMetadata" : {
      "metadata" : { }
    },
    "requiredDependencies" : [ ],
    "processedAfter" : [ ]
  }, {
    "majorSchemaVersion" : 3,
    "name" : "axon-html5-rt",
    "type" : "org.cloudfoundry.managed-service",
    "properties" : { },
    "parameters" : {
      "generated-password" : "********",
      "service-name" : "axon-html5-rt",
      "service-plan" : "app-runtime",
      "service" : "html5-apps-repo",
      "generated-user" : "********",
      "default-xsappname" : "axon-html5-rt",
      "type" : "managed-service",
      "default-service-name" : "axon-html5-rt",
      "default-container-name" : "590C8B3DTRIAL_590C8B3DTRIAL_DEV_AXON_HTML5_RT"
    },
    "isActive" : true,
    "isOptional" : false,
    "propertiesMetadata" : {
      "metadata" : { }
    },
    "parametersMetadata" : {
      "metadata" : { }
    },
    "requiredDependencies" : [ ],
    "processedAfter" : [ ]
  } ],
  "parameters" : {
    "mta-id" : "axon-odata-api",
    "authorization-url" : "********",
    "org-guid" : "88230758-1103-4d78-aabf-593fe928b154",
    "org" : "590c8b3dtrial_590c8b3dtrial",
    "deploy-target" : "590c8b3dtrial_590c8b3dtrial dev",
    "enable-parallel-deployments" : true,
    "region-primary-domain" : "us10.hana.ondemand.com",
    "space" : "dev",
    "region-domain" : "us10-001.hana.ondemand.com",
    "xs-api-url" : "https://api.cf.us10-001.hana.ondemand.com",
    "deploy-url" : "deploy-service.cfapps.us10-001.hana.ondemand.com",
    "xs-type" : "CF",
    "default-domain" : "cfapps.us10-001.hana.ondemand.com",
    "mta-version" : "1.0.0",
    "xs-auth-url" : "********",
    "space-guid" : "46c5c819-922f-41a0-b344-dcdeaecd2987",
    "user" : "********",
    "controller-url" : "https://api.cf.us10-001.hana.ondemand.com",
    "timestamp" : "20260520174150"
  },
  "parametersMetadata" : {
    "metadata" : { }
  }
}#
#2026 05 20 17:42:01.387#Z#DEBUG#2e5dd6e9-5473-11f1-b19a-eeee0a964b2e.OPERATION#flowable-async-job-executor-thread-12406#
[ProcessDescriptorStep] Merged descriptor properties and parameters resolved#
#2026 05 20 17:42:01.387#Z#DEBUG#2e5dd6e9-5473-11f1-b19a-eeee0a964b2e.OPERATION#flowable-async-job-executor-thread-12406#
Step "Re-Process Descriptor Step" finished#
#2026 05 20 17:42:01.414#Z#DEBUG#2e5dd6e9-5473-11f1-b19a-eeee0a964b2e.OPERATION#flowable-async-job-executor-thread-12406#
[BuildApplicationDeployModelStep] Executing task "buildApplicationDeployModelTask" of process "35088a3f-5473-11f1-a06e-eeee0a9b48e5"...#
#2026 05 20 17:42:01.416#Z#DEBUG#2e5dd6e9-5473-11f1-b19a-eeee0a964b2e.OPERATION#flowable-async-job-executor-thread-12406#
[BuildApplicationDeployModelStep] Building cloud deployment model for application "axon-odata-api-app"...#
#2026 05 20 17:42:01.421#Z#DEBUG#2e5dd6e9-5473-11f1-b19a-eeee0a964b2e.OPERATION#flowable-async-job-executor-thread-12406#
[BuildApplicationDeployModelStep] No health-check-type is specified. Setting default type: port#
#2026 05 20 17:42:01.422#Z#INFO#2e5dd6e9-5473-11f1-b19a-eeee0a964b2e.OPERATION#flowable-async-job-executor-thread-12406#
[BuildApplicationDeployModelStep] Building configuration entries for org 590c8b3dtrial_590c8b3dtrial, space dev, spaceId 46c5c819-922f-41a0-b344-dcdeaecd2987 and namespace null!#
#2026 05 20 17:42:01.423#Z#DEBUG#2e5dd6e9-5473-11f1-b19a-eeee0a964b2e.OPERATION#flowable-async-job-executor-thread-12406#
[BuildApplicationDeployModelStep] Configuration entries to publish: [ ]#
#2026 05 20 17:42:01.423#Z#DEBUG#2e5dd6e9-5473-11f1-b19a-eeee0a964b2e.OPERATION#flowable-async-job-executor-thread-12406#
[BuildApplicationDeployModelStep] Cloud deployment model for application built#
#2026 05 20 17:42:01.423#Z#DEBUG#2e5dd6e9-5473-11f1-b19a-eeee0a964b2e.OPERATION#flowable-async-job-executor-thread-12406#
Step "Build Application Deploy Model" finished#
#2026 05 20 17:42:01.458#Z#DEBUG#2e5dd6e9-5473-11f1-b19a-eeee0a964b2e.OPERATION#flowable-async-job-executor-thread-12406#
[CreateOrUpdateAppStep] Executing task "createAppTask" of process "35088a3f-5473-11f1-a06e-eeee0a9b48e5"...#
#2026 05 20 17:42:01.459#Z#DEBUG#2e5dd6e9-5473-11f1-b19a-eeee0a964b2e.OPERATION#flowable-async-job-executor-thread-12406#
[CreateOrUpdateAppStep] Getting application "axon-odata-api-app"...#
#2026 05 20 17:42:01.517#Z#INFO#2e5dd6e9-5473-11f1-b19a-eeee0a964b2e.OPERATION#flowable-async-job-executor-thread-12406#
[CreateOrUpdateAppStep] Updating application "axon-odata-api-app"...#
#2026 05 20 17:42:01.523#Z#DEBUG#2e5dd6e9-5473-11f1-b19a-eeee0a964b2e.OPERATION#flowable-async-job-executor-thread-12406#
[CreateOrUpdateAppStep] Getting process for application "fbe7a60c-9d59-4646-9863-1fb8863709b6"...#
#2026 05 20 17:42:01.568#Z#DEBUG#2e5dd6e9-5473-11f1-b19a-eeee0a964b2e.OPERATION#flowable-async-job-executor-thread-12406#
[CreateOrUpdateAppStep] Getting routes for application "fbe7a60c-9d59-4646-9863-1fb8863709b6"...#
#2026 05 20 17:42:01.615#Z#DEBUG#2e5dd6e9-5473-11f1-b19a-eeee0a964b2e.OPERATION#flowable-async-job-executor-thread-12406#
[CreateOrUpdateAppStep] Getting features for application "fbe7a60c-9d59-4646-9863-1fb8863709b6"#
#2026 05 20 17:42:01.639#Z#DEBUG#2e5dd6e9-5473-11f1-b19a-eeee0a964b2e.OPERATION#flowable-async-job-executor-thread-12406#
[CreateOrUpdateAppStep] Updating staging of application "axon-odata-api-app" to: {
  "buildpacks" : [ ],
  "healthCheckType" : "port",
  "appFeatures" : { }
}#
#2026 05 20 17:42:01.868#Z#DEBUG#2e5dd6e9-5473-11f1-b19a-eeee0a964b2e.OPERATION#flowable-async-job-executor-thread-12406#
[CreateOrUpdateAppStep] Application "axon-odata-api-app" updated#
#2026 05 20 17:42:01.868#Z#DEBUG#2e5dd6e9-5473-11f1-b19a-eeee0a964b2e.OPERATION#flowable-async-job-executor-thread-12406#
[CreateOrUpdateAppStep] Getting environment of application "fbe7a60c-9d59-4646-9863-1fb8863709b6"...#
#2026 05 20 17:42:01.936#Z#DEBUG#2e5dd6e9-5473-11f1-b19a-eeee0a964b2e.OPERATION#flowable-async-job-executor-thread-12406#
[CreateOrUpdateAppStep] Application "axon-odata-api-app" updated#
#2026 05 20 17:42:01.936#Z#DEBUG#2e5dd6e9-5473-11f1-b19a-eeee0a964b2e.OPERATION#flowable-async-job-executor-thread-12406#
Step "Create App" finished#
#2026 05 20 17:42:02.032#Z#DEBUG#2e5dd6e9-5473-11f1-b19a-eeee0a964b2e.OPERATION#flowable-async-job-executor-thread-12413#
[CheckServiceBindingOperationStep] Executing task "checkForServiceBindingOperationInProgress" of process "3572e457-5473-11f1-a06e-eeee0a9b48e5"...#
#2026 05 20 17:42:02.032#Z#DEBUG#2e5dd6e9-5473-11f1-b19a-eeee0a964b2e.OPERATION#flowable-async-job-executor-thread-12413#
[CheckServiceBindingOperationStep] Checking for service binding operation in progress between app "axon-odata-api-app" and service instance "axon-destination"#
#2026 05 20 17:42:02.033#Z#DEBUG#2e5dd6e9-5473-11f1-b19a-eeee0a964b2e.OPERATION#flowable-async-job-executor-thread-12413#
[CheckServiceBindingOperationStep] Getting application guid "axon-odata-api-app"...#
#2026 05 20 17:42:02.073#Z#DEBUG#2e5dd6e9-5473-11f1-b19a-eeee0a964b2e.OPERATION#flowable-async-job-executor-thread-12413#
[CheckServiceBindingOperationStep] Getting GUID of required service instance "axon-destination"...#
#2026 05 20 17:42:02.106#Z#DEBUG#2e5dd6e9-5473-11f1-b19a-eeee0a964b2e.OPERATION#flowable-async-job-executor-thread-12413#
[CheckServiceBindingOperationStep] Getting binding of service instance "0f329b59-663f-4fa5-90cf-1421104fefd5" with application "fbe7a60c-9d59-4646-9863-1fb8863709b6"...#
#2026 05 20 17:42:02.152#Z#DEBUG#2e5dd6e9-5473-11f1-b19a-eeee0a964b2e.OPERATION#flowable-async-job-executor-thread-12413#
[CheckServiceBindingOperationStep] Service binding operation "082627d2-d8cf-4bbd-a59e-8d2d7aca912c" with type "create" is in state "succeeded"#
#2026 05 20 17:42:02.153#Z#DEBUG#2e5dd6e9-5473-11f1-b19a-eeee0a964b2e.OPERATION#flowable-async-job-executor-thread-12413#
Step "Check For Service Binding Operation In Progress" finished#
#2026 05 20 17:42:02.178#Z#DEBUG#2e5dd6e9-5473-11f1-b19a-eeee0a964b2e.OPERATION#flowable-async-job-executor-thread-12413#
[DetermineApplicationServiceBindingActionsStep] Executing task "determineApplicationServiceBindingActionsTask" of process "3572e457-5473-11f1-a06e-eeee0a9b48e5"...#
#2026 05 20 17:42:02.182#Z#DEBUG#2e5dd6e9-5473-11f1-b19a-eeee0a964b2e.OPERATION#flowable-async-job-executor-thread-12413#
[DetermineApplicationServiceBindingActionsStep] Determine bind/unbind operations of application "axon-odata-api-app" to service instance "axon-destination"#
#2026 05 20 17:42:02.183#Z#DEBUG#2e5dd6e9-5473-11f1-b19a-eeee0a964b2e.OPERATION#flowable-async-job-executor-thread-12413#
[DetermineApplicationServiceBindingActionsStep] Getting application "axon-odata-api-app"...#
#2026 05 20 17:42:02.229#Z#DEBUG#2e5dd6e9-5473-11f1-b19a-eeee0a964b2e.OPERATION#flowable-async-job-executor-thread-12413#
[DetermineApplicationServiceBindingActionsStep] Binding parameters for application "axon-odata-api-app": { }#
#2026 05 20 17:42:02.266#Z#DEBUG#2e5dd6e9-5473-11f1-b19a-eeee0a964b2e.OPERATION#flowable-async-job-executor-thread-12413#
[DetermineApplicationServiceBindingActionsStep] Check should rebind application "axon-odata-api-app" and service instance "axon-destination"#
#2026 05 20 17:42:02.266#Z#DEBUG#2e5dd6e9-5473-11f1-b19a-eeee0a964b2e.OPERATION#flowable-async-job-executor-thread-12413#
[DetermineApplicationServiceBindingActionsStep] Getting GUID of required service instance "axon-destination"...#
#2026 05 20 17:42:02.311#Z#DEBUG#2e5dd6e9-5473-11f1-b19a-eeee0a964b2e.OPERATION#flowable-async-job-executor-thread-12413#
[DetermineApplicationServiceBindingActionsStep] Getting binding of service instance "0f329b59-663f-4fa5-90cf-1421104fefd5" with application "fbe7a60c-9d59-4646-9863-1fb8863709b6"...#
#2026 05 20 17:42:02.344#Z#DEBUG#2e5dd6e9-5473-11f1-b19a-eeee0a964b2e.OPERATION#flowable-async-job-executor-thread-12413#
[DetermineApplicationServiceBindingActionsStep] Getting parameters of service binding "082627d2-d8cf-4bbd-a59e-8d2d7aca912c"...#
#2026 05 20 17:42:02.370#Z#WARN#2e5dd6e9-5473-11f1-b19a-eeee0a964b2e.OPERATION#flowable-async-job-executor-thread-12413#
[DetermineApplicationServiceBindingActionsStep] Cannot retrieve parameters of binding between application "axon-odata-api-app" and service instance "axon-destination"#
#2026 05 20 17:42:02.371#Z#DEBUG#2e5dd6e9-5473-11f1-b19a-eeee0a964b2e.OPERATION#flowable-async-job-executor-thread-12413#
[DetermineApplicationServiceBindingActionsStep] Calculated binding operations between application "axon-odata-api-app" and service instance "axon-destination": unbind - true bind - true#
#2026 05 20 17:42:02.371#Z#DEBUG#2e5dd6e9-5473-11f1-b19a-eeee0a964b2e.OPERATION#flowable-async-job-executor-thread-12413#
Step "Determine Application Service Binding Actions" finished#
#2026 05 20 17:42:02.403#Z#DEBUG#2e5dd6e9-5473-11f1-b19a-eeee0a964b2e.OPERATION#flowable-async-job-executor-thread-12413#
[UnbindServiceFromApplicationStep] Executing task "unbindServiceFromApplicationTask" of process "3572e457-5473-11f1-a06e-eeee0a9b48e5"...#
#2026 05 20 17:42:02.405#Z#INFO#2e5dd6e9-5473-11f1-b19a-eeee0a964b2e.OPERATION#flowable-async-job-executor-thread-12413#
[UnbindServiceFromApplicationStep] Unbinding service instance "axon-destination" from application "axon-odata-api-app"...#
#2026 05 20 17:42:02.409#Z#DEBUG#2e5dd6e9-5473-11f1-b19a-eeee0a964b2e.OPERATION#flowable-async-job-executor-thread-12413#
[UnbindServiceFromApplicationStep] Unbinding application "axon-odata-api-app" from service instance "axon-destination"...#
#2026 05 20 17:42:02.562#Z#DEBUG#2e5dd6e9-5473-11f1-b19a-eeee0a964b2e.OPERATION#flowable-async-job-executor-thread-12413#
Step "Unbind Service from Application" finished#
#2026 05 20 17:42:03.560#Z#DEBUG#2e5dd6e9-5473-11f1-b19a-eeee0a964b2e.OPERATION#flowable-async-job-executor-thread-11322#
[CheckServiceBindingOperationStep] Executing task "checkForServiceBindingOperationInProgress" of process "365777d0-5473-11f1-90e8-eeee0a8a49fb"...#
#2026 05 20 17:42:03.560#Z#DEBUG#2e5dd6e9-5473-11f1-b19a-eeee0a964b2e.OPERATION#flowable-async-job-executor-thread-11322#
[CheckServiceBindingOperationStep] Checking for service binding operation in progress between app "axon-odata-api-app" and service instance "axon-auth"#
#2026 05 20 17:42:03.565#Z#DEBUG#2e5dd6e9-5473-11f1-b19a-eeee0a964b2e.OPERATION#flowable-async-job-executor-thread-11322#
[CheckServiceBindingOperationStep] Getting application guid "axon-odata-api-app"...#
#2026 05 20 17:42:03.615#Z#DEBUG#2e5dd6e9-5473-11f1-b19a-eeee0a964b2e.OPERATION#flowable-async-job-executor-thread-11322#
[CheckServiceBindingOperationStep] Getting GUID of required service instance "axon-auth"...#
#2026 05 20 17:42:03.658#Z#DEBUG#2e5dd6e9-5473-11f1-b19a-eeee0a964b2e.OPERATION#flowable-async-job-executor-thread-11322#
[CheckServiceBindingOperationStep] Getting binding of service instance "8c186454-feb8-4bf5-ab0b-10944e18134a" with application "fbe7a60c-9d59-4646-9863-1fb8863709b6"...#
#2026 05 20 17:42:03.701#Z#DEBUG#2e5dd6e9-5473-11f1-b19a-eeee0a964b2e.OPERATION#flowable-async-job-executor-thread-11322#
[CheckServiceBindingOperationStep] Service binding operation "48f04e82-02dc-449a-b646-dffc50445e85" with type "create" is in state "succeeded"#
#2026 05 20 17:42:03.701#Z#DEBUG#2e5dd6e9-5473-11f1-b19a-eeee0a964b2e.OPERATION#flowable-async-job-executor-thread-11322#
Step "Check For Service Binding Operation In Progress" finished#
#2026 05 20 17:42:03.724#Z#DEBUG#2e5dd6e9-5473-11f1-b19a-eeee0a964b2e.OPERATION#flowable-async-job-executor-thread-11320#
[CheckServiceBindingOperationStep] Executing task "checkForServiceBindingOperationInProgress" of process "3668b5a9-5473-11f1-90e8-eeee0a8a49fb"...#
#2026 05 20 17:42:03.725#Z#DEBUG#2e5dd6e9-5473-11f1-b19a-eeee0a964b2e.OPERATION#flowable-async-job-executor-thread-11320#
[CheckServiceBindingOperationStep] Checking for service binding operation in progress between app "axon-odata-api-app" and service instance "axon-html5-rt"#
#2026 05 20 17:42:03.726#Z#DEBUG#2e5dd6e9-5473-11f1-b19a-eeee0a964b2e.OPERATION#flowable-async-job-executor-thread-11320#
[CheckServiceBindingOperationStep] Getting application guid "axon-odata-api-app"...#
#2026 05 20 17:42:03.779#Z#DEBUG#2e5dd6e9-5473-11f1-b19a-eeee0a964b2e.OPERATION#flowable-async-job-executor-thread-11320#
[CheckServiceBindingOperationStep] Getting GUID of required service instance "axon-html5-rt"...#
#2026 05 20 17:42:03.812#Z#DEBUG#2e5dd6e9-5473-11f1-b19a-eeee0a964b2e.OPERATION#flowable-async-job-executor-thread-11320#
[CheckServiceBindingOperationStep] Getting binding of service instance "eac223a7-1c6e-4de1-915f-514b61ad9d26" with application "fbe7a60c-9d59-4646-9863-1fb8863709b6"...#
#2026 05 20 17:42:03.859#Z#DEBUG#2e5dd6e9-5473-11f1-b19a-eeee0a964b2e.OPERATION#flowable-async-job-executor-thread-11320#
[CheckServiceBindingOperationStep] Service binding operation "0f2d4a69-fbb8-465d-91bf-2026845e90f6" with type "create" is in state "succeeded"#
#2026 05 20 17:42:03.859#Z#DEBUG#2e5dd6e9-5473-11f1-b19a-eeee0a964b2e.OPERATION#flowable-async-job-executor-thread-11320#
Step "Check For Service Binding Operation In Progress" finished#
#2026 05 20 17:42:03.791#Z#DEBUG#2e5dd6e9-5473-11f1-b19a-eeee0a964b2e.OPERATION#flowable-async-job-executor-thread-11322#
[DetermineApplicationServiceBindingActionsStep] Executing task "determineApplicationServiceBindingActionsTask" of process "365777d0-5473-11f1-90e8-eeee0a8a49fb"...#
#2026 05 20 17:42:03.796#Z#DEBUG#2e5dd6e9-5473-11f1-b19a-eeee0a964b2e.OPERATION#flowable-async-job-executor-thread-11322#
[DetermineApplicationServiceBindingActionsStep] Determine bind/unbind operations of application "axon-odata-api-app" to service instance "axon-auth"#
#2026 05 20 17:42:03.796#Z#DEBUG#2e5dd6e9-5473-11f1-b19a-eeee0a964b2e.OPERATION#flowable-async-job-executor-thread-11322#
[DetermineApplicationServiceBindingActionsStep] Getting application "axon-odata-api-app"...#
#2026 05 20 17:42:03.854#Z#DEBUG#2e5dd6e9-5473-11f1-b19a-eeee0a964b2e.OPERATION#flowable-async-job-executor-thread-11322#
[DetermineApplicationServiceBindingActionsStep] Binding parameters for application "axon-odata-api-app": { }#
#2026 05 20 17:42:03.886#Z#DEBUG#2e5dd6e9-5473-11f1-b19a-eeee0a964b2e.OPERATION#flowable-async-job-executor-thread-11322#
[DetermineApplicationServiceBindingActionsStep] Check should rebind application "axon-odata-api-app" and service instance "axon-auth"#
#2026 05 20 17:42:03.886#Z#DEBUG#2e5dd6e9-5473-11f1-b19a-eeee0a964b2e.OPERATION#flowable-async-job-executor-thread-11322#
[DetermineApplicationServiceBindingActionsStep] Getting GUID of required service instance "axon-auth"...#
#2026 05 20 17:42:03.921#Z#DEBUG#2e5dd6e9-5473-11f1-b19a-eeee0a964b2e.OPERATION#flowable-async-job-executor-thread-11322#
[DetermineApplicationServiceBindingActionsStep] Getting binding of service instance "8c186454-feb8-4bf5-ab0b-10944e18134a" with application "fbe7a60c-9d59-4646-9863-1fb8863709b6"...#
#2026 05 20 17:42:03.940#Z#DEBUG#2e5dd6e9-5473-11f1-b19a-eeee0a964b2e.OPERATION#flowable-async-job-executor-thread-11320#
[DetermineApplicationServiceBindingActionsStep] Executing task "determineApplicationServiceBindingActionsTask" of process "3668b5a9-5473-11f1-90e8-eeee0a8a49fb"...#
#2026 05 20 17:42:03.944#Z#DEBUG#2e5dd6e9-5473-11f1-b19a-eeee0a964b2e.OPERATION#flowable-async-job-executor-thread-11320#
[DetermineApplicationServiceBindingActionsStep] Determine bind/unbind operations of application "axon-odata-api-app" to service instance "axon-html5-rt"#
#2026 05 20 17:42:03.944#Z#DEBUG#2e5dd6e9-5473-11f1-b19a-eeee0a964b2e.OPERATION#flowable-async-job-executor-thread-11320#
[DetermineApplicationServiceBindingActionsStep] Getting application "axon-odata-api-app"...#
#2026 05 20 17:42:03.958#Z#DEBUG#2e5dd6e9-5473-11f1-b19a-eeee0a964b2e.OPERATION#flowable-async-job-executor-thread-11322#
[DetermineApplicationServiceBindingActionsStep] Getting parameters of service binding "48f04e82-02dc-449a-b646-dffc50445e85"...#
#2026 05 20 17:42:03.995#Z#WARN#2e5dd6e9-5473-11f1-b19a-eeee0a964b2e.OPERATION#flowable-async-job-executor-thread-11322#
[DetermineApplicationServiceBindingActionsStep] Cannot retrieve parameters of binding between application "axon-odata-api-app" and service instance "axon-auth"#
#2026 05 20 17:42:03.998#Z#DEBUG#2e5dd6e9-5473-11f1-b19a-eeee0a964b2e.OPERATION#flowable-async-job-executor-thread-11322#
[DetermineApplicationServiceBindingActionsStep] Calculated binding operations between application "axon-odata-api-app" and service instance "axon-auth": unbind - true bind - true#
#2026 05 20 17:42:03.998#Z#DEBUG#2e5dd6e9-5473-11f1-b19a-eeee0a964b2e.OPERATION#flowable-async-job-executor-thread-11322#
Step "Determine Application Service Binding Actions" finished#
#2026 05 20 17:42:03.724#Z#DEBUG#2e5dd6e9-5473-11f1-b19a-eeee0a964b2e.OPERATION#flowable-async-job-executor-thread-11315#
[BuildContentDeploymentConfigurationStep] Executing task "buildContentDeploymentConfigurationTask" of process "36607920-5473-11f1-90e8-eeee0a8a49fb"...#
#2026 05 20 17:42:03.736#Z#DEBUG#2e5dd6e9-5473-11f1-b19a-eeee0a964b2e.OPERATION#flowable-async-job-executor-thread-11315#
[BuildContentDeploymentConfigurationStep] Getting service key "axon-warehouse-ops-content-axon-html5-host-credentials" for service instance "axon-html5-host"...#
#2026 05 20 17:42:04.015#Z#INFO#2e5dd6e9-5473-11f1-b19a-eeee0a964b2e.OPERATION#flowable-async-job-executor-thread-11315#
[BuildContentDeploymentConfigurationStep] Service key "axon-warehouse-ops-content-axon-html5-host-credentials" for service "axon-html5-host" already exists#
#2026 05 20 17:42:04.034#Z#DEBUG#2e5dd6e9-5473-11f1-b19a-eeee0a964b2e.OPERATION#flowable-async-job-executor-thread-11315#
Step "Build Content Deployment Configuration" finished#
#2026 05 20 17:42:04.001#Z#DEBUG#2e5dd6e9-5473-11f1-b19a-eeee0a964b2e.OPERATION#flowable-async-job-executor-thread-11320#
[DetermineApplicationServiceBindingActionsStep] Binding parameters for application "axon-odata-api-app": { }#
#2026 05 20 17:42:04.034#Z#DEBUG#2e5dd6e9-5473-11f1-b19a-eeee0a964b2e.OPERATION#flowable-async-job-executor-thread-11320#
[DetermineApplicationServiceBindingActionsStep] Check should rebind application "axon-odata-api-app" and service instance "axon-html5-rt"#
#2026 05 20 17:42:04.034#Z#DEBUG#2e5dd6e9-5473-11f1-b19a-eeee0a964b2e.OPERATION#flowable-async-job-executor-thread-11320#
[DetermineApplicationServiceBindingActionsStep] Getting GUID of required service instance "axon-html5-rt"...#
#2026 05 20 17:42:04.080#Z#DEBUG#2e5dd6e9-5473-11f1-b19a-eeee0a964b2e.OPERATION#flowable-async-job-executor-thread-11320#
[DetermineApplicationServiceBindingActionsStep] Getting binding of service instance "eac223a7-1c6e-4de1-915f-514b61ad9d26" with application "fbe7a60c-9d59-4646-9863-1fb8863709b6"...#
#2026 05 20 17:42:04.125#Z#DEBUG#2e5dd6e9-5473-11f1-b19a-eeee0a964b2e.OPERATION#flowable-async-job-executor-thread-11320#
[DetermineApplicationServiceBindingActionsStep] Getting parameters of service binding "0f2d4a69-fbb8-465d-91bf-2026845e90f6"...#
#2026 05 20 17:42:04.172#Z#WARN#2e5dd6e9-5473-11f1-b19a-eeee0a964b2e.OPERATION#flowable-async-job-executor-thread-11320#
[DetermineApplicationServiceBindingActionsStep] Cannot retrieve parameters of binding between application "axon-odata-api-app" and service instance "axon-html5-rt"#
#2026 05 20 17:42:04.175#Z#DEBUG#2e5dd6e9-5473-11f1-b19a-eeee0a964b2e.OPERATION#flowable-async-job-executor-thread-11320#
[DetermineApplicationServiceBindingActionsStep] Calculated binding operations between application "axon-odata-api-app" and service instance "axon-html5-rt": unbind - true bind - true#
#2026 05 20 17:42:04.175#Z#DEBUG#2e5dd6e9-5473-11f1-b19a-eeee0a964b2e.OPERATION#flowable-async-job-executor-thread-11320#
Step "Determine Application Service Binding Actions" finished#
#2026 05 20 17:42:04.056#Z#DEBUG#2e5dd6e9-5473-11f1-b19a-eeee0a964b2e.OPERATION#flowable-async-job-executor-thread-11315#
[CreateContentDeployClientConfigurationStep] Executing task "createContentDeployClientConfigurationTask" of process "36ad6007-5473-11f1-90e8-eeee0a8a49fb"...#
#2026 05 20 17:42:04.056#Z#DEBUG#2e5dd6e9-5473-11f1-b19a-eeee0a964b2e.OPERATION#flowable-async-job-executor-thread-11315#
[CreateContentDeployClientConfigurationStep] Content deployer client configuration: {
  "contentDeployerUrl" : "https://html5-apps-repo-dt.cfapps.us10.hana.ondemand.com",
  "uaaClientConfiguration" : {
    "url" : "********",
    "credentials" : "********",
    "authenticationStrategyType" : "********"
  },
  "httpRequestHeaders" : {
    "X-CorrelationID" : "2e5dd6e9-5473-11f1-b19a-eeee0a964b2e"
  },
  "spaceId" : "46c5c819-922f-41a0-b344-dcdeaecd2987",
  "serviceName" : "axon-html5-host"
}#
#2026 05 20 17:42:04.259#Z#DEBUG#2e5dd6e9-5473-11f1-b19a-eeee0a964b2e.OPERATION#flowable-async-job-executor-thread-11315#
Step "Create Content Deploy Client Configuration" finished#
#2026 05 20 17:42:04.262#Z#DEBUG#2e5dd6e9-5473-11f1-b19a-eeee0a964b2e.OPERATION#flowable-async-job-executor-thread-11315#
[GetContentFromDeploymentDescriptorStep] Executing task "getContentFromDeploymentDescriptorTask" of process "36ad6007-5473-11f1-90e8-eeee0a8a49fb"...#
#2026 05 20 17:42:04.263#Z#DEBUG#2e5dd6e9-5473-11f1-b19a-eeee0a964b2e.OPERATION#flowable-async-job-executor-thread-11315#
Step "Get Content From Deployment Descriptor" finished#
#2026 05 20 17:42:04.129#Z#DEBUG#2e5dd6e9-5473-11f1-b19a-eeee0a964b2e.OPERATION#flowable-async-job-executor-thread-11322#
[UnbindServiceFromApplicationStep] Executing task "unbindServiceFromApplicationTask" of process "365777d0-5473-11f1-90e8-eeee0a8a49fb"...#
#2026 05 20 17:42:04.133#Z#INFO#2e5dd6e9-5473-11f1-b19a-eeee0a964b2e.OPERATION#flowable-async-job-executor-thread-11322#
[UnbindServiceFromApplicationStep] Unbinding service instance "axon-auth" from application "axon-odata-api-app"...#
#2026 05 20 17:42:04.138#Z#DEBUG#2e5dd6e9-5473-11f1-b19a-eeee0a964b2e.OPERATION#flowable-async-job-executor-thread-11322#
[UnbindServiceFromApplicationStep] Unbinding application "axon-odata-api-app" from service instance "axon-auth"...#
#2026 05 20 17:42:04.256#Z#DEBUG#2e5dd6e9-5473-11f1-b19a-eeee0a964b2e.OPERATION#flowable-async-job-executor-thread-11320#
[UnbindServiceFromApplicationStep] Executing task "unbindServiceFromApplicationTask" of process "3668b5a9-5473-11f1-90e8-eeee0a8a49fb"...#
#2026 05 20 17:42:04.266#Z#INFO#2e5dd6e9-5473-11f1-b19a-eeee0a964b2e.OPERATION#flowable-async-job-executor-thread-11320#
[UnbindServiceFromApplicationStep] Unbinding service instance "axon-html5-rt" from application "axon-odata-api-app"...#
#2026 05 20 17:42:04.276#Z#DEBUG#2e5dd6e9-5473-11f1-b19a-eeee0a964b2e.OPERATION#flowable-async-job-executor-thread-11320#
[UnbindServiceFromApplicationStep] Unbinding application "axon-odata-api-app" from service instance "axon-html5-rt"...#
#2026 05 20 17:42:04.325#Z#DEBUG#2e5dd6e9-5473-11f1-b19a-eeee0a964b2e.OPERATION#flowable-async-job-executor-thread-11322#
Step "Unbind Service from Application" finished#
#2026 05 20 17:42:04.072#Z#DEBUG#2e5dd6e9-5473-11f1-b19a-eeee0a964b2e.OPERATION#flowable-async-job-executor-thread-10737#
[BuildContentDeploymentConfigurationStep] Executing task "buildContentDeploymentConfigurationTask" of process "3699b12e-5473-11f1-b19a-eeee0a964b2e"...#
#2026 05 20 17:42:04.083#Z#DEBUG#2e5dd6e9-5473-11f1-b19a-eeee0a964b2e.OPERATION#ForkJoinPool-218-worker-1#
[BuildContentDeploymentConfigurationStep] Getting service key "axon-auth-key" for service instance "axon-auth"...#
#2026 05 20 17:42:04.083#Z#DEBUG#2e5dd6e9-5473-11f1-b19a-eeee0a964b2e.OPERATION#ForkJoinPool-218-worker-2#
[BuildContentDeploymentConfigurationStep] Getting service key "axon-destinations-axon-destination-credentials" for service instance "axon-destination"...#
#2026 05 20 17:42:04.083#Z#DEBUG#2e5dd6e9-5473-11f1-b19a-eeee0a964b2e.OPERATION#ForkJoinPool-218-worker-3#
[BuildContentDeploymentConfigurationStep] Getting service key "axon-html5-host-key" for service instance "axon-html5-host"...#
#2026 05 20 17:42:04.302#Z#INFO#2e5dd6e9-5473-11f1-b19a-eeee0a964b2e.OPERATION#ForkJoinPool-218-worker-1#
[BuildContentDeploymentConfigurationStep] Service key "axon-auth-key" for service "axon-auth" already exists#
#2026 05 20 17:42:04.314#Z#INFO#2e5dd6e9-5473-11f1-b19a-eeee0a964b2e.OPERATION#ForkJoinPool-218-worker-2#
[BuildContentDeploymentConfigurationStep] Service key "axon-destinations-axon-destination-credentials" for service "axon-destination" already exists#
#2026 05 20 17:42:04.317#Z#INFO#2e5dd6e9-5473-11f1-b19a-eeee0a964b2e.OPERATION#ForkJoinPool-218-worker-3#
[BuildContentDeploymentConfigurationStep] Service key "axon-html5-host-key" for service "axon-html5-host" already exists#
#2026 05 20 17:42:04.327#Z#DEBUG#2e5dd6e9-5473-11f1-b19a-eeee0a964b2e.OPERATION#flowable-async-job-executor-thread-10737#
[BuildContentDeploymentConfigurationStep] Getting service instance without auxiliary content "axon-auth"...#
#2026 05 20 17:42:04.357#Z#DEBUG#2e5dd6e9-5473-11f1-b19a-eeee0a964b2e.OPERATION#flowable-async-job-executor-thread-10737#
Step "Build Content Deployment Configuration" finished#
#2026 05 20 17:42:04.459#Z#DEBUG#2e5dd6e9-5473-11f1-b19a-eeee0a964b2e.OPERATION#flowable-async-job-executor-thread-11320#
Step "Unbind Service from Application" finished#
#2026 05 20 17:42:04.362#Z#DEBUG#2e5dd6e9-5473-11f1-b19a-eeee0a964b2e.OPERATION#flowable-async-job-executor-thread-10737#
[CreateContentDeployClientConfigurationStep] Executing task "createContentDeployClientConfigurationTask" of process "36dcacb4-5473-11f1-b19a-eeee0a964b2e"...#
#2026 05 20 17:42:04.363#Z#DEBUG#2e5dd6e9-5473-11f1-b19a-eeee0a964b2e.OPERATION#flowable-async-job-executor-thread-10737#
[CreateContentDeployClientConfigurationStep] Content deployer client configuration: {
  "contentDeployerUrl" : "https://destination-configuration.cfapps.us10.hana.ondemand.com/destination-configuration/gacd",
  "uaaClientConfiguration" : {
    "url" : "********",
    "credentials" : "********",
    "authenticationStrategyType" : "********"
  },
  "httpRequestHeaders" : {
    "X-CorrelationID" : "2e5dd6e9-5473-11f1-b19a-eeee0a964b2e"
  },
  "spaceId" : "46c5c819-922f-41a0-b344-dcdeaecd2987",
  "serviceName" : "axon-destination"
}#
#2026 05 20 17:42:04.561#Z#DEBUG#2e5dd6e9-5473-11f1-b19a-eeee0a964b2e.OPERATION#flowable-async-job-executor-thread-10737#
Step "Create Content Deploy Client Configuration" finished#
#2026 05 20 17:42:04.564#Z#DEBUG#2e5dd6e9-5473-11f1-b19a-eeee0a964b2e.OPERATION#flowable-async-job-executor-thread-10737#
[GetContentFromDeploymentDescriptorStep] Executing task "getContentFromDeploymentDescriptorTask" of process "36dcacb4-5473-11f1-b19a-eeee0a964b2e"...#
#2026 05 20 17:42:04.564#Z#DEBUG#2e5dd6e9-5473-11f1-b19a-eeee0a964b2e.OPERATION#flowable-async-job-executor-thread-10737#
[GetContentFromDeploymentDescriptorStep] Content for module: "axon-destinations" is: "{
  "id" : "9bf4c711-4a7a-45f6-bd68-2c360de22032",
  "contentType" : "EMBEDDED",
  "content" : {
    "instance" : {
      "destinations" : [ {
        "Name" : "axon-warehouse-ops-html5-repository",
        "ServiceInstanceName" : "axon-html5-host",
        "ServiceKeyName" : "********",
        "sap.cloud.service" : "axon.warehouse.ops"
      }, {
        "Authentication" : "********",
        "Name" : "********",
        "ServiceInstanceName" : "********",
        "ServiceKeyName" : "********",
        "sap.cloud.service" : "axon.warehouse.ops"
      } ],
      "existing_destinations_policy" : "update"
    }
  }
}"#
#2026 05 20 17:42:04.564#Z#DEBUG#2e5dd6e9-5473-11f1-b19a-eeee0a964b2e.OPERATION#flowable-async-job-executor-thread-10737#
Step "Get Content From Deployment Descriptor" finished#
#2026 05 20 17:42:04.566#Z#DEBUG#2e5dd6e9-5473-11f1-b19a-eeee0a964b2e.OPERATION#flowable-async-job-executor-thread-10737#
[SynchronousContentDeployStep] Executing task "synchronousContentDeployTask" of process "36dcacb4-5473-11f1-b19a-eeee0a964b2e"...#
#2026 05 20 17:42:04.566#Z#INFO#2e5dd6e9-5473-11f1-b19a-eeee0a964b2e.OPERATION#flowable-async-job-executor-thread-10737#
[SynchronousContentDeployStep] Deploying content module "axon-destinations" in target service "axon-destination"...#
#2026 05 20 17:42:04.723#Z#DEBUG#2e5dd6e9-5473-11f1-b19a-eeee0a964b2e.OPERATION#flowable-async-job-executor-thread-10737#
[SynchronousContentDeployStep] Processing inline content upload for module: axon-destinations#
#2026 05 20 17:42:04.929#Z#DEBUG#2e5dd6e9-5473-11f1-b19a-eeee0a964b2e.OPERATION#flowable-async-job-executor-thread-10737#
Step "Synchronous Deploy" finished#
#2026 05 20 17:42:04.268#Z#DEBUG#2e5dd6e9-5473-11f1-b19a-eeee0a964b2e.OPERATION#flowable-async-job-executor-thread-11315#
[UploadContentStep] Executing task "uploadContentTask" of process "36ad6007-5473-11f1-90e8-eeee0a8a49fb"...#
#2026 05 20 17:42:04.268#Z#INFO#2e5dd6e9-5473-11f1-b19a-eeee0a964b2e.OPERATION#flowable-async-job-executor-thread-11315#
[UploadContentStep] Uploading content module "axon-warehouse-ops-content" in target service "axon-html5-host"...#
#2026 05 20 17:42:04.278#Z#DEBUG#2e5dd6e9-5473-11f1-b19a-eeee0a964b2e.OPERATION#flowable-async-job-executor-thread-11315#
[UploadContentStep] Uploading file "axon-warehouse-ops-content/app-content/data.zip" for content module "axon-warehouse-ops-content" in service "axon-html5-host"#
#2026 05 20 17:42:04.583#Z#INFO#2e5dd6e9-5473-11f1-b19a-eeee0a964b2e.OPERATION#flowable-async-job-executor-thread-11315#
[UploadContentStep] Content to deploy size: 2,203 in bytes#
#2026 05 20 17:42:05.015#Z#DEBUG#2e5dd6e9-5473-11f1-b19a-eeee0a964b2e.OPERATION#flowable-async-job-executor-thread-11315#
[UploadContentStep] Uploaded content: {
  "id" : "d80cb80d-9a37-4230-b9f6-a8d0d2fa3375",
  "name" : "content.zip",
  "contentType" : "FILE"
}#
#2026 05 20 17:42:05.015#Z#DEBUG#2e5dd6e9-5473-11f1-b19a-eeee0a964b2e.OPERATION#flowable-async-job-executor-thread-11315#
Step "Upload Content" finished#
#2026 05 20 17:42:05.017#Z#DEBUG#2e5dd6e9-5473-11f1-b19a-eeee0a964b2e.OPERATION#flowable-async-job-executor-thread-11315#
[StartContentDeployStep] Executing task "startContentDeployTask" of process "36ad6007-5473-11f1-90e8-eeee0a8a49fb"...#
#2026 05 20 17:42:05.017#Z#INFO#2e5dd6e9-5473-11f1-b19a-eeee0a964b2e.OPERATION#flowable-async-job-executor-thread-11315#
[StartContentDeployStep] Deploying content module "axon-warehouse-ops-content" in target service "axon-html5-host"...#
#2026 05 20 17:42:05.239#Z#DEBUG#2e5dd6e9-5473-11f1-b19a-eeee0a964b2e.OPERATION#flowable-async-job-executor-thread-11315#
Step "Start Content Deploy" finished#
#2026 05 20 17:42:06.654#Z#DEBUG#2e5dd6e9-5473-11f1-b19a-eeee0a964b2e.OPERATION#flowable-async-job-executor-thread-12417#
[ProcessDescriptorStep] Executing task "reprocessDescriptorTask" of process "382d7033-5473-11f1-a06e-eeee0a9b48e5"...#
#2026 05 20 17:42:06.654#Z#DEBUG#2e5dd6e9-5473-11f1-b19a-eeee0a964b2e.OPERATION#flowable-async-job-executor-thread-12417#
[ProcessDescriptorStep] Resolving properties and parameters in merged descriptor...#
#2026 05 20 17:42:06.658#Z#DEBUG#2e5dd6e9-5473-11f1-b19a-eeee0a964b2e.OPERATION#flowable-async-job-executor-thread-12417#
[ProcessDescriptorStep] Subscriptions: [ ]#
#2026 05 20 17:42:06.664#Z#DEBUG#2e5dd6e9-5473-11f1-b19a-eeee0a964b2e.OPERATION#flowable-async-job-executor-thread-12417#
[ProcessDescriptorStep] MTA modules: [axon-odata-api, axon-odata-api-app, axon-destinations, axon-warehouse-ops-content]#
#2026 05 20 17:42:06.667#Z#DEBUG#2e5dd6e9-5473-11f1-b19a-eeee0a964b2e.OPERATION#flowable-async-job-executor-thread-12417#
[ProcessDescriptorStep] Resolved deployment descriptor: {
  "majorSchemaVersion" : 3,
  "schemaVersion" : "3.3.0",
  "id" : "axon-odata-api",
  "version" : "1.0.0",
  "modules" : [ {
    "majorSchemaVersion" : 3,
    "name" : "axon-odata-api",
    "type" : "javascript.nodejs",
    "path" : "axon-odata-api",
    "properties" : { },
    "parameters" : {
      "default-url" : "https://590c8b3dtrial-590c8b3dtrial-dev-axon-odata-api.cfapps.us10-001.hana.ondemand.com",
      "default-app-name" : "axon-odata-api",
      "generated-password" : "********",
      "default-live-url" : "https://590c8b3dtrial-590c8b3dtrial-dev-axon-odata-api.cfapps.us10-001.hana.ondemand.com",
      "default-uri" : "590c8b3dtrial-590c8b3dtrial-dev-axon-odata-api.cfapps.us10-001.hana.ondemand.com",
      "memory" : "256M",
      "default-instances" : 1,
      "default-live-host" : "590c8b3dtrial-590c8b3dtrial-dev-axon-odata-api",
      "instances" : 1,
      "default-host" : "590c8b3dtrial-590c8b3dtrial-dev-axon-odata-api",
      "command" : "rm -f axon-odata-api.db db.sqlite && ./node_modules/.bin/cds-deploy --to sqlite && cp -f db.sqlite axon-odata-api.db && npm start",
      "app-name" : "axon-odata-api",
      "default-live-uri" : "590c8b3dtrial-590c8b3dtrial-dev-axon-odata-api.cfapps.us10-001.hana.ondemand.com",
      "protocol" : "https",
      "default-live-app-name" : "axon-odata-api",
      "default-live-domain" : "cfapps.us10-001.hana.ondemand.com",
      "disk-quota" : "512M",
      "domain" : "cfapps.us10-001.hana.ondemand.com",
      "host" : "590c8b3dtrial-590c8b3dtrial-dev-axon-odata-api",
      "generated-user" : "********"
    },
    "requiredDependencies" : [ {
      "majorSchemaVersion" : 3,
      "name" : "********",
      "properties" : { },
      "parameters" : { },
      "propertiesMetadata" : {
        "metadata" : { }
      },
      "parametersMetadata" : {
        "metadata" : { }
      }
    } ],
    "providedDependencies" : [ {
      "majorSchemaVersion" : 3,
      "name" : "srv-api",
      "isPublic" : false,
      "properties" : {
        "srv-url" : "https://590c8b3dtrial-590c8b3dtrial-dev-axon-odata-api.cfapps.us10-001.hana.ondemand.com"
      },
      "parameters" : { },
      "propertiesMetadata" : {
        "metadata" : { }
      },
      "parametersMetadata" : {
        "metadata" : { }
      }
    }, {
      "majorSchemaVersion" : 3,
      "name" : "axon-odata-api",
      "isPublic" : false,
      "properties" : { },
      "parameters" : { },
      "propertiesMetadata" : {
        "metadata" : { }
      },
      "parametersMetadata" : {
        "metadata" : { }
      }
    } ],
    "propertiesMetadata" : {
      "metadata" : { }
    },
    "parametersMetadata" : {
      "metadata" : { }
    },
    "hooks" : [ ]
  }, {
    "majorSchemaVersion" : 3,
    "name" : "axon-odata-api-app",
    "type" : "javascript.nodejs",
    "path" : "axon-odata-api-app",
    "properties" : { },
    "parameters" : {
      "default-url" : "https://590c8b3dtrial-590c8b3dtrial-dev-axon-odata-api-app.cfapps.us10-001.hana.ondemand.com",
      "default-app-name" : "axon-odata-api-app",
      "generated-password" : "********",
      "default-live-url" : "https://590c8b3dtrial-590c8b3dtrial-dev-axon-odata-api-app.cfapps.us10-001.hana.ondemand.com",
      "default-uri" : "590c8b3dtrial-590c8b3dtrial-dev-axon-odata-api-app.cfapps.us10-001.hana.ondemand.com",
      "memory" : "256M",
      "default-instances" : 1,
      "default-live-host" : "590c8b3dtrial-590c8b3dtrial-dev-axon-odata-api-app",
      "instances" : 1,
      "default-host" : "590c8b3dtrial-590c8b3dtrial-dev-axon-odata-api-app",
      "app-name" : "axon-odata-api-app",
      "default-live-uri" : "590c8b3dtrial-590c8b3dtrial-dev-axon-odata-api-app.cfapps.us10-001.hana.ondemand.com",
      "protocol" : "https",
      "default-live-app-name" : "axon-odata-api-app",
      "default-live-domain" : "cfapps.us10-001.hana.ondemand.com",
      "disk-quota" : "256M",
      "domain" : "cfapps.us10-001.hana.ondemand.com",
      "host" : "590c8b3dtrial-590c8b3dtrial-dev-axon-odata-api-app",
      "generated-user" : "********"
    },
    "requiredDependencies" : [ {
      "majorSchemaVersion" : 3,
      "name" : "srv-api",
      "group" : "destinations",
      "properties" : {
        "name" : "srv-api",
        "forwardAuthToken" : "********",
        "url" : "https://590c8b3dtrial-590c8b3dtrial-dev-axon-odata-api.cfapps.us10-001.hana.ondemand.com"
      },
      "parameters" : { },
      "propertiesMetadata" : {
        "metadata" : { }
      },
      "parametersMetadata" : {
        "metadata" : { }
      }
    }, {
      "majorSchemaVersion" : 3,
      "name" : "********",
      "properties" : { },
      "parameters" : { },
      "propertiesMetadata" : {
        "metadata" : { }
      },
      "parametersMetadata" : {
        "metadata" : { }
      }
    }, {
      "majorSchemaVersion" : 3,
      "name" : "axon-destination",
      "properties" : { },
      "parameters" : { },
      "propertiesMetadata" : {
        "metadata" : { }
      },
      "parametersMetadata" : {
        "metadata" : { }
      }
    }, {
      "majorSchemaVersion" : 3,
      "name" : "axon-html5-rt",
      "properties" : { },
      "parameters" : { },
      "propertiesMetadata" : {
        "metadata" : { }
      },
      "parametersMetadata" : {
        "metadata" : { }
      }
    } ],
    "providedDependencies" : [ {
      "majorSchemaVersion" : 3,
      "name" : "app-api",
      "isPublic" : false,
      "properties" : {
        "app-url" : "https://590c8b3dtrial-590c8b3dtrial-dev-axon-odata-api-app.cfapps.us10-001.hana.ondemand.com"
      },
      "parameters" : { },
      "propertiesMetadata" : {
        "metadata" : { }
      },
      "parametersMetadata" : {
        "metadata" : { }
      }
    }, {
      "majorSchemaVersion" : 3,
      "name" : "axon-odata-api-app",
      "isPublic" : false,
      "properties" : { },
      "parameters" : { },
      "propertiesMetadata" : {
        "metadata" : { }
      },
      "parametersMetadata" : {
        "metadata" : { }
      }
    } ],
    "propertiesMetadata" : {
      "metadata" : { }
    },
    "parametersMetadata" : {
      "metadata" : { }
    },
    "hooks" : [ ]
  }, {
    "majorSchemaVersion" : 3,
    "name" : "axon-warehouse-ops-content",
    "type" : "com.sap.application.content",
    "path" : "axon-warehouse-ops-content",
    "properties" : { },
    "parameters" : {
      "default-url" : "https://590c8b3dtrial-590c8b3dtrial-dev-axon-warehouse-ops-content.cfapps.us10-001.hana.ondemand.com",
      "default-app-name" : "axon-warehouse-ops-content",
      "generated-password" : "********",
      "default-live-url" : "https://590c8b3dtrial-590c8b3dtrial-dev-axon-warehouse-ops-content.cfapps.us10-001.hana.ondemand.com",
      "default-uri" : "590c8b3dtrial-590c8b3dtrial-dev-axon-warehouse-ops-content.cfapps.us10-001.hana.ondemand.com",
      "default-instances" : 1,
      "default-live-host" : "590c8b3dtrial-590c8b3dtrial-dev-axon-warehouse-ops-content",
      "instances" : 1,
      "default-host" : "590c8b3dtrial-590c8b3dtrial-dev-axon-warehouse-ops-content",
      "app-name" : "axon-warehouse-ops-content",
      "default-live-uri" : "590c8b3dtrial-590c8b3dtrial-dev-axon-warehouse-ops-content.cfapps.us10-001.hana.ondemand.com",
      "protocol" : "https",
      "default-live-app-name" : "axon-warehouse-ops-content",
      "default-live-domain" : "cfapps.us10-001.hana.ondemand.com",
      "domain" : "cfapps.us10-001.hana.ondemand.com",
      "host" : "590c8b3dtrial-590c8b3dtrial-dev-axon-warehouse-ops-content",
      "generated-user" : "********"
    },
    "requiredDependencies" : [ {
      "majorSchemaVersion" : 3,
      "name" : "axon-html5-host",
      "properties" : { },
      "parameters" : {
        "content-target" : true
      },
      "propertiesMetadata" : {
        "metadata" : { }
      },
      "parametersMetadata" : {
        "metadata" : { }
      }
    } ],
    "providedDependencies" : [ {
      "majorSchemaVersion" : 3,
      "name" : "axon-warehouse-ops-content",
      "isPublic" : false,
      "properties" : { },
      "parameters" : { },
      "propertiesMetadata" : {
        "metadata" : { }
      },
      "parametersMetadata" : {
        "metadata" : { }
      }
    } ],
    "propertiesMetadata" : {
      "metadata" : { }
    },
    "parametersMetadata" : {
      "metadata" : { }
    },
    "hooks" : [ ]
  }, {
    "majorSchemaVersion" : 3,
    "name" : "axon-destinations",
    "type" : "com.sap.application.content",
    "properties" : { },
    "parameters" : {
      "default-url" : "https://590c8b3dtrial-590c8b3dtrial-dev-axon-destinations.cfapps.us10-001.hana.ondemand.com",
      "default-app-name" : "axon-destinations",
      "generated-password" : "********",
      "default-live-url" : "https://590c8b3dtrial-590c8b3dtrial-dev-axon-destinations.cfapps.us10-001.hana.ondemand.com",
      "default-uri" : "590c8b3dtrial-590c8b3dtrial-dev-axon-destinations.cfapps.us10-001.hana.ondemand.com",
      "default-instances" : 1,
      "default-live-host" : "590c8b3dtrial-590c8b3dtrial-dev-axon-destinations",
      "instances" : 1,
      "default-host" : "590c8b3dtrial-590c8b3dtrial-dev-axon-destinations",
      "content" : {
        "instance" : {
          "destinations" : [ {
            "Name" : "axon-warehouse-ops-html5-repository",
            "ServiceInstanceName" : "axon-html5-host",
            "ServiceKeyName" : "********",
            "sap.cloud.service" : "axon.warehouse.ops"
          }, {
            "Authentication" : "********",
            "Name" : "********",
            "ServiceInstanceName" : "********",
            "ServiceKeyName" : "********",
            "sap.cloud.service" : "axon.warehouse.ops"
          } ],
          "existing_destinations_policy" : "update"
        }
      },
      "app-name" : "axon-destinations",
      "default-live-uri" : "590c8b3dtrial-590c8b3dtrial-dev-axon-destinations.cfapps.us10-001.hana.ondemand.com",
      "protocol" : "https",
      "default-live-app-name" : "axon-destinations",
      "default-live-domain" : "cfapps.us10-001.hana.ondemand.com",
      "domain" : "cfapps.us10-001.hana.ondemand.com",
      "host" : "590c8b3dtrial-590c8b3dtrial-dev-axon-destinations",
      "generated-user" : "********"
    },
    "requiredDependencies" : [ {
      "majorSchemaVersion" : 3,
      "name" : "axon-destination",
      "properties" : { },
      "parameters" : {
        "content-target" : true
      },
      "propertiesMetadata" : {
        "metadata" : { }
      },
      "parametersMetadata" : {
        "metadata" : { }
      }
    }, {
      "majorSchemaVersion" : 3,
      "name" : "axon-html5-host",
      "properties" : { },
      "parameters" : {
        "service-key" : "********"
      },
      "propertiesMetadata" : {
        "metadata" : { }
      },
      "parametersMetadata" : {
        "metadata" : { }
      }
    }, {
      "majorSchemaVersion" : 3,
      "name" : "********",
      "properties" : { },
      "parameters" : {
        "service-key" : "********"
      },
      "propertiesMetadata" : {
        "metadata" : { }
      },
      "parametersMetadata" : {
        "metadata" : { }
      }
    }, {
      "majorSchemaVersion" : 3,
      "name" : "srv-api",
      "properties" : { },
      "parameters" : { },
      "propertiesMetadata" : {
        "metadata" : { }
      },
      "parametersMetadata" : {
        "metadata" : { }
      }
    } ],
    "providedDependencies" : [ {
      "majorSchemaVersion" : 3,
      "name" : "axon-destinations",
      "isPublic" : false,
      "properties" : { },
      "parameters" : { },
      "propertiesMetadata" : {
        "metadata" : { }
      },
      "parametersMetadata" : {
        "metadata" : { }
      }
    } ],
    "propertiesMetadata" : {
      "metadata" : { }
    },
    "parametersMetadata" : {
      "metadata" : { }
    },
    "hooks" : [ ]
  } ],
  "resources" : [ {
    "majorSchemaVersion" : 3,
    "name" : "********",
    "type" : "org.cloudfoundry.existing-service",
    "properties" : { },
    "parameters" : {
      "generated-password" : "********",
      "service-name" : "********",
      "generated-user" : "********",
      "default-xsappname" : "********",
      "type" : "existing-service",
      "default-service-name" : "********",
      "default-container-name" : "********"
    },
    "isActive" : true,
    "isOptional" : false,
    "propertiesMetadata" : {
      "metadata" : { }
    },
    "parametersMetadata" : {
      "metadata" : { }
    },
    "requiredDependencies" : [ ],
    "processedAfter" : [ ]
  }, {
    "majorSchemaVersion" : 3,
    "name" : "axon-destination",
    "type" : "org.cloudfoundry.managed-service",
    "properties" : { },
    "parameters" : {
      "generated-password" : "********",
      "service-name" : "axon-destination",
      "service-plan" : "lite",
      "service" : "destination",
      "generated-user" : "********",
      "default-xsappname" : "axon-destination",
      "type" : "managed-service",
      "config" : {
        "HTML5Runtime_enabled" : true,
        "init_data" : {
          "subaccount" : {
            "destinations" : [ {
              "Authentication" : "********",
              "CEP.HTML5contentprovider" : true,
              "Name" : "axon-workzone-runtime",
              "ProxyType" : "Internet",
              "Type" : "HTTP",
              "URL" : "https://590c8b3dtrial.dt.launchpad.cfapps.us10.hana.ondemand.com"
            } ],
            "existing_destinations_policy" : "update"
          }
        }
      },
      "default-service-name" : "axon-destination",
      "default-container-name" : "590C8B3DTRIAL_590C8B3DTRIAL_DEV_AXON_DESTINATION"
    },
    "isActive" : true,
    "isOptional" : false,
    "propertiesMetadata" : {
      "metadata" : { }
    },
    "parametersMetadata" : {
      "metadata" : { }
    },
    "requiredDependencies" : [ ],
    "processedAfter" : [ ]
  }, {
    "majorSchemaVersion" : 3,
    "name" : "axon-html5-host",
    "type" : "org.cloudfoundry.managed-service",
    "properties" : { },
    "parameters" : {
      "generated-password" : "********",
      "service-name" : "axon-html5-host",
      "service-plan" : "app-host",
      "service" : "html5-apps-repo",
      "generated-user" : "********",
      "default-xsappname" : "axon-html5-host",
      "type" : "managed-service",
      "default-service-name" : "axon-html5-host",
      "default-container-name" : "590C8B3DTRIAL_590C8B3DTRIAL_DEV_AXON_HTML5_HOST"
    },
    "isActive" : true,
    "isOptional" : false,
    "propertiesMetadata" : {
      "metadata" : { }
    },
    "parametersMetadata" : {
      "metadata" : { }
    },
    "requiredDependencies" : [ ],
    "processedAfter" : [ ]
  }, {
    "majorSchemaVersion" : 3,
    "name" : "axon-html5-rt",
    "type" : "org.cloudfoundry.managed-service",
    "properties" : { },
    "parameters" : {
      "generated-password" : "********",
      "service-name" : "axon-html5-rt",
      "service-plan" : "app-runtime",
      "service" : "html5-apps-repo",
      "generated-user" : "********",
      "default-xsappname" : "axon-html5-rt",
      "type" : "managed-service",
      "default-service-name" : "axon-html5-rt",
      "default-container-name" : "590C8B3DTRIAL_590C8B3DTRIAL_DEV_AXON_HTML5_RT"
    },
    "isActive" : true,
    "isOptional" : false,
    "propertiesMetadata" : {
      "metadata" : { }
    },
    "parametersMetadata" : {
      "metadata" : { }
    },
    "requiredDependencies" : [ ],
    "processedAfter" : [ ]
  } ],
  "parameters" : {
    "mta-id" : "axon-odata-api",
    "authorization-url" : "********",
    "org-guid" : "88230758-1103-4d78-aabf-593fe928b154",
    "org" : "590c8b3dtrial_590c8b3dtrial",
    "deploy-target" : "590c8b3dtrial_590c8b3dtrial dev",
    "enable-parallel-deployments" : true,
    "region-primary-domain" : "us10.hana.ondemand.com",
    "space" : "dev",
    "region-domain" : "us10-001.hana.ondemand.com",
    "xs-api-url" : "https://api.cf.us10-001.hana.ondemand.com",
    "deploy-url" : "deploy-service.cfapps.us10-001.hana.ondemand.com",
    "xs-type" : "CF",
    "default-domain" : "cfapps.us10-001.hana.ondemand.com",
    "mta-version" : "1.0.0",
    "xs-auth-url" : "********",
    "space-guid" : "46c5c819-922f-41a0-b344-dcdeaecd2987",
    "user" : "********",
    "controller-url" : "https://api.cf.us10-001.hana.ondemand.com",
    "timestamp" : "20260520174150"
  },
  "parametersMetadata" : {
    "metadata" : { }
  }
}#
#2026 05 20 17:42:06.667#Z#DEBUG#2e5dd6e9-5473-11f1-b19a-eeee0a964b2e.OPERATION#flowable-async-job-executor-thread-12417#
[ProcessDescriptorStep] Merged descriptor properties and parameters resolved#
#2026 05 20 17:42:06.667#Z#DEBUG#2e5dd6e9-5473-11f1-b19a-eeee0a964b2e.OPERATION#flowable-async-job-executor-thread-12417#
Step "Re-Process Descriptor Step" finished#
#2026 05 20 17:42:06.694#Z#DEBUG#2e5dd6e9-5473-11f1-b19a-eeee0a964b2e.OPERATION#flowable-async-job-executor-thread-12417#
[BuildApplicationDeployModelStep] Executing task "buildApplicationDeployModelTask" of process "382d7033-5473-11f1-a06e-eeee0a9b48e5"...#
#2026 05 20 17:42:06.695#Z#DEBUG#2e5dd6e9-5473-11f1-b19a-eeee0a964b2e.OPERATION#flowable-async-job-executor-thread-12417#
[BuildApplicationDeployModelStep] Building cloud deployment model for application "axon-odata-api"...#
#2026 05 20 17:42:06.700#Z#DEBUG#2e5dd6e9-5473-11f1-b19a-eeee0a964b2e.OPERATION#flowable-async-job-executor-thread-12417#
[BuildApplicationDeployModelStep] No health-check-type is specified. Setting default type: port#
#2026 05 20 17:42:06.700#Z#INFO#2e5dd6e9-5473-11f1-b19a-eeee0a964b2e.OPERATION#flowable-async-job-executor-thread-12417#
[BuildApplicationDeployModelStep] Building configuration entries for org 590c8b3dtrial_590c8b3dtrial, space dev, spaceId 46c5c819-922f-41a0-b344-dcdeaecd2987 and namespace null!#
#2026 05 20 17:42:06.701#Z#DEBUG#2e5dd6e9-5473-11f1-b19a-eeee0a964b2e.OPERATION#flowable-async-job-executor-thread-12417#
[BuildApplicationDeployModelStep] Configuration entries to publish: [ ]#
#2026 05 20 17:42:06.701#Z#DEBUG#2e5dd6e9-5473-11f1-b19a-eeee0a964b2e.OPERATION#flowable-async-job-executor-thread-12417#
[BuildApplicationDeployModelStep] Cloud deployment model for application built#
#2026 05 20 17:42:06.701#Z#DEBUG#2e5dd6e9-5473-11f1-b19a-eeee0a964b2e.OPERATION#flowable-async-job-executor-thread-12417#
Step "Build Application Deploy Model" finished#
#2026 05 20 17:42:06.739#Z#DEBUG#2e5dd6e9-5473-11f1-b19a-eeee0a964b2e.OPERATION#flowable-async-job-executor-thread-12417#
[CreateOrUpdateAppStep] Executing task "createAppTask" of process "382d7033-5473-11f1-a06e-eeee0a9b48e5"...#
#2026 05 20 17:42:06.742#Z#DEBUG#2e5dd6e9-5473-11f1-b19a-eeee0a964b2e.OPERATION#flowable-async-job-executor-thread-12417#
[CreateOrUpdateAppStep] Getting application "axon-odata-api"...#
#2026 05 20 17:42:06.779#Z#INFO#2e5dd6e9-5473-11f1-b19a-eeee0a964b2e.OPERATION#flowable-async-job-executor-thread-12417#
[CreateOrUpdateAppStep] Updating application "axon-odata-api"...#
#2026 05 20 17:42:06.784#Z#DEBUG#2e5dd6e9-5473-11f1-b19a-eeee0a964b2e.OPERATION#flowable-async-job-executor-thread-12417#
[CreateOrUpdateAppStep] Getting process for application "d92b9203-13f2-4150-992d-a89b2ef18ea4"...#
#2026 05 20 17:42:06.813#Z#DEBUG#2e5dd6e9-5473-11f1-b19a-eeee0a964b2e.OPERATION#flowable-async-job-executor-thread-12417#
[CreateOrUpdateAppStep] Getting routes for application "d92b9203-13f2-4150-992d-a89b2ef18ea4"...#
#2026 05 20 17:42:06.863#Z#DEBUG#2e5dd6e9-5473-11f1-b19a-eeee0a964b2e.OPERATION#flowable-async-job-executor-thread-12417#
[CreateOrUpdateAppStep] Getting features for application "d92b9203-13f2-4150-992d-a89b2ef18ea4"#
#2026 05 20 17:42:06.889#Z#DEBUG#2e5dd6e9-5473-11f1-b19a-eeee0a964b2e.OPERATION#flowable-async-job-executor-thread-12417#
[CreateOrUpdateAppStep] Updating staging of application "axon-odata-api" to: {
  "buildpacks" : [ ],
  "command" : "rm -f axon-odata-api.db db.sqlite && ./node_modules/.bin/cds-deploy --to sqlite && cp -f db.sqlite axon-odata-api.db && npm start",
  "healthCheckType" : "port",
  "appFeatures" : { }
}#
#2026 05 20 17:42:07.088#Z#DEBUG#2e5dd6e9-5473-11f1-b19a-eeee0a964b2e.OPERATION#flowable-async-job-executor-thread-12417#
[CreateOrUpdateAppStep] Application "axon-odata-api" updated#
#2026 05 20 17:42:07.088#Z#DEBUG#2e5dd6e9-5473-11f1-b19a-eeee0a964b2e.OPERATION#flowable-async-job-executor-thread-12417#
[CreateOrUpdateAppStep] Getting environment of application "d92b9203-13f2-4150-992d-a89b2ef18ea4"...#
#2026 05 20 17:42:07.123#Z#DEBUG#2e5dd6e9-5473-11f1-b19a-eeee0a964b2e.OPERATION#flowable-async-job-executor-thread-12417#
[CreateOrUpdateAppStep] Applying update strategy "REPLACE" to env#
#2026 05 20 17:42:07.123#Z#DEBUG#2e5dd6e9-5473-11f1-b19a-eeee0a964b2e.OPERATION#flowable-async-job-executor-thread-12417#
[CreateOrUpdateAppStep] Updating environment of application "axon-odata-api"#
#2026 05 20 17:42:07.240#Z#DEBUG#2e5dd6e9-5473-11f1-b19a-eeee0a964b2e.OPERATION#flowable-async-job-executor-thread-12417#
[CreateOrUpdateAppStep] Application "axon-odata-api" updated#
#2026 05 20 17:42:07.240#Z#DEBUG#2e5dd6e9-5473-11f1-b19a-eeee0a964b2e.OPERATION#flowable-async-job-executor-thread-12417#
Step "Create App" finished#
#2026 05 20 17:42:07.330#Z#DEBUG#2e5dd6e9-5473-11f1-b19a-eeee0a964b2e.OPERATION#flowable-async-job-executor-thread-12419#
[CheckServiceBindingOperationStep] Executing task "checkForServiceBindingOperationInProgress" of process "389bc26e-5473-11f1-a06e-eeee0a9b48e5"...#
#2026 05 20 17:42:07.330#Z#DEBUG#2e5dd6e9-5473-11f1-b19a-eeee0a964b2e.OPERATION#flowable-async-job-executor-thread-12419#
[CheckServiceBindingOperationStep] Checking for service binding operation in progress between app "axon-odata-api" and service instance "axon-auth"#
#2026 05 20 17:42:07.331#Z#DEBUG#2e5dd6e9-5473-11f1-b19a-eeee0a964b2e.OPERATION#flowable-async-job-executor-thread-12419#
[CheckServiceBindingOperationStep] Getting application guid "axon-odata-api"...#
#2026 05 20 17:42:07.373#Z#DEBUG#2e5dd6e9-5473-11f1-b19a-eeee0a964b2e.OPERATION#flowable-async-job-executor-thread-12419#
[CheckServiceBindingOperationStep] Getting GUID of required service instance "axon-auth"...#
#2026 05 20 17:42:07.411#Z#DEBUG#2e5dd6e9-5473-11f1-b19a-eeee0a964b2e.OPERATION#flowable-async-job-executor-thread-12419#
[CheckServiceBindingOperationStep] Getting binding of service instance "8c186454-feb8-4bf5-ab0b-10944e18134a" with application "d92b9203-13f2-4150-992d-a89b2ef18ea4"...#
#2026 05 20 17:42:07.438#Z#DEBUG#2e5dd6e9-5473-11f1-b19a-eeee0a964b2e.OPERATION#flowable-async-job-executor-thread-12419#
[CheckServiceBindingOperationStep] Service binding operation "570c8092-83f1-4012-ba18-95334cf78067" with type "create" is in state "succeeded"#
#2026 05 20 17:42:07.438#Z#DEBUG#2e5dd6e9-5473-11f1-b19a-eeee0a964b2e.OPERATION#flowable-async-job-executor-thread-12419#
Step "Check For Service Binding Operation In Progress" finished#
#2026 05 20 17:42:07.466#Z#DEBUG#2e5dd6e9-5473-11f1-b19a-eeee0a964b2e.OPERATION#flowable-async-job-executor-thread-12420#
[DetermineApplicationServiceBindingActionsStep] Executing task "determineApplicationServiceBindingActionsTask" of process "389bc26e-5473-11f1-a06e-eeee0a9b48e5"...#
#2026 05 20 17:42:07.467#Z#DEBUG#2e5dd6e9-5473-11f1-b19a-eeee0a964b2e.OPERATION#flowable-async-job-executor-thread-12420#
[DetermineApplicationServiceBindingActionsStep] Determine bind/unbind operations of application "axon-odata-api" to service instance "axon-auth"#
#2026 05 20 17:42:07.467#Z#DEBUG#2e5dd6e9-5473-11f1-b19a-eeee0a964b2e.OPERATION#flowable-async-job-executor-thread-12420#
[DetermineApplicationServiceBindingActionsStep] Getting application "axon-odata-api"...#
#2026 05 20 17:42:07.515#Z#DEBUG#2e5dd6e9-5473-11f1-b19a-eeee0a964b2e.OPERATION#flowable-async-job-executor-thread-12420#
[DetermineApplicationServiceBindingActionsStep] Binding parameters for application "axon-odata-api": { }#
#2026 05 20 17:42:07.546#Z#DEBUG#2e5dd6e9-5473-11f1-b19a-eeee0a964b2e.OPERATION#flowable-async-job-executor-thread-12420#
[DetermineApplicationServiceBindingActionsStep] Check should rebind application "axon-odata-api" and service instance "axon-auth"#
#2026 05 20 17:42:07.546#Z#DEBUG#2e5dd6e9-5473-11f1-b19a-eeee0a964b2e.OPERATION#flowable-async-job-executor-thread-12420#
[DetermineApplicationServiceBindingActionsStep] Getting GUID of required service instance "axon-auth"...#
#2026 05 20 17:42:07.572#Z#DEBUG#2e5dd6e9-5473-11f1-b19a-eeee0a964b2e.OPERATION#flowable-async-job-executor-thread-12420#
[DetermineApplicationServiceBindingActionsStep] Getting binding of service instance "8c186454-feb8-4bf5-ab0b-10944e18134a" with application "d92b9203-13f2-4150-992d-a89b2ef18ea4"...#
#2026 05 20 17:42:07.607#Z#DEBUG#2e5dd6e9-5473-11f1-b19a-eeee0a964b2e.OPERATION#flowable-async-job-executor-thread-12420#
[DetermineApplicationServiceBindingActionsStep] Getting parameters of service binding "570c8092-83f1-4012-ba18-95334cf78067"...#
#2026 05 20 17:42:07.636#Z#WARN#2e5dd6e9-5473-11f1-b19a-eeee0a964b2e.OPERATION#flowable-async-job-executor-thread-12420#
[DetermineApplicationServiceBindingActionsStep] Cannot retrieve parameters of binding between application "axon-odata-api" and service instance "axon-auth"#
#2026 05 20 17:42:07.637#Z#DEBUG#2e5dd6e9-5473-11f1-b19a-eeee0a964b2e.OPERATION#flowable-async-job-executor-thread-12420#
[DetermineApplicationServiceBindingActionsStep] Calculated binding operations between application "axon-odata-api" and service instance "axon-auth": unbind - true bind - true#
#2026 05 20 17:42:07.637#Z#DEBUG#2e5dd6e9-5473-11f1-b19a-eeee0a964b2e.OPERATION#flowable-async-job-executor-thread-12420#
Step "Determine Application Service Binding Actions" finished#
#2026 05 20 17:42:07.673#Z#DEBUG#2e5dd6e9-5473-11f1-b19a-eeee0a964b2e.OPERATION#flowable-async-job-executor-thread-12421#
[UnbindServiceFromApplicationStep] Executing task "unbindServiceFromApplicationTask" of process "389bc26e-5473-11f1-a06e-eeee0a9b48e5"...#
#2026 05 20 17:42:07.675#Z#INFO#2e5dd6e9-5473-11f1-b19a-eeee0a964b2e.OPERATION#flowable-async-job-executor-thread-12421#
[UnbindServiceFromApplicationStep] Unbinding service instance "axon-auth" from application "axon-odata-api"...#
#2026 05 20 17:42:07.681#Z#DEBUG#2e5dd6e9-5473-11f1-b19a-eeee0a964b2e.OPERATION#flowable-async-job-executor-thread-12421#
[UnbindServiceFromApplicationStep] Unbinding application "axon-odata-api" from service instance "axon-auth"...#
#2026 05 20 17:42:07.838#Z#DEBUG#2e5dd6e9-5473-11f1-b19a-eeee0a964b2e.OPERATION#flowable-async-job-executor-thread-12421#
Step "Unbind Service from Application" finished#
#2026 05 20 17:42:10.758#Z#DEBUG#2e5dd6e9-5473-11f1-b19a-eeee0a964b2e.OPERATION#flowable-async-job-executor-thread-12415#
[UnbindServiceFromApplicationStep] Executing task "unbindServiceFromApplicationTask" of process "3668b5a9-5473-11f1-90e8-eeee0a8a49fb"...#
#2026 05 20 17:42:10.759#Z#DEBUG#2e5dd6e9-5473-11f1-b19a-eeee0a964b2e.OPERATION#flowable-async-job-executor-thread-12415#
[UnbindServiceFromApplicationStep] Getting async job "30b7a7bd-4605-4cf7-a7b3-93cabee538cb"#
#2026 05 20 17:42:10.780#Z#DEBUG#2e5dd6e9-5473-11f1-b19a-eeee0a964b2e.OPERATION#flowable-async-job-executor-thread-12415#
[UnbindServiceFromApplicationStep] Getting service instance "axon-html5-rt"...#
#2026 05 20 17:42:10.927#Z#DEBUG#2e5dd6e9-5473-11f1-b19a-eeee0a964b2e.OPERATION#flowable-async-job-executor-thread-12415#
[UnbindServiceFromApplicationStep] Async service binding operation with id "30b7a7bd-4605-4cf7-a7b3-93cabee538cb" finished#
#2026 05 20 17:42:10.928#Z#DEBUG#2e5dd6e9-5473-11f1-b19a-eeee0a964b2e.OPERATION#flowable-async-job-executor-thread-12415#
Step "Unbind Service from Application" finished#
#2026 05 20 17:42:10.962#Z#DEBUG#2e5dd6e9-5473-11f1-b19a-eeee0a964b2e.OPERATION#flowable-async-job-executor-thread-12419#
[UnbindServiceFromApplicationStep] Executing task "unbindServiceFromApplicationTask" of process "365777d0-5473-11f1-90e8-eeee0a8a49fb"...#
#2026 05 20 17:42:10.964#Z#DEBUG#2e5dd6e9-5473-11f1-b19a-eeee0a964b2e.OPERATION#flowable-async-job-executor-thread-12419#
[UnbindServiceFromApplicationStep] Getting async job "62758d67-fc9d-4148-8737-386f56dfbf71"#
#2026 05 20 17:42:10.977#Z#DEBUG#2e5dd6e9-5473-11f1-b19a-eeee0a964b2e.OPERATION#flowable-async-job-executor-thread-12420#
[UnbindServiceFromApplicationStep] Executing task "unbindServiceFromApplicationTask" of process "3572e457-5473-11f1-a06e-eeee0a9b48e5"...#
#2026 05 20 17:42:10.978#Z#DEBUG#2e5dd6e9-5473-11f1-b19a-eeee0a964b2e.OPERATION#flowable-async-job-executor-thread-12420#
[UnbindServiceFromApplicationStep] Getting async job "b81b1ded-37ef-4a7b-8de3-012c40dae738"#
#2026 05 20 17:42:10.995#Z#DEBUG#2e5dd6e9-5473-11f1-b19a-eeee0a964b2e.OPERATION#flowable-async-job-executor-thread-12419#
[UnbindServiceFromApplicationStep] Getting service instance "axon-auth"...#
#2026 05 20 17:42:11.012#Z#DEBUG#2e5dd6e9-5473-11f1-b19a-eeee0a964b2e.OPERATION#flowable-async-job-executor-thread-12420#
[UnbindServiceFromApplicationStep] Getting service instance "axon-destination"...#
#2026 05 20 17:42:11.133#Z#DEBUG#2e5dd6e9-5473-11f1-b19a-eeee0a964b2e.OPERATION#flowable-async-job-executor-thread-12419#
[UnbindServiceFromApplicationStep] Async service binding operation with id "62758d67-fc9d-4148-8737-386f56dfbf71" finished#
#2026 05 20 17:42:11.134#Z#DEBUG#2e5dd6e9-5473-11f1-b19a-eeee0a964b2e.OPERATION#flowable-async-job-executor-thread-12419#
Step "Unbind Service from Application" finished#
#2026 05 20 17:42:11.145#Z#DEBUG#2e5dd6e9-5473-11f1-b19a-eeee0a964b2e.OPERATION#flowable-async-job-executor-thread-12420#
[UnbindServiceFromApplicationStep] Async service binding operation with id "b81b1ded-37ef-4a7b-8de3-012c40dae738" finished#
#2026 05 20 17:42:11.146#Z#DEBUG#2e5dd6e9-5473-11f1-b19a-eeee0a964b2e.OPERATION#flowable-async-job-executor-thread-12420#
Step "Unbind Service from Application" finished#
#2026 05 20 17:42:10.675#Z#DEBUG#2e5dd6e9-5473-11f1-b19a-eeee0a964b2e.OPERATION#flowable-async-job-executor-thread-12421#
[StartContentDeployStep] Executing task "startContentDeployTask" of process "36ad6007-5473-11f1-90e8-eeee0a8a49fb"...#
#2026 05 20 17:42:10.677#Z#DEBUG#2e5dd6e9-5473-11f1-b19a-eeee0a964b2e.OPERATION#flowable-async-job-executor-thread-12421#
[StartContentDeployStep] Checking status of module content deployment "axon-warehouse-ops-content" in service "axon-html5-host"...#
#2026 05 20 17:42:11.138#Z#DEBUG#2e5dd6e9-5473-11f1-b19a-eeee0a964b2e.OPERATION#flowable-async-job-executor-thread-12421#
[StartContentDeployStep] Deleting content deployment resource "d80cb80d-9a37-4230-b9f6-a8d0d2fa3375"...#
#2026 05 20 17:42:11.163#Z#DEBUG#2e5dd6e9-5473-11f1-b19a-eeee0a964b2e.OPERATION#flowable-async-job-executor-thread-12421#
Step "Start Content Deploy" finished#
#2026 05 20 17:42:11.077#Z#DEBUG#2e5dd6e9-5473-11f1-b19a-eeee0a964b2e.OPERATION#flowable-async-job-executor-thread-12418#
[BindServiceToApplicationStep] Executing task "bindServiceToApplicationTask" of process "3668b5a9-5473-11f1-90e8-eeee0a8a49fb"...#
#2026 05 20 17:42:11.079#Z#INFO#2e5dd6e9-5473-11f1-b19a-eeee0a964b2e.OPERATION#flowable-async-job-executor-thread-12418#
[BindServiceToApplicationStep] Binding service instance "axon-html5-rt" to application "axon-odata-api-app"...#
#2026 05 20 17:42:11.084#Z#DEBUG#2e5dd6e9-5473-11f1-b19a-eeee0a964b2e.OPERATION#flowable-async-job-executor-thread-12418#
[BindServiceToApplicationStep] Binding service instance "axon-html5-rt" to application "axon-odata-api-app" with parameters: { }#
#2026 05 20 17:42:11.175#Z#DEBUG#2e5dd6e9-5473-11f1-b19a-eeee0a964b2e.OPERATION#flowable-async-job-executor-thread-12419#
[BindServiceToApplicationStep] Executing task "bindServiceToApplicationTask" of process "365777d0-5473-11f1-90e8-eeee0a8a49fb"...#
#2026 05 20 17:42:11.176#Z#INFO#2e5dd6e9-5473-11f1-b19a-eeee0a964b2e.OPERATION#flowable-async-job-executor-thread-12419#
[BindServiceToApplicationStep] Binding service instance "axon-auth" to application "axon-odata-api-app"...#
#2026 05 20 17:42:11.182#Z#DEBUG#2e5dd6e9-5473-11f1-b19a-eeee0a964b2e.OPERATION#flowable-async-job-executor-thread-12419#
[BindServiceToApplicationStep] Binding service instance "axon-auth" to application "axon-odata-api-app" with parameters: { }#
#2026 05 20 17:42:11.189#Z#DEBUG#2e5dd6e9-5473-11f1-b19a-eeee0a964b2e.OPERATION#flowable-async-job-executor-thread-12420#
[BindServiceToApplicationStep] Executing task "bindServiceToApplicationTask" of process "3572e457-5473-11f1-a06e-eeee0a9b48e5"...#
#2026 05 20 17:42:11.190#Z#INFO#2e5dd6e9-5473-11f1-b19a-eeee0a964b2e.OPERATION#flowable-async-job-executor-thread-12420#
[BindServiceToApplicationStep] Binding service instance "axon-destination" to application "axon-odata-api-app"...#
#2026 05 20 17:42:11.196#Z#DEBUG#2e5dd6e9-5473-11f1-b19a-eeee0a964b2e.OPERATION#flowable-async-job-executor-thread-12420#
[BindServiceToApplicationStep] Binding service instance "axon-destination" to application "axon-odata-api-app" with parameters: { }#
#2026 05 20 17:42:11.215#Z#DEBUG#2e5dd6e9-5473-11f1-b19a-eeee0a964b2e.OPERATION#flowable-async-job-executor-thread-12418#
Step "Bind Service to Application" finished#
#2026 05 20 17:42:11.318#Z#DEBUG#2e5dd6e9-5473-11f1-b19a-eeee0a964b2e.OPERATION#flowable-async-job-executor-thread-12419#
Step "Bind Service to Application" finished#
#2026 05 20 17:42:11.336#Z#DEBUG#2e5dd6e9-5473-11f1-b19a-eeee0a964b2e.OPERATION#flowable-async-job-executor-thread-12420#
Step "Bind Service to Application" finished#
#2026 05 20 17:42:20.856#Z#DEBUG#2e5dd6e9-5473-11f1-b19a-eeee0a964b2e.OPERATION#flowable-async-job-executor-thread-11333#
[UnbindServiceFromApplicationStep] Executing task "unbindServiceFromApplicationTask" of process "389bc26e-5473-11f1-a06e-eeee0a9b48e5"...#
#2026 05 20 17:42:20.858#Z#DEBUG#2e5dd6e9-5473-11f1-b19a-eeee0a964b2e.OPERATION#flowable-async-job-executor-thread-11333#
[UnbindServiceFromApplicationStep] Getting async job "7c40f69f-3788-451d-ad48-7e56f5cdb1bb"#
#2026 05 20 17:42:20.886#Z#DEBUG#2e5dd6e9-5473-11f1-b19a-eeee0a964b2e.OPERATION#flowable-async-job-executor-thread-11333#
[UnbindServiceFromApplicationStep] Getting service instance "axon-auth"...#
#2026 05 20 17:42:21.017#Z#DEBUG#2e5dd6e9-5473-11f1-b19a-eeee0a964b2e.OPERATION#flowable-async-job-executor-thread-11333#
[UnbindServiceFromApplicationStep] Async service binding operation with id "7c40f69f-3788-451d-ad48-7e56f5cdb1bb" finished#
#2026 05 20 17:42:21.018#Z#DEBUG#2e5dd6e9-5473-11f1-b19a-eeee0a964b2e.OPERATION#flowable-async-job-executor-thread-11333#
Step "Unbind Service from Application" finished#
#2026 05 20 17:42:21.057#Z#DEBUG#2e5dd6e9-5473-11f1-b19a-eeee0a964b2e.OPERATION#flowable-async-job-executor-thread-11334#
[BindServiceToApplicationStep] Executing task "bindServiceToApplicationTask" of process "389bc26e-5473-11f1-a06e-eeee0a9b48e5"...#
#2026 05 20 17:42:21.059#Z#INFO#2e5dd6e9-5473-11f1-b19a-eeee0a964b2e.OPERATION#flowable-async-job-executor-thread-11334#
[BindServiceToApplicationStep] Binding service instance "axon-auth" to application "axon-odata-api"...#
#2026 05 20 17:42:21.067#Z#DEBUG#2e5dd6e9-5473-11f1-b19a-eeee0a964b2e.OPERATION#flowable-async-job-executor-thread-11334#
[BindServiceToApplicationStep] Binding service instance "axon-auth" to application "axon-odata-api" with parameters: { }#
#2026 05 20 17:42:21.187#Z#DEBUG#2e5dd6e9-5473-11f1-b19a-eeee0a964b2e.OPERATION#flowable-async-job-executor-thread-11334#
Step "Bind Service to Application" finished#
#2026 05 20 17:42:21.139#Z#DEBUG#2e5dd6e9-5473-11f1-b19a-eeee0a964b2e.OPERATION#flowable-async-job-executor-thread-12418#
[BindServiceToApplicationStep] Executing task "bindServiceToApplicationTask" of process "3668b5a9-5473-11f1-90e8-eeee0a8a49fb"...#
#2026 05 20 17:42:21.140#Z#DEBUG#2e5dd6e9-5473-11f1-b19a-eeee0a964b2e.OPERATION#flowable-async-job-executor-thread-12418#
[BindServiceToApplicationStep] Getting async job "35a4cc27-ac76-42bf-9f25-4e3e4c5dbacf"#
#2026 05 20 17:42:21.165#Z#DEBUG#2e5dd6e9-5473-11f1-b19a-eeee0a964b2e.OPERATION#flowable-async-job-executor-thread-12418#
[BindServiceToApplicationStep] Getting service instance "axon-html5-rt"...#
#2026 05 20 17:42:21.187#Z#DEBUG#2e5dd6e9-5473-11f1-b19a-eeee0a964b2e.OPERATION#flowable-async-job-executor-thread-12415#
[BindServiceToApplicationStep] Executing task "bindServiceToApplicationTask" of process "365777d0-5473-11f1-90e8-eeee0a8a49fb"...#
#2026 05 20 17:42:21.189#Z#DEBUG#2e5dd6e9-5473-11f1-b19a-eeee0a964b2e.OPERATION#flowable-async-job-executor-thread-12415#
[BindServiceToApplicationStep] Getting async job "09c7d820-dc01-4334-84a7-1079f969dd6f"#
#2026 05 20 17:42:21.190#Z#DEBUG#2e5dd6e9-5473-11f1-b19a-eeee0a964b2e.OPERATION#flowable-async-job-executor-thread-12423#
[BindServiceToApplicationStep] Executing task "bindServiceToApplicationTask" of process "3572e457-5473-11f1-a06e-eeee0a9b48e5"...#
#2026 05 20 17:42:21.192#Z#DEBUG#2e5dd6e9-5473-11f1-b19a-eeee0a964b2e.OPERATION#flowable-async-job-executor-thread-12423#
[BindServiceToApplicationStep] Getting async job "3d37784f-dd36-4796-beb8-a4eeef5145c8"#
#2026 05 20 17:42:21.214#Z#DEBUG#2e5dd6e9-5473-11f1-b19a-eeee0a964b2e.OPERATION#flowable-async-job-executor-thread-12415#
[BindServiceToApplicationStep] Getting service instance "axon-auth"...#
#2026 05 20 17:42:21.216#Z#DEBUG#2e5dd6e9-5473-11f1-b19a-eeee0a964b2e.OPERATION#flowable-async-job-executor-thread-12423#
[BindServiceToApplicationStep] Getting service instance "axon-destination"...#
#2026 05 20 17:42:21.317#Z#DEBUG#2e5dd6e9-5473-11f1-b19a-eeee0a964b2e.OPERATION#flowable-async-job-executor-thread-12418#
[BindServiceToApplicationStep] Async service binding operation with id "35a4cc27-ac76-42bf-9f25-4e3e4c5dbacf" finished#
#2026 05 20 17:42:21.319#Z#DEBUG#2e5dd6e9-5473-11f1-b19a-eeee0a964b2e.OPERATION#flowable-async-job-executor-thread-12418#
Step "Bind Service to Application" finished#
#2026 05 20 17:42:21.357#Z#DEBUG#2e5dd6e9-5473-11f1-b19a-eeee0a964b2e.OPERATION#flowable-async-job-executor-thread-12423#
[BindServiceToApplicationStep] Async service binding operation with id "3d37784f-dd36-4796-beb8-a4eeef5145c8" finished#
#2026 05 20 17:42:21.357#Z#DEBUG#2e5dd6e9-5473-11f1-b19a-eeee0a964b2e.OPERATION#flowable-async-job-executor-thread-12415#
[BindServiceToApplicationStep] Async service binding operation with id "09c7d820-dc01-4334-84a7-1079f969dd6f" finished#
#2026 05 20 17:42:21.358#Z#DEBUG#2e5dd6e9-5473-11f1-b19a-eeee0a964b2e.OPERATION#flowable-async-job-executor-thread-12423#
Step "Bind Service to Application" finished#
#2026 05 20 17:42:21.359#Z#DEBUG#2e5dd6e9-5473-11f1-b19a-eeee0a964b2e.OPERATION#flowable-async-job-executor-thread-12415#
Step "Bind Service to Application" finished#
#2026 05 20 17:42:21.749#Z#DEBUG#2e5dd6e9-5473-11f1-b19a-eeee0a964b2e.OPERATION#flowable-async-job-executor-thread-12422#
[DetermineVcapServicesPropertiesChangedStep] Executing task "determineVcapServicesPropertiesChangedTask" of process "4131a2d7-5473-11f1-a06e-eeee0a9b48e5"...#
#2026 05 20 17:42:21.753#Z#DEBUG#2e5dd6e9-5473-11f1-b19a-eeee0a964b2e.OPERATION#flowable-async-job-executor-thread-12422#
[DetermineVcapServicesPropertiesChangedStep] VCAP_SERVICES properties for application "axon-odata-api-app" changed: true#
#2026 05 20 17:42:21.753#Z#DEBUG#2e5dd6e9-5473-11f1-b19a-eeee0a964b2e.OPERATION#flowable-async-job-executor-thread-12422#
Step "Determine vcap services properties changed" finished#
#2026 05 20 17:42:21.784#Z#DEBUG#2e5dd6e9-5473-11f1-b19a-eeee0a964b2e.OPERATION#flowable-async-job-executor-thread-12422#
[UploadAppStep] Executing task "uploadAppTask" of process "4131a2d7-5473-11f1-a06e-eeee0a9b48e5"...#
#2026 05 20 17:42:21.786#Z#DEBUG#2e5dd6e9-5473-11f1-b19a-eeee0a964b2e.OPERATION#flowable-async-job-executor-thread-12422#
[UploadAppStep] Application upload timeout is default one: 3,600 seconds#
#2026 05 20 17:42:21.787#Z#INFO#2e5dd6e9-5473-11f1-b19a-eeee0a964b2e.OPERATION#flowable-async-job-executor-thread-12422#
[UploadAppStep] Uploading application "axon-odata-api-app"...#
#2026 05 20 17:42:21.795#Z#DEBUG#2e5dd6e9-5473-11f1-b19a-eeee0a964b2e.OPERATION#flowable-async-job-executor-thread-12422#
[UploadAppStep] Getting application "axon-odata-api-app"...#
#2026 05 20 17:42:21.838#Z#DEBUG#2e5dd6e9-5473-11f1-b19a-eeee0a964b2e.OPERATION#flowable-async-job-executor-thread-12422#
[UploadAppStep] Getting environment of application "fbe7a60c-9d59-4646-9863-1fb8863709b6"...#
#2026 05 20 17:42:21.875#Z#INFO#2e5dd6e9-5473-11f1-b19a-eeee0a964b2e.OPERATION#flowable-async-job-executor-thread-12422#
[UploadAppStep] Calculating application digest: "axon-odata-api-app"#
#2026 05 20 17:42:22.098#Z#DEBUG#2e5dd6e9-5473-11f1-b19a-eeee0a964b2e.OPERATION#flowable-async-job-executor-thread-12422#
Step "Upload App" finished#
#2026 05 20 17:42:31.028#Z#DEBUG#2e5dd6e9-5473-11f1-b19a-eeee0a964b2e.OPERATION#flowable-async-job-executor-thread-11343#
[BindServiceToApplicationStep] Executing task "bindServiceToApplicationTask" of process "389bc26e-5473-11f1-a06e-eeee0a9b48e5"...#
#2026 05 20 17:42:31.030#Z#DEBUG#2e5dd6e9-5473-11f1-b19a-eeee0a964b2e.OPERATION#flowable-async-job-executor-thread-11343#
[BindServiceToApplicationStep] Getting async job "9198659c-e3f3-4de6-8ea8-ffcbe5a6330c"#
#2026 05 20 17:42:31.060#Z#DEBUG#2e5dd6e9-5473-11f1-b19a-eeee0a964b2e.OPERATION#flowable-async-job-executor-thread-11343#
[BindServiceToApplicationStep] Getting service instance "axon-auth"...#
#2026 05 20 17:42:31.202#Z#DEBUG#2e5dd6e9-5473-11f1-b19a-eeee0a964b2e.OPERATION#flowable-async-job-executor-thread-11343#
[BindServiceToApplicationStep] Async service binding operation with id "9198659c-e3f3-4de6-8ea8-ffcbe5a6330c" finished#
#2026 05 20 17:42:31.203#Z#DEBUG#2e5dd6e9-5473-11f1-b19a-eeee0a964b2e.OPERATION#flowable-async-job-executor-thread-11343#
Step "Bind Service to Application" finished#
#2026 05 20 17:42:31.344#Z#DEBUG#2e5dd6e9-5473-11f1-b19a-eeee0a964b2e.OPERATION#flowable-async-job-executor-thread-11346#
[DetermineVcapServicesPropertiesChangedStep] Executing task "determineVcapServicesPropertiesChangedTask" of process "46e8578a-5473-11f1-90e8-eeee0a8a49fb"...#
#2026 05 20 17:42:31.346#Z#DEBUG#2e5dd6e9-5473-11f1-b19a-eeee0a964b2e.OPERATION#flowable-async-job-executor-thread-11346#
[DetermineVcapServicesPropertiesChangedStep] VCAP_SERVICES properties for application "axon-odata-api" changed: true#
#2026 05 20 17:42:31.346#Z#DEBUG#2e5dd6e9-5473-11f1-b19a-eeee0a964b2e.OPERATION#flowable-async-job-executor-thread-11346#
Step "Determine vcap services properties changed" finished#
#2026 05 20 17:42:31.382#Z#DEBUG#2e5dd6e9-5473-11f1-b19a-eeee0a964b2e.OPERATION#flowable-async-job-executor-thread-11347#
[UploadAppStep] Executing task "uploadAppTask" of process "46e8578a-5473-11f1-90e8-eeee0a8a49fb"...#
#2026 05 20 17:42:31.384#Z#DEBUG#2e5dd6e9-5473-11f1-b19a-eeee0a964b2e.OPERATION#flowable-async-job-executor-thread-11347#
[UploadAppStep] Application upload timeout is default one: 3,600 seconds#
#2026 05 20 17:42:31.384#Z#INFO#2e5dd6e9-5473-11f1-b19a-eeee0a964b2e.OPERATION#flowable-async-job-executor-thread-11347#
[UploadAppStep] Uploading application "axon-odata-api"...#
#2026 05 20 17:42:31.390#Z#DEBUG#2e5dd6e9-5473-11f1-b19a-eeee0a964b2e.OPERATION#flowable-async-job-executor-thread-11347#
[UploadAppStep] Getting application "axon-odata-api"...#
#2026 05 20 17:42:31.437#Z#DEBUG#2e5dd6e9-5473-11f1-b19a-eeee0a964b2e.OPERATION#flowable-async-job-executor-thread-11347#
[UploadAppStep] Getting environment of application "d92b9203-13f2-4150-992d-a89b2ef18ea4"...#
#2026 05 20 17:42:31.472#Z#INFO#2e5dd6e9-5473-11f1-b19a-eeee0a964b2e.OPERATION#flowable-async-job-executor-thread-11347#
[UploadAppStep] Calculating application digest: "axon-odata-api"#
#2026 05 20 17:42:31.734#Z#DEBUG#2e5dd6e9-5473-11f1-b19a-eeee0a964b2e.OPERATION#flowable-async-job-executor-thread-11347#
Step "Upload App" finished#
#2026 05 20 17:42:31.090#Z#DEBUG#2e5dd6e9-5473-11f1-b19a-eeee0a964b2e.OPERATION#flowable-async-job-executor-thread-10775#
[UploadAppStep] Executing task "uploadAppTask" of process "4131a2d7-5473-11f1-a06e-eeee0a9b48e5"...#
#2026 05 20 17:42:31.093#Z#DEBUG#2e5dd6e9-5473-11f1-b19a-eeee0a964b2e.OPERATION#flowable-async-job-executor-thread-10775#
[UploadAppStep] Application upload timeout is default one: 3,600 seconds#
#2026 05 20 17:42:31.097#Z#DEBUG#2e5dd6e9-5473-11f1-b19a-eeee0a964b2e.OPERATION#pool-21-thread-5#
[UploadAppStep] Upload of application: axon-odata-api-app started on instance: 1#
#2026 05 20 17:42:31.097#Z#DEBUG#2e5dd6e9-5473-11f1-b19a-eeee0a964b2e.OPERATION#pool-21-thread-5#
[UploadAppStep] Uploading file "axon-odata-api-app/data.zip" for application "axon-odata-api-app"#
#2026 05 20 17:42:31.460#Z#INFO#2e5dd6e9-5473-11f1-b19a-eeee0a964b2e.OPERATION#pool-21-thread-5#
[UploadAppStep] Time elapsed for app binary download: 362 in millis#
#2026 05 20 17:42:31.460#Z#INFO#2e5dd6e9-5473-11f1-b19a-eeee0a964b2e.OPERATION#pool-21-thread-5#
[UploadAppStep] Size of app axon-odata-api-app is 7,546,616 bytes#
#2026 05 20 17:42:31.460#Z#DEBUG#2e5dd6e9-5473-11f1-b19a-eeee0a964b2e.OPERATION#pool-21-thread-5#
[UploadAppStep] Asynchronously uploading binaries for application "axon-odata-api-app"...#
#2026 05 20 17:42:31.794#Z#INFO#2e5dd6e9-5473-11f1-b19a-eeee0a964b2e.OPERATION#pool-21-thread-5#
[UploadAppStep] Started async upload of application "axon-odata-api-app"#
#2026 05 20 17:42:31.803#Z#INFO#2e5dd6e9-5473-11f1-b19a-eeee0a964b2e.OPERATION#flowable-async-job-executor-thread-10775#
[UploadAppStep] Time elapsed for upload: 709 in millis#
#2026 05 20 17:42:31.803#Z#DEBUG#2e5dd6e9-5473-11f1-b19a-eeee0a964b2e.OPERATION#flowable-async-job-executor-thread-10775#
[UploadAppStep] Getting application "axon-odata-api-app"...#
#2026 05 20 17:42:31.815#Z#DEBUG#2e5dd6e9-5473-11f1-b19a-eeee0a964b2e.OPERATION#App upload monitor: 8eede5dc-cd0a-4456-b142-3c47c7f312bf#
[UploadAppStep] Upload status: PROCESSING_UPLOAD#
#2026 05 20 17:42:31.864#Z#DEBUG#2e5dd6e9-5473-11f1-b19a-eeee0a964b2e.OPERATION#flowable-async-job-executor-thread-10775#
[UploadAppStep] Getting environment of application "fbe7a60c-9d59-4646-9863-1fb8863709b6"...#
#2026 05 20 17:42:31.901#Z#DEBUG#2e5dd6e9-5473-11f1-b19a-eeee0a964b2e.OPERATION#flowable-async-job-executor-thread-10775#
[UploadAppStep] Updating environment of application "axon-odata-api-app"#
#2026 05 20 17:42:32.009#Z#DEBUG#2e5dd6e9-5473-11f1-b19a-eeee0a964b2e.OPERATION#flowable-async-job-executor-thread-10775#
Step "Upload App" finished#
#2026 05 20 17:42:41.190#Z#DEBUG#2e5dd6e9-5473-11f1-b19a-eeee0a964b2e.OPERATION#flowable-async-job-executor-thread-12425#
[UploadAppStep] Executing task "uploadAppTask" of process "46e8578a-5473-11f1-90e8-eeee0a8a49fb"...#
#2026 05 20 17:42:41.193#Z#DEBUG#2e5dd6e9-5473-11f1-b19a-eeee0a964b2e.OPERATION#flowable-async-job-executor-thread-12425#
[UploadAppStep] Application upload timeout is default one: 3,600 seconds#
#2026 05 20 17:42:41.194#Z#DEBUG#2e5dd6e9-5473-11f1-b19a-eeee0a964b2e.OPERATION#pool-21-thread-3#
[UploadAppStep] Upload of application: axon-odata-api started on instance: 0#
#2026 05 20 17:42:41.194#Z#DEBUG#2e5dd6e9-5473-11f1-b19a-eeee0a964b2e.OPERATION#pool-21-thread-3#
[UploadAppStep] Uploading file "axon-odata-api/data.zip" for application "axon-odata-api"#
#2026 05 20 17:42:41.532#Z#INFO#2e5dd6e9-5473-11f1-b19a-eeee0a964b2e.OPERATION#pool-21-thread-3#
[UploadAppStep] Time elapsed for app binary download: 337 in millis#
#2026 05 20 17:42:41.532#Z#INFO#2e5dd6e9-5473-11f1-b19a-eeee0a964b2e.OPERATION#pool-21-thread-3#
[UploadAppStep] Size of app axon-odata-api is 19,157,619 bytes#
#2026 05 20 17:42:41.532#Z#DEBUG#2e5dd6e9-5473-11f1-b19a-eeee0a964b2e.OPERATION#pool-21-thread-3#
[UploadAppStep] Asynchronously uploading binaries for application "axon-odata-api"...#
#2026 05 20 17:42:41.542#Z#DEBUG#2e5dd6e9-5473-11f1-b19a-eeee0a964b2e.OPERATION#flowable-async-job-executor-thread-12426#
[UploadAppStep] Executing task "uploadAppTask" of process "4131a2d7-5473-11f1-a06e-eeee0a9b48e5"...#
#2026 05 20 17:42:41.544#Z#DEBUG#2e5dd6e9-5473-11f1-b19a-eeee0a964b2e.OPERATION#flowable-async-job-executor-thread-12426#
[UploadAppStep] Application upload timeout is default one: 3,600 seconds#
#2026 05 20 17:42:41.545#Z#DEBUG#2e5dd6e9-5473-11f1-b19a-eeee0a964b2e.OPERATION#flowable-async-job-executor-thread-12426#
[UploadAppStep] Checking upload status of application "axon-odata-api-app"...#
#2026 05 20 17:42:41.546#Z#DEBUG#2e5dd6e9-5473-11f1-b19a-eeee0a964b2e.OPERATION#flowable-async-job-executor-thread-12426#
[UploadAppStep] Getting package "8eede5dc-cd0a-4456-b142-3c47c7f312bf"...#
#2026 05 20 17:42:41.573#Z#DEBUG#2e5dd6e9-5473-11f1-b19a-eeee0a964b2e.OPERATION#flowable-async-job-executor-thread-12426#
[UploadAppStep] Application "axon-odata-api-app" uploaded#
#2026 05 20 17:42:41.574#Z#DEBUG#2e5dd6e9-5473-11f1-b19a-eeee0a964b2e.OPERATION#flowable-async-job-executor-thread-12426#
Step "Upload App" finished#
#2026 05 20 17:42:41.740#Z#DEBUG#2e5dd6e9-5473-11f1-b19a-eeee0a964b2e.OPERATION#flowable-async-job-executor-thread-12428#
[ScaleAppStep] Executing task "scaleAppTask" of process "4131a2d7-5473-11f1-a06e-eeee0a9b48e5"...#
#2026 05 20 17:42:41.744#Z#DEBUG#2e5dd6e9-5473-11f1-b19a-eeee0a964b2e.OPERATION#flowable-async-job-executor-thread-12428#
[ScaleAppStep] Scaling application "axon-odata-api-app"...#
#2026 05 20 17:42:41.744#Z#DEBUG#2e5dd6e9-5473-11f1-b19a-eeee0a964b2e.OPERATION#flowable-async-job-executor-thread-12428#
[ScaleAppStep] Getting application guid "axon-odata-api-app"...#
#2026 05 20 17:42:41.788#Z#DEBUG#2e5dd6e9-5473-11f1-b19a-eeee0a964b2e.OPERATION#flowable-async-job-executor-thread-12428#
[ScaleAppStep] Getting process for application "fbe7a60c-9d59-4646-9863-1fb8863709b6"...#
#2026 05 20 17:42:41.820#Z#DEBUG#2e5dd6e9-5473-11f1-b19a-eeee0a964b2e.OPERATION#flowable-async-job-executor-thread-12428#
[ScaleAppStep] Application "axon-odata-api-app" scaled#
#2026 05 20 17:42:41.820#Z#DEBUG#2e5dd6e9-5473-11f1-b19a-eeee0a964b2e.OPERATION#flowable-async-job-executor-thread-12428#
Step "Scale App" finished#
#2026 05 20 17:42:36.841#Z#DEBUG#2e5dd6e9-5473-11f1-b19a-eeee0a964b2e.OPERATION#App upload monitor: 8eede5dc-cd0a-4456-b142-3c47c7f312bf#
[UploadAppStep] Upload status: PROCESSING_UPLOAD#
#2026 05 20 17:42:41.864#Z#DEBUG#2e5dd6e9-5473-11f1-b19a-eeee0a964b2e.OPERATION#App upload monitor: 8eede5dc-cd0a-4456-b142-3c47c7f312bf#
[UploadAppStep] Upload status: READY#
#2026 05 20 17:42:41.854#Z#DEBUG#2e5dd6e9-5473-11f1-b19a-eeee0a964b2e.OPERATION#flowable-async-job-executor-thread-12426#
[DetermineDesiredStateAchievingActionsStep] Executing task "determineDesiredStateAchievingActionsTask" of process "4131a2d7-5473-11f1-a06e-eeee0a9b48e5"...#
#2026 05 20 17:42:41.856#Z#DEBUG#2e5dd6e9-5473-11f1-b19a-eeee0a964b2e.OPERATION#flowable-async-job-executor-thread-12426#
[DetermineDesiredStateAchievingActionsStep] Getting application "axon-odata-api-app"...#
#2026 05 20 17:42:41.896#Z#DEBUG#2e5dd6e9-5473-11f1-b19a-eeee0a964b2e.OPERATION#flowable-async-job-executor-thread-12426#
[DetermineDesiredStateAchievingActionsStep] Getting instances for application "axon-odata-api-app"...#
#2026 05 20 17:42:41.935#Z#DEBUG#2e5dd6e9-5473-11f1-b19a-eeee0a964b2e.OPERATION#flowable-async-job-executor-thread-12426#
[DetermineDesiredStateAchievingActionsStep] Getting environment of application "fbe7a60c-9d59-4646-9863-1fb8863709b6"...#
#2026 05 20 17:42:41.964#Z#DEBUG#2e5dd6e9-5473-11f1-b19a-eeee0a964b2e.OPERATION#flowable-async-job-executor-thread-12426#
[DetermineDesiredStateAchievingActionsStep] Current state of application axon-odata-api-app: STARTED#
#2026 05 20 17:42:41.965#Z#DEBUG#2e5dd6e9-5473-11f1-b19a-eeee0a964b2e.OPERATION#flowable-async-job-executor-thread-12426#
[DetermineDesiredStateAchievingActionsStep] Desired state of application axon-odata-api-app: STARTED#
#2026 05 20 17:42:41.965#Z#DEBUG#2e5dd6e9-5473-11f1-b19a-eeee0a964b2e.OPERATION#flowable-async-job-executor-thread-12426#
[DetermineDesiredStateAchievingActionsStep] Actions that should be executed on application axon-odata-api-app: [STOP, STAGE, START]#
#2026 05 20 17:42:41.965#Z#DEBUG#2e5dd6e9-5473-11f1-b19a-eeee0a964b2e.OPERATION#flowable-async-job-executor-thread-12426#
Step "Determine Desired State Achieving Actions" finished#
#2026 05 20 17:42:41.853#Z#INFO#2e5dd6e9-5473-11f1-b19a-eeee0a964b2e.OPERATION#pool-21-thread-3#
[UploadAppStep] Started async upload of application "axon-odata-api"#
#2026 05 20 17:42:41.860#Z#INFO#2e5dd6e9-5473-11f1-b19a-eeee0a964b2e.OPERATION#flowable-async-job-executor-thread-12425#
[UploadAppStep] Time elapsed for upload: 667 in millis#
#2026 05 20 17:42:41.860#Z#DEBUG#2e5dd6e9-5473-11f1-b19a-eeee0a964b2e.OPERATION#flowable-async-job-executor-thread-12425#
[UploadAppStep] Getting application "axon-odata-api"...#
#2026 05 20 17:42:41.874#Z#DEBUG#2e5dd6e9-5473-11f1-b19a-eeee0a964b2e.OPERATION#App upload monitor: 579cf21f-5fb6-489f-b54e-ff566b9166ee#
[UploadAppStep] Upload status: PROCESSING_UPLOAD#
#2026 05 20 17:42:41.914#Z#DEBUG#2e5dd6e9-5473-11f1-b19a-eeee0a964b2e.OPERATION#flowable-async-job-executor-thread-12425#
[UploadAppStep] Getting environment of application "d92b9203-13f2-4150-992d-a89b2ef18ea4"...#
#2026 05 20 17:42:41.949#Z#DEBUG#2e5dd6e9-5473-11f1-b19a-eeee0a964b2e.OPERATION#flowable-async-job-executor-thread-12425#
[UploadAppStep] Updating environment of application "axon-odata-api"#
#2026 05 20 17:42:42.041#Z#DEBUG#2e5dd6e9-5473-11f1-b19a-eeee0a964b2e.OPERATION#flowable-async-job-executor-thread-12425#
Step "Upload App" finished#
#2026 05 20 17:42:42.055#Z#DEBUG#2e5dd6e9-5473-11f1-b19a-eeee0a964b2e.OPERATION#flowable-async-job-executor-thread-12428#
[StopAppStep] Executing task "stopAppTask" of process "4131a2d7-5473-11f1-a06e-eeee0a9b48e5"...#
#2026 05 20 17:42:42.058#Z#INFO#2e5dd6e9-5473-11f1-b19a-eeee0a964b2e.OPERATION#flowable-async-job-executor-thread-12428#
[StopAppStep] Stopping application "axon-odata-api-app"...#
#2026 05 20 17:42:42.082#Z#DEBUG#2e5dd6e9-5473-11f1-b19a-eeee0a964b2e.OPERATION#flowable-async-job-executor-thread-12428#
[StopAppStep] Stopping application "axon-odata-api-app"...#
#2026 05 20 17:42:42.220#Z#DEBUG#2e5dd6e9-5473-11f1-b19a-eeee0a964b2e.OPERATION#flowable-async-job-executor-thread-12428#
[StopAppStep] Application "axon-odata-api-app" stopped#
#2026 05 20 17:42:42.220#Z#DEBUG#2e5dd6e9-5473-11f1-b19a-eeee0a964b2e.OPERATION#flowable-async-job-executor-thread-12428#
[StopAppStep] Getting environment of application "fbe7a60c-9d59-4646-9863-1fb8863709b6"...#
#2026 05 20 17:42:42.279#Z#DEBUG#2e5dd6e9-5473-11f1-b19a-eeee0a964b2e.OPERATION#flowable-async-job-executor-thread-12428#
Step "Stop App" finished#
#2026 05 20 17:42:42.460#Z#DEBUG#2e5dd6e9-5473-11f1-b19a-eeee0a964b2e.OPERATION#flowable-async-job-executor-thread-12428#
[StageAppStep] Executing task "stageAppTask" of process "4d79b4cf-5473-11f1-a06e-eeee0a9b48e5"...#
#2026 05 20 17:42:42.481#Z#DEBUG#2e5dd6e9-5473-11f1-b19a-eeee0a964b2e.OPERATION#flowable-async-job-executor-thread-12428#
[StageAppStep] Application stage timeout is default one: 3,600 seconds#
#2026 05 20 17:42:42.503#Z#INFO#2e5dd6e9-5473-11f1-b19a-eeee0a964b2e.OPERATION#flowable-async-job-executor-thread-12428#
[StageAppStep] Staging application "axon-odata-api-app"...#
#2026 05 20 17:42:42.534#Z#DEBUG#2e5dd6e9-5473-11f1-b19a-eeee0a964b2e.OPERATION#flowable-async-job-executor-thread-12428#
[StageAppStep] Creating build for package "8eede5dc-cd0a-4456-b142-3c47c7f312bf"...#
#2026 05 20 17:42:44.660#Z#DEBUG#2e5dd6e9-5473-11f1-b19a-eeee0a964b2e.OPERATION#flowable-async-job-executor-thread-12428#
Step "Stage App" finished#
#2026 05 20 17:42:51.342#Z#DEBUG#2e5dd6e9-5473-11f1-b19a-eeee0a964b2e.OPERATION#flowable-async-job-executor-thread-11361#
[UploadAppStep] Executing task "uploadAppTask" of process "46e8578a-5473-11f1-90e8-eeee0a8a49fb"...#
#2026 05 20 17:42:51.344#Z#DEBUG#2e5dd6e9-5473-11f1-b19a-eeee0a964b2e.OPERATION#flowable-async-job-executor-thread-11361#
[UploadAppStep] Application upload timeout is default one: 3,600 seconds#
#2026 05 20 17:42:51.344#Z#DEBUG#2e5dd6e9-5473-11f1-b19a-eeee0a964b2e.OPERATION#flowable-async-job-executor-thread-11361#
[UploadAppStep] Checking upload status of application "axon-odata-api"...#
#2026 05 20 17:42:51.345#Z#DEBUG#2e5dd6e9-5473-11f1-b19a-eeee0a964b2e.OPERATION#flowable-async-job-executor-thread-11361#
[UploadAppStep] Getting package "579cf21f-5fb6-489f-b54e-ff566b9166ee"...#
#2026 05 20 17:42:51.370#Z#DEBUG#2e5dd6e9-5473-11f1-b19a-eeee0a964b2e.OPERATION#flowable-async-job-executor-thread-11361#
[UploadAppStep] Application "axon-odata-api" uploaded#
#2026 05 20 17:42:51.371#Z#DEBUG#2e5dd6e9-5473-11f1-b19a-eeee0a964b2e.OPERATION#flowable-async-job-executor-thread-11361#
Step "Upload App" finished#
#2026 05 20 17:42:51.411#Z#DEBUG#2e5dd6e9-5473-11f1-b19a-eeee0a964b2e.OPERATION#flowable-async-job-executor-thread-11363#
[ScaleAppStep] Executing task "scaleAppTask" of process "46e8578a-5473-11f1-90e8-eeee0a8a49fb"...#
#2026 05 20 17:42:51.414#Z#DEBUG#2e5dd6e9-5473-11f1-b19a-eeee0a964b2e.OPERATION#flowable-async-job-executor-thread-11363#
[ScaleAppStep] Scaling application "axon-odata-api"...#
#2026 05 20 17:42:51.414#Z#DEBUG#2e5dd6e9-5473-11f1-b19a-eeee0a964b2e.OPERATION#flowable-async-job-executor-thread-11363#
[ScaleAppStep] Getting application guid "axon-odata-api"...#
#2026 05 20 17:42:51.451#Z#DEBUG#2e5dd6e9-5473-11f1-b19a-eeee0a964b2e.OPERATION#flowable-async-job-executor-thread-11363#
[ScaleAppStep] Getting process for application "d92b9203-13f2-4150-992d-a89b2ef18ea4"...#
#2026 05 20 17:42:51.484#Z#DEBUG#2e5dd6e9-5473-11f1-b19a-eeee0a964b2e.OPERATION#flowable-async-job-executor-thread-11363#
[ScaleAppStep] Application "axon-odata-api" scaled#
#2026 05 20 17:42:51.484#Z#DEBUG#2e5dd6e9-5473-11f1-b19a-eeee0a964b2e.OPERATION#flowable-async-job-executor-thread-11363#
Step "Scale App" finished#
#2026 05 20 17:42:51.409#Z#DEBUG#2e5dd6e9-5473-11f1-b19a-eeee0a964b2e.OPERATION#flowable-async-job-executor-thread-10789#
[StageAppStep] Executing task "stageAppTask" of process "4d79b4cf-5473-11f1-a06e-eeee0a9b48e5"...#
#2026 05 20 17:42:51.412#Z#DEBUG#2e5dd6e9-5473-11f1-b19a-eeee0a964b2e.OPERATION#flowable-async-job-executor-thread-10789#
[StageAppStep] Application stage timeout is default one: 3,600 seconds#
#2026 05 20 17:42:51.413#Z#DEBUG#2e5dd6e9-5473-11f1-b19a-eeee0a964b2e.OPERATION#flowable-async-job-executor-thread-10789#
[StageAppStep] Checking status of application "axon-odata-api-app"...#
#2026 05 20 17:42:51.413#Z#DEBUG#2e5dd6e9-5473-11f1-b19a-eeee0a964b2e.OPERATION#flowable-async-job-executor-thread-10789#
[StageAppStep] Getting build "843a47d3-d602-46d7-89e5-f0cef602611b"...#
#2026 05 20 17:42:51.445#Z#DEBUG#2e5dd6e9-5473-11f1-b19a-eeee0a964b2e.OPERATION#flowable-async-job-executor-thread-10789#
[StageAppStep] Staging status of application "axon-odata-api-app": PENDING#
#2026 05 20 17:42:51.446#Z#DEBUG#2e5dd6e9-5473-11f1-b19a-eeee0a964b2e.OPERATION#flowable-async-job-executor-thread-10789#
[StageAppStep] Getting application guid "axon-odata-api-app"...#
#2026 05 20 17:42:51.569#Z#DEBUG#2e5dd6e9-5473-11f1-b19a-eeee0a964b2e.OPERATION#flowable-async-job-executor-thread-10789#
Step "Stage App" finished#
#2026 05 20 17:42:51.530#Z#DEBUG#2e5dd6e9-5473-11f1-b19a-eeee0a964b2e.OPERATION#flowable-async-job-executor-thread-11364#
[DetermineDesiredStateAchievingActionsStep] Executing task "determineDesiredStateAchievingActionsTask" of process "46e8578a-5473-11f1-90e8-eeee0a8a49fb"...#
#2026 05 20 17:42:51.532#Z#DEBUG#2e5dd6e9-5473-11f1-b19a-eeee0a964b2e.OPERATION#flowable-async-job-executor-thread-11364#
[DetermineDesiredStateAchievingActionsStep] Getting application "axon-odata-api"...#
#2026 05 20 17:42:51.578#Z#DEBUG#2e5dd6e9-5473-11f1-b19a-eeee0a964b2e.OPERATION#flowable-async-job-executor-thread-11364#
[DetermineDesiredStateAchievingActionsStep] Getting instances for application "axon-odata-api"...#
#2026 05 20 17:42:51.640#Z#DEBUG#2e5dd6e9-5473-11f1-b19a-eeee0a964b2e.OPERATION#flowable-async-job-executor-thread-11364#
[DetermineDesiredStateAchievingActionsStep] Getting environment of application "d92b9203-13f2-4150-992d-a89b2ef18ea4"...#
#2026 05 20 17:42:51.669#Z#DEBUG#2e5dd6e9-5473-11f1-b19a-eeee0a964b2e.OPERATION#flowable-async-job-executor-thread-11364#
[DetermineDesiredStateAchievingActionsStep] Current state of application axon-odata-api: STARTED#
#2026 05 20 17:42:51.669#Z#DEBUG#2e5dd6e9-5473-11f1-b19a-eeee0a964b2e.OPERATION#flowable-async-job-executor-thread-11364#
[DetermineDesiredStateAchievingActionsStep] Desired state of application axon-odata-api: STARTED#
#2026 05 20 17:42:51.669#Z#DEBUG#2e5dd6e9-5473-11f1-b19a-eeee0a964b2e.OPERATION#flowable-async-job-executor-thread-11364#
[DetermineDesiredStateAchievingActionsStep] Actions that should be executed on application axon-odata-api: [STOP, STAGE, START]#
#2026 05 20 17:42:51.669#Z#DEBUG#2e5dd6e9-5473-11f1-b19a-eeee0a964b2e.OPERATION#flowable-async-job-executor-thread-11364#
Step "Determine Desired State Achieving Actions" finished#
#2026 05 20 17:42:51.707#Z#DEBUG#2e5dd6e9-5473-11f1-b19a-eeee0a964b2e.OPERATION#flowable-async-job-executor-thread-11364#
[StopAppStep] Executing task "stopAppTask" of process "46e8578a-5473-11f1-90e8-eeee0a8a49fb"...#
#2026 05 20 17:42:51.710#Z#INFO#2e5dd6e9-5473-11f1-b19a-eeee0a964b2e.OPERATION#flowable-async-job-executor-thread-11364#
[StopAppStep] Stopping application "axon-odata-api"...#
#2026 05 20 17:42:51.717#Z#DEBUG#2e5dd6e9-5473-11f1-b19a-eeee0a964b2e.OPERATION#flowable-async-job-executor-thread-11364#
[StopAppStep] Stopping application "axon-odata-api"...#
#2026 05 20 17:42:51.859#Z#DEBUG#2e5dd6e9-5473-11f1-b19a-eeee0a964b2e.OPERATION#flowable-async-job-executor-thread-11364#
[StopAppStep] Application "axon-odata-api" stopped#
#2026 05 20 17:42:51.859#Z#DEBUG#2e5dd6e9-5473-11f1-b19a-eeee0a964b2e.OPERATION#flowable-async-job-executor-thread-11364#
[StopAppStep] Getting environment of application "d92b9203-13f2-4150-992d-a89b2ef18ea4"...#
#2026 05 20 17:42:51.896#Z#DEBUG#2e5dd6e9-5473-11f1-b19a-eeee0a964b2e.OPERATION#flowable-async-job-executor-thread-11364#
Step "Stop App" finished#
#2026 05 20 17:42:46.896#Z#DEBUG#2e5dd6e9-5473-11f1-b19a-eeee0a964b2e.OPERATION#App upload monitor: 579cf21f-5fb6-489f-b54e-ff566b9166ee#
[UploadAppStep] Upload status: PROCESSING_UPLOAD#
#2026 05 20 17:42:51.931#Z#DEBUG#2e5dd6e9-5473-11f1-b19a-eeee0a964b2e.OPERATION#App upload monitor: 579cf21f-5fb6-489f-b54e-ff566b9166ee#
[UploadAppStep] Upload status: READY#
#2026 05 20 17:42:51.975#Z#DEBUG#2e5dd6e9-5473-11f1-b19a-eeee0a964b2e.OPERATION#flowable-async-job-executor-thread-11364#
[StageAppStep] Executing task "stageAppTask" of process "5333775a-5473-11f1-90e8-eeee0a8a49fb"...#
#2026 05 20 17:42:51.978#Z#DEBUG#2e5dd6e9-5473-11f1-b19a-eeee0a964b2e.OPERATION#flowable-async-job-executor-thread-11364#
[StageAppStep] Application stage timeout is default one: 3,600 seconds#
#2026 05 20 17:42:51.982#Z#INFO#2e5dd6e9-5473-11f1-b19a-eeee0a964b2e.OPERATION#flowable-async-job-executor-thread-11364#
[StageAppStep] Staging application "axon-odata-api"...#
#2026 05 20 17:42:51.990#Z#DEBUG#2e5dd6e9-5473-11f1-b19a-eeee0a964b2e.OPERATION#flowable-async-job-executor-thread-11364#
[StageAppStep] Creating build for package "579cf21f-5fb6-489f-b54e-ff566b9166ee"...#
#2026 05 20 17:42:53.569#Z#DEBUG#2e5dd6e9-5473-11f1-b19a-eeee0a964b2e.OPERATION#flowable-async-job-executor-thread-11364#
Step "Stage App" finished#
#2026 05 20 17:43:01.430#Z#DEBUG#2e5dd6e9-5473-11f1-b19a-eeee0a964b2e.OPERATION#flowable-async-job-executor-thread-12442#
[StageAppStep] Executing task "stageAppTask" of process "4d79b4cf-5473-11f1-a06e-eeee0a9b48e5"...#
#2026 05 20 17:43:01.432#Z#DEBUG#2e5dd6e9-5473-11f1-b19a-eeee0a964b2e.OPERATION#flowable-async-job-executor-thread-12442#
[StageAppStep] Application stage timeout is default one: 3,600 seconds#
#2026 05 20 17:43:01.433#Z#DEBUG#2e5dd6e9-5473-11f1-b19a-eeee0a964b2e.OPERATION#flowable-async-job-executor-thread-12442#
[StageAppStep] Checking status of application "axon-odata-api-app"...#
#2026 05 20 17:43:01.433#Z#DEBUG#2e5dd6e9-5473-11f1-b19a-eeee0a964b2e.OPERATION#flowable-async-job-executor-thread-12442#
[StageAppStep] Getting build "843a47d3-d602-46d7-89e5-f0cef602611b"...#
#2026 05 20 17:43:01.471#Z#DEBUG#2e5dd6e9-5473-11f1-b19a-eeee0a964b2e.OPERATION#flowable-async-job-executor-thread-12442#
[StageAppStep] Staging status of application "axon-odata-api-app": PENDING#
#2026 05 20 17:43:01.472#Z#DEBUG#2e5dd6e9-5473-11f1-b19a-eeee0a964b2e.OPERATION#flowable-async-job-executor-thread-12442#
[StageAppStep] Getting application guid "axon-odata-api-app"...#
#2026 05 20 17:43:01.540#Z#DEBUG#2e5dd6e9-5473-11f1-b19a-eeee0a964b2e.OPERATION#flowable-async-job-executor-thread-12441#
[StageAppStep] Executing task "stageAppTask" of process "5333775a-5473-11f1-90e8-eeee0a8a49fb"...#
#2026 05 20 17:43:01.542#Z#DEBUG#2e5dd6e9-5473-11f1-b19a-eeee0a964b2e.OPERATION#flowable-async-job-executor-thread-12441#
[StageAppStep] Application stage timeout is default one: 3,600 seconds#
#2026 05 20 17:43:01.543#Z#DEBUG#2e5dd6e9-5473-11f1-b19a-eeee0a964b2e.OPERATION#flowable-async-job-executor-thread-12441#
[StageAppStep] Checking status of application "axon-odata-api"...#
#2026 05 20 17:43:01.543#Z#DEBUG#2e5dd6e9-5473-11f1-b19a-eeee0a964b2e.OPERATION#flowable-async-job-executor-thread-12441#
[StageAppStep] Getting build "5da26684-ff33-4a65-b80f-847d5d345a2f"...#
#2026 05 20 17:43:01.570#Z#DEBUG#2e5dd6e9-5473-11f1-b19a-eeee0a964b2e.OPERATION#flowable-async-job-executor-thread-12442#
Step "Stage App" finished#
#2026 05 20 17:43:01.575#Z#DEBUG#2e5dd6e9-5473-11f1-b19a-eeee0a964b2e.OPERATION#flowable-async-job-executor-thread-12441#
[StageAppStep] Staging status of application "axon-odata-api": PENDING#
#2026 05 20 17:43:01.577#Z#DEBUG#2e5dd6e9-5473-11f1-b19a-eeee0a964b2e.OPERATION#flowable-async-job-executor-thread-12441#
[StageAppStep] Getting application guid "axon-odata-api"...#
#2026 05 20 17:43:01.675#Z#DEBUG#2e5dd6e9-5473-11f1-b19a-eeee0a964b2e.OPERATION#flowable-async-job-executor-thread-12441#
Step "Stage App" finished#
#2026 05 20 17:43:11.548#Z#DEBUG#2e5dd6e9-5473-11f1-b19a-eeee0a964b2e.OPERATION#flowable-async-job-executor-thread-12449#
[StageAppStep] Executing task "stageAppTask" of process "4d79b4cf-5473-11f1-a06e-eeee0a9b48e5"...#
#2026 05 20 17:43:11.550#Z#DEBUG#2e5dd6e9-5473-11f1-b19a-eeee0a964b2e.OPERATION#flowable-async-job-executor-thread-12449#
[StageAppStep] Application stage timeout is default one: 3,600 seconds#
#2026 05 20 17:43:11.551#Z#DEBUG#2e5dd6e9-5473-11f1-b19a-eeee0a964b2e.OPERATION#flowable-async-job-executor-thread-12449#
[StageAppStep] Checking status of application "axon-odata-api-app"...#
#2026 05 20 17:43:11.551#Z#DEBUG#2e5dd6e9-5473-11f1-b19a-eeee0a964b2e.OPERATION#flowable-async-job-executor-thread-12449#
[StageAppStep] Getting build "843a47d3-d602-46d7-89e5-f0cef602611b"...#
#2026 05 20 17:43:11.590#Z#DEBUG#2e5dd6e9-5473-11f1-b19a-eeee0a964b2e.OPERATION#flowable-async-job-executor-thread-12449#
[StageAppStep] Staging status of application "axon-odata-api-app": PENDING#
#2026 05 20 17:43:11.591#Z#DEBUG#2e5dd6e9-5473-11f1-b19a-eeee0a964b2e.OPERATION#flowable-async-job-executor-thread-12449#
[StageAppStep] Getting application guid "axon-odata-api-app"...#
#2026 05 20 17:43:11.718#Z#DEBUG#2e5dd6e9-5473-11f1-b19a-eeee0a964b2e.OPERATION#flowable-async-job-executor-thread-12449#
Step "Stage App" finished#
#2026 05 20 17:43:11.616#Z#DEBUG#2e5dd6e9-5473-11f1-b19a-eeee0a964b2e.OPERATION#flowable-async-job-executor-thread-10802#
[StageAppStep] Executing task "stageAppTask" of process "5333775a-5473-11f1-90e8-eeee0a8a49fb"...#
#2026 05 20 17:43:11.621#Z#DEBUG#2e5dd6e9-5473-11f1-b19a-eeee0a964b2e.OPERATION#flowable-async-job-executor-thread-10802#
[StageAppStep] Application stage timeout is default one: 3,600 seconds#
#2026 05 20 17:43:11.623#Z#DEBUG#2e5dd6e9-5473-11f1-b19a-eeee0a964b2e.OPERATION#flowable-async-job-executor-thread-10802#
[StageAppStep] Checking status of application "axon-odata-api"...#
#2026 05 20 17:43:11.623#Z#DEBUG#2e5dd6e9-5473-11f1-b19a-eeee0a964b2e.OPERATION#flowable-async-job-executor-thread-10802#
[StageAppStep] Getting build "5da26684-ff33-4a65-b80f-847d5d345a2f"...#
#2026 05 20 17:43:11.654#Z#DEBUG#2e5dd6e9-5473-11f1-b19a-eeee0a964b2e.OPERATION#flowable-async-job-executor-thread-10802#
[StageAppStep] Staging status of application "axon-odata-api": PENDING#
#2026 05 20 17:43:11.656#Z#DEBUG#2e5dd6e9-5473-11f1-b19a-eeee0a964b2e.OPERATION#flowable-async-job-executor-thread-10802#
[StageAppStep] Getting application guid "axon-odata-api"...#
#2026 05 20 17:43:11.765#Z#DEBUG#2e5dd6e9-5473-11f1-b19a-eeee0a964b2e.OPERATION#flowable-async-job-executor-thread-10802#
Step "Stage App" finished#
#2026 05 20 17:43:21.678#Z#DEBUG#2e5dd6e9-5473-11f1-b19a-eeee0a964b2e.OPERATION#flowable-async-job-executor-thread-12450#
[StageAppStep] Executing task "stageAppTask" of process "4d79b4cf-5473-11f1-a06e-eeee0a9b48e5"...#
#2026 05 20 17:43:21.680#Z#DEBUG#2e5dd6e9-5473-11f1-b19a-eeee0a964b2e.OPERATION#flowable-async-job-executor-thread-12450#
[StageAppStep] Application stage timeout is default one: 3,600 seconds#
#2026 05 20 17:43:21.681#Z#DEBUG#2e5dd6e9-5473-11f1-b19a-eeee0a964b2e.OPERATION#flowable-async-job-executor-thread-12450#
[StageAppStep] Checking status of application "axon-odata-api-app"...#
#2026 05 20 17:43:21.681#Z#DEBUG#2e5dd6e9-5473-11f1-b19a-eeee0a964b2e.OPERATION#flowable-async-job-executor-thread-12450#
[StageAppStep] Getting build "843a47d3-d602-46d7-89e5-f0cef602611b"...#
#2026 05 20 17:43:21.718#Z#DEBUG#2e5dd6e9-5473-11f1-b19a-eeee0a964b2e.OPERATION#flowable-async-job-executor-thread-12450#
[StageAppStep] Staging status of application "axon-odata-api-app": STAGED#
#2026 05 20 17:43:21.719#Z#DEBUG#2e5dd6e9-5473-11f1-b19a-eeee0a964b2e.OPERATION#flowable-async-job-executor-thread-12450#
[StageAppStep] Getting application guid "axon-odata-api-app"...#
#2026 05 20 17:43:21.743#Z#DEBUG#2e5dd6e9-5473-11f1-b19a-eeee0a964b2e.OPERATION#flowable-async-job-executor-thread-12453#
[StageAppStep] Executing task "stageAppTask" of process "5333775a-5473-11f1-90e8-eeee0a8a49fb"...#
#2026 05 20 17:43:21.745#Z#DEBUG#2e5dd6e9-5473-11f1-b19a-eeee0a964b2e.OPERATION#flowable-async-job-executor-thread-12453#
[StageAppStep] Application stage timeout is default one: 3,600 seconds#
#2026 05 20 17:43:21.746#Z#DEBUG#2e5dd6e9-5473-11f1-b19a-eeee0a964b2e.OPERATION#flowable-async-job-executor-thread-12453#
[StageAppStep] Checking status of application "axon-odata-api"...#
#2026 05 20 17:43:21.746#Z#DEBUG#2e5dd6e9-5473-11f1-b19a-eeee0a964b2e.OPERATION#flowable-async-job-executor-thread-12453#
[StageAppStep] Getting build "5da26684-ff33-4a65-b80f-847d5d345a2f"...#
#2026 05 20 17:43:21.783#Z#DEBUG#2e5dd6e9-5473-11f1-b19a-eeee0a964b2e.OPERATION#flowable-async-job-executor-thread-12453#
[StageAppStep] Staging status of application "axon-odata-api": PENDING#
#2026 05 20 17:43:21.785#Z#DEBUG#2e5dd6e9-5473-11f1-b19a-eeee0a964b2e.OPERATION#flowable-async-job-executor-thread-12453#
[StageAppStep] Getting application guid "axon-odata-api"...#
#2026 05 20 17:43:21.806#Z#DEBUG#2e5dd6e9-5473-11f1-b19a-eeee0a964b2e.OPERATION#flowable-async-job-executor-thread-12450#
[StageAppStep] Getting build "843a47d3-d602-46d7-89e5-f0cef602611b"...#
#2026 05 20 17:43:21.853#Z#DEBUG#2e5dd6e9-5473-11f1-b19a-eeee0a964b2e.OPERATION#flowable-async-job-executor-thread-12450#
[StageAppStep] Binding droplet "56837d76-72b6-4d74-b729-e63cb64aa544" to application "fbe7a60c-9d59-4646-9863-1fb8863709b6"...#
#2026 05 20 17:43:21.896#Z#DEBUG#2e5dd6e9-5473-11f1-b19a-eeee0a964b2e.OPERATION#flowable-async-job-executor-thread-12453#
Step "Stage App" finished#
#2026 05 20 17:43:21.910#Z#INFO#2e5dd6e9-5473-11f1-b19a-eeee0a964b2e.OPERATION#flowable-async-job-executor-thread-12450#
[StageAppStep] Application "axon-odata-api-app" staged#
#2026 05 20 17:43:21.917#Z#DEBUG#2e5dd6e9-5473-11f1-b19a-eeee0a964b2e.OPERATION#flowable-async-job-executor-thread-12450#
Step "Stage App" finished#
#2026 05 20 17:43:21.960#Z#DEBUG#2e5dd6e9-5473-11f1-b19a-eeee0a964b2e.OPERATION#flowable-async-job-executor-thread-12450#
[RestartAppStep] Executing task "startAppTask" of process "4d79b4cf-5473-11f1-a06e-eeee0a9b48e5"...#
#2026 05 20 17:43:21.964#Z#DEBUG#2e5dd6e9-5473-11f1-b19a-eeee0a964b2e.OPERATION#flowable-async-job-executor-thread-12450#
[RestartAppStep] Application start timeout is default one: 3,600 seconds#
#2026 05 20 17:43:21.969#Z#DEBUG#2e5dd6e9-5473-11f1-b19a-eeee0a964b2e.OPERATION#flowable-async-job-executor-thread-12450#
[RestartAppStep] Getting application "axon-odata-api-app"...#
#2026 05 20 17:43:22.006#Z#INFO#2e5dd6e9-5473-11f1-b19a-eeee0a964b2e.OPERATION#flowable-async-job-executor-thread-12450#
[RestartAppStep] Starting application "axon-odata-api-app"...#
#2026 05 20 17:43:22.012#Z#DEBUG#2e5dd6e9-5473-11f1-b19a-eeee0a964b2e.OPERATION#flowable-async-job-executor-thread-12450#
[RestartAppStep] Starting application "axon-odata-api-app"...#
#2026 05 20 17:43:22.412#Z#DEBUG#2e5dd6e9-5473-11f1-b19a-eeee0a964b2e.OPERATION#flowable-async-job-executor-thread-12450#
Step "Start App" finished#
#2026 05 20 17:43:31.741#Z#DEBUG#2e5dd6e9-5473-11f1-b19a-eeee0a964b2e.OPERATION#flowable-async-job-executor-thread-12464#
[StageAppStep] Executing task "stageAppTask" of process "5333775a-5473-11f1-90e8-eeee0a8a49fb"...#
#2026 05 20 17:43:31.742#Z#DEBUG#2e5dd6e9-5473-11f1-b19a-eeee0a964b2e.OPERATION#flowable-async-job-executor-thread-12464#
[StageAppStep] Application stage timeout is default one: 3,600 seconds#
#2026 05 20 17:43:31.743#Z#DEBUG#2e5dd6e9-5473-11f1-b19a-eeee0a964b2e.OPERATION#flowable-async-job-executor-thread-12464#
[StageAppStep] Checking status of application "axon-odata-api"...#
#2026 05 20 17:43:31.743#Z#DEBUG#2e5dd6e9-5473-11f1-b19a-eeee0a964b2e.OPERATION#flowable-async-job-executor-thread-12464#
[StageAppStep] Getting build "5da26684-ff33-4a65-b80f-847d5d345a2f"...#
#2026 05 20 17:43:31.776#Z#DEBUG#2e5dd6e9-5473-11f1-b19a-eeee0a964b2e.OPERATION#flowable-async-job-executor-thread-12464#
[StageAppStep] Staging status of application "axon-odata-api": PENDING#
#2026 05 20 17:43:31.777#Z#DEBUG#2e5dd6e9-5473-11f1-b19a-eeee0a964b2e.OPERATION#flowable-async-job-executor-thread-12464#
[StageAppStep] Getting application guid "axon-odata-api"...#
#2026 05 20 17:43:31.837#Z#DEBUG#2e5dd6e9-5473-11f1-b19a-eeee0a964b2e.OPERATION#flowable-async-job-executor-thread-12464#
Step "Stage App" finished#
#2026 05 20 17:43:31.765#Z#DEBUG#2e5dd6e9-5473-11f1-b19a-eeee0a964b2e.OPERATION#flowable-async-job-executor-thread-11382#
[RestartAppStep] Executing task "startAppTask" of process "6563136a-5473-11f1-a06e-eeee0a9b48e5"...#
#2026 05 20 17:43:31.768#Z#DEBUG#2e5dd6e9-5473-11f1-b19a-eeee0a964b2e.OPERATION#flowable-async-job-executor-thread-11382#
[RestartAppStep] Application start timeout is default one: 3,600 seconds#
#2026 05 20 17:43:31.769#Z#DEBUG#2e5dd6e9-5473-11f1-b19a-eeee0a964b2e.OPERATION#flowable-async-job-executor-thread-11382#
[RestartAppStep] Checking status of application "axon-odata-api-app"...#
#2026 05 20 17:43:31.769#Z#DEBUG#2e5dd6e9-5473-11f1-b19a-eeee0a964b2e.OPERATION#flowable-async-job-executor-thread-11382#
[RestartAppStep] Getting application "axon-odata-api-app"...#
#2026 05 20 17:43:31.807#Z#DEBUG#2e5dd6e9-5473-11f1-b19a-eeee0a964b2e.OPERATION#flowable-async-job-executor-thread-11382#
[RestartAppStep] Getting instances for application "axon-odata-api-app"...#
#2026 05 20 17:43:31.859#Z#DEBUG#2e5dd6e9-5473-11f1-b19a-eeee0a964b2e.OPERATION#flowable-async-job-executor-thread-11382#
[RestartAppStep] Application "axon-odata-api-app": 0 of 1 instances running (1 starting)#
#2026 05 20 17:43:31.913#Z#DEBUG#2e5dd6e9-5473-11f1-b19a-eeee0a964b2e.OPERATION#flowable-async-job-executor-thread-11382#
Step "Start App" finished#
#2026 05 20 17:43:41.802#Z#DEBUG#2e5dd6e9-5473-11f1-b19a-eeee0a964b2e.OPERATION#flowable-async-job-executor-thread-12470#
[RestartAppStep] Executing task "startAppTask" of process "6b0cd075-5473-11f1-90e8-eeee0a8a49fb"...#
#2026 05 20 17:43:41.805#Z#DEBUG#2e5dd6e9-5473-11f1-b19a-eeee0a964b2e.OPERATION#flowable-async-job-executor-thread-12470#
[RestartAppStep] Application start timeout is default one: 3,600 seconds#
#2026 05 20 17:43:41.805#Z#DEBUG#2e5dd6e9-5473-11f1-b19a-eeee0a964b2e.OPERATION#flowable-async-job-executor-thread-12470#
[RestartAppStep] Checking status of application "axon-odata-api-app"...#
#2026 05 20 17:43:41.806#Z#DEBUG#2e5dd6e9-5473-11f1-b19a-eeee0a964b2e.OPERATION#flowable-async-job-executor-thread-12470#
[RestartAppStep] Getting instances for application "axon-odata-api-app"...#
#2026 05 20 17:43:41.852#Z#DEBUG#2e5dd6e9-5473-11f1-b19a-eeee0a964b2e.OPERATION#flowable-async-job-executor-thread-12470#
[RestartAppStep] Application "axon-odata-api-app": 1 of 1 instances running (1 running)#
#2026 05 20 17:43:41.890#Z#DEBUG#2e5dd6e9-5473-11f1-b19a-eeee0a964b2e.OPERATION#flowable-async-job-executor-thread-12470#
[RestartAppStep] Getting routes for application "fbe7a60c-9d59-4646-9863-1fb8863709b6"...#
#2026 05 20 17:43:41.939#Z#INFO#2e5dd6e9-5473-11f1-b19a-eeee0a964b2e.OPERATION#flowable-async-job-executor-thread-12470#
[RestartAppStep] Application "axon-odata-api-app" started and available at "590c8b3dtrial-590c8b3dtrial-dev-axon-odata-api-app.cfapps.us10-001.hana.ondemand.com"#
#2026 05 20 17:43:41.945#Z#DEBUG#2e5dd6e9-5473-11f1-b19a-eeee0a964b2e.OPERATION#flowable-async-job-executor-thread-12470#
Step "Start App" finished#
#2026 05 20 17:43:41.830#Z#DEBUG#2e5dd6e9-5473-11f1-b19a-eeee0a964b2e.OPERATION#flowable-async-job-executor-thread-10818#
[StageAppStep] Executing task "stageAppTask" of process "5333775a-5473-11f1-90e8-eeee0a8a49fb"...#
#2026 05 20 17:43:41.833#Z#DEBUG#2e5dd6e9-5473-11f1-b19a-eeee0a964b2e.OPERATION#flowable-async-job-executor-thread-10818#
[StageAppStep] Application stage timeout is default one: 3,600 seconds#
#2026 05 20 17:43:41.834#Z#DEBUG#2e5dd6e9-5473-11f1-b19a-eeee0a964b2e.OPERATION#flowable-async-job-executor-thread-10818#
[StageAppStep] Checking status of application "axon-odata-api"...#
#2026 05 20 17:43:41.834#Z#DEBUG#2e5dd6e9-5473-11f1-b19a-eeee0a964b2e.OPERATION#flowable-async-job-executor-thread-10818#
[StageAppStep] Getting build "5da26684-ff33-4a65-b80f-847d5d345a2f"...#
#2026 05 20 17:43:41.866#Z#DEBUG#2e5dd6e9-5473-11f1-b19a-eeee0a964b2e.OPERATION#flowable-async-job-executor-thread-10818#
[StageAppStep] Staging status of application "axon-odata-api": STAGED#
#2026 05 20 17:43:41.868#Z#DEBUG#2e5dd6e9-5473-11f1-b19a-eeee0a964b2e.OPERATION#flowable-async-job-executor-thread-10818#
[StageAppStep] Getting application guid "axon-odata-api"...#
#2026 05 20 17:43:41.941#Z#DEBUG#2e5dd6e9-5473-11f1-b19a-eeee0a964b2e.OPERATION#flowable-async-job-executor-thread-10818#
[StageAppStep] Getting build "5da26684-ff33-4a65-b80f-847d5d345a2f"...#
#2026 05 20 17:43:41.974#Z#DEBUG#2e5dd6e9-5473-11f1-b19a-eeee0a964b2e.OPERATION#flowable-async-job-executor-thread-10818#
[StageAppStep] Binding droplet "503db41a-94dc-4815-9c53-43291db21c00" to application "d92b9203-13f2-4150-992d-a89b2ef18ea4"...#
#2026 05 20 17:43:42.030#Z#INFO#2e5dd6e9-5473-11f1-b19a-eeee0a964b2e.OPERATION#flowable-async-job-executor-thread-10818#
[StageAppStep] Application "axon-odata-api" staged#
#2026 05 20 17:43:42.039#Z#DEBUG#2e5dd6e9-5473-11f1-b19a-eeee0a964b2e.OPERATION#flowable-async-job-executor-thread-10818#
Step "Stage App" finished#
#2026 05 20 17:43:42.137#Z#DEBUG#2e5dd6e9-5473-11f1-b19a-eeee0a964b2e.OPERATION#flowable-async-job-executor-thread-10819#
[RestartAppStep] Executing task "startAppTask" of process "5333775a-5473-11f1-90e8-eeee0a8a49fb"...#
#2026 05 20 17:43:42.144#Z#DEBUG#2e5dd6e9-5473-11f1-b19a-eeee0a964b2e.OPERATION#flowable-async-job-executor-thread-10819#
[RestartAppStep] Application start timeout is default one: 3,600 seconds#
#2026 05 20 17:43:42.156#Z#DEBUG#2e5dd6e9-5473-11f1-b19a-eeee0a964b2e.OPERATION#flowable-async-job-executor-thread-10819#
[RestartAppStep] Getting application "axon-odata-api"...#
#2026 05 20 17:43:42.202#Z#INFO#2e5dd6e9-5473-11f1-b19a-eeee0a964b2e.OPERATION#flowable-async-job-executor-thread-10819#
[RestartAppStep] Starting application "axon-odata-api"...#
#2026 05 20 17:43:42.210#Z#DEBUG#2e5dd6e9-5473-11f1-b19a-eeee0a964b2e.OPERATION#flowable-async-job-executor-thread-10819#
[RestartAppStep] Starting application "axon-odata-api"...#
#2026 05 20 17:43:42.581#Z#DEBUG#2e5dd6e9-5473-11f1-b19a-eeee0a964b2e.OPERATION#flowable-async-job-executor-thread-10819#
Step "Start App" finished#
#2026 05 20 17:43:51.855#Z#DEBUG#2e5dd6e9-5473-11f1-b19a-eeee0a964b2e.OPERATION#flowable-async-job-executor-thread-12479#
[RestartAppStep] Executing task "startAppTask" of process "71076c5b-5473-11f1-a06e-eeee0a9b48e5"...#
#2026 05 20 17:43:51.859#Z#DEBUG#2e5dd6e9-5473-11f1-b19a-eeee0a964b2e.OPERATION#flowable-async-job-executor-thread-12479#
[RestartAppStep] Application start timeout is default one: 3,600 seconds#
#2026 05 20 17:43:51.862#Z#DEBUG#2e5dd6e9-5473-11f1-b19a-eeee0a964b2e.OPERATION#flowable-async-job-executor-thread-12479#
Step "Start App" finished#
#2026 05 20 17:43:51.953#Z#DEBUG#2e5dd6e9-5473-11f1-b19a-eeee0a964b2e.OPERATION#flowable-async-job-executor-thread-12479#
[PrepareToExecuteTasksStep] Executing task "prepareToExecuteTasksTask" of process "76f78172-5473-11f1-a06e-eeee0a9b48e5"...#
#2026 05 20 17:43:51.955#Z#DEBUG#2e5dd6e9-5473-11f1-b19a-eeee0a964b2e.OPERATION#flowable-async-job-executor-thread-12479#
Step "Prepare To Execute Tasks" finished#
#2026 05 20 17:43:52.025#Z#DEBUG#2e5dd6e9-5473-11f1-b19a-eeee0a964b2e.OPERATION#flowable-async-job-executor-thread-12479#
[PublishConfigurationEntriesStep] Executing task "publishProvidedDependenciesTask" of process "76f0ca6c-5473-11f1-a06e-eeee0a9b48e5"...#
#2026 05 20 17:43:52.026#Z#DEBUG#2e5dd6e9-5473-11f1-b19a-eeee0a964b2e.OPERATION#flowable-async-job-executor-thread-12479#
[PublishConfigurationEntriesStep] Publishing public provided dependencies for application "axon-odata-api-app"...#
#2026 05 20 17:43:52.027#Z#DEBUG#2e5dd6e9-5473-11f1-b19a-eeee0a964b2e.OPERATION#flowable-async-job-executor-thread-12479#
[PublishConfigurationEntriesStep] No public provided dependencies for publishing#
#2026 05 20 17:43:52.027#Z#DEBUG#2e5dd6e9-5473-11f1-b19a-eeee0a964b2e.OPERATION#flowable-async-job-executor-thread-12479#
Step "Publish Provided Dependencies" finished#
#2026 05 20 17:43:51.869#Z#DEBUG#2e5dd6e9-5473-11f1-b19a-eeee0a964b2e.OPERATION#flowable-async-job-executor-thread-10821#
[RestartAppStep] Executing task "startAppTask" of process "7168ed90-5473-11f1-b19a-eeee0a964b2e"...#
#2026 05 20 17:43:51.874#Z#DEBUG#2e5dd6e9-5473-11f1-b19a-eeee0a964b2e.OPERATION#flowable-async-job-executor-thread-10821#
[RestartAppStep] Application start timeout is default one: 3,600 seconds#
#2026 05 20 17:43:51.875#Z#DEBUG#2e5dd6e9-5473-11f1-b19a-eeee0a964b2e.OPERATION#flowable-async-job-executor-thread-10821#
[RestartAppStep] Checking status of application "axon-odata-api"...#
#2026 05 20 17:43:51.875#Z#DEBUG#2e5dd6e9-5473-11f1-b19a-eeee0a964b2e.OPERATION#flowable-async-job-executor-thread-10821#
[RestartAppStep] Getting application "axon-odata-api"...#
#2026 05 20 17:43:51.912#Z#DEBUG#2e5dd6e9-5473-11f1-b19a-eeee0a964b2e.OPERATION#flowable-async-job-executor-thread-10821#
[RestartAppStep] Getting instances for application "axon-odata-api"...#
#2026 05 20 17:43:51.971#Z#DEBUG#2e5dd6e9-5473-11f1-b19a-eeee0a964b2e.OPERATION#flowable-async-job-executor-thread-10821#
[RestartAppStep] Application "axon-odata-api": 0 of 1 instances running (1 starting)#
#2026 05 20 17:43:52.038#Z#DEBUG#2e5dd6e9-5473-11f1-b19a-eeee0a964b2e.OPERATION#flowable-async-job-executor-thread-10821#
Step "Start App" finished#
#2026 05 20 17:43:52.079#Z#DEBUG#2e5dd6e9-5473-11f1-b19a-eeee0a964b2e.OPERATION#flowable-async-job-executor-thread-12479#
[CreateOrUpdateServiceBrokerStep] Executing task "createOrUpdateServiceBrokerTask" of process "76f0ca6c-5473-11f1-a06e-eeee0a9b48e5"...#
#2026 05 20 17:43:52.081#Z#DEBUG#2e5dd6e9-5473-11f1-b19a-eeee0a964b2e.OPERATION#flowable-async-job-executor-thread-12479#
[CreateOrUpdateServiceBrokerStep] Creating service brokers...#
#2026 05 20 17:43:52.083#Z#DEBUG#2e5dd6e9-5473-11f1-b19a-eeee0a964b2e.OPERATION#flowable-async-job-executor-thread-12479#
Step "Create Or Update Service Broker " finished#
#2026 05 20 17:44:01.959#Z#DEBUG#2e5dd6e9-5473-11f1-b19a-eeee0a964b2e.OPERATION#flowable-async-job-executor-thread-10827#
[RestartAppStep] Executing task "startAppTask" of process "770dc879-5473-11f1-b19a-eeee0a964b2e"...#
#2026 05 20 17:44:01.964#Z#DEBUG#2e5dd6e9-5473-11f1-b19a-eeee0a964b2e.OPERATION#flowable-async-job-executor-thread-10827#
[RestartAppStep] Application start timeout is default one: 3,600 seconds#
#2026 05 20 17:44:01.966#Z#DEBUG#2e5dd6e9-5473-11f1-b19a-eeee0a964b2e.OPERATION#flowable-async-job-executor-thread-10827#
[RestartAppStep] Checking status of application "axon-odata-api"...#
#2026 05 20 17:44:01.968#Z#DEBUG#2e5dd6e9-5473-11f1-b19a-eeee0a964b2e.OPERATION#flowable-async-job-executor-thread-10827#
[RestartAppStep] Getting instances for application "axon-odata-api"...#
#2026 05 20 17:44:02.043#Z#DEBUG#2e5dd6e9-5473-11f1-b19a-eeee0a964b2e.OPERATION#flowable-async-job-executor-thread-10827#
[RestartAppStep] Application "axon-odata-api": 1 of 1 instances running (1 running)#
#2026 05 20 17:44:02.081#Z#DEBUG#2e5dd6e9-5473-11f1-b19a-eeee0a964b2e.OPERATION#flowable-async-job-executor-thread-10827#
[RestartAppStep] Getting routes for application "d92b9203-13f2-4150-992d-a89b2ef18ea4"...#
#2026 05 20 17:44:02.130#Z#INFO#2e5dd6e9-5473-11f1-b19a-eeee0a964b2e.OPERATION#flowable-async-job-executor-thread-10827#
[RestartAppStep] Application "axon-odata-api" started and available at "590c8b3dtrial-590c8b3dtrial-dev-axon-odata-api.cfapps.us10-001.hana.ondemand.com"#
#2026 05 20 17:44:02.140#Z#DEBUG#2e5dd6e9-5473-11f1-b19a-eeee0a964b2e.OPERATION#flowable-async-job-executor-thread-10827#
Step "Start App" finished#
#2026 05 20 17:44:11.960#Z#DEBUG#2e5dd6e9-5473-11f1-b19a-eeee0a964b2e.OPERATION#flowable-async-job-executor-thread-12495#
[RestartAppStep] Executing task "startAppTask" of process "7d113d18-5473-11f1-b19a-eeee0a964b2e"...#
#2026 05 20 17:44:11.963#Z#DEBUG#2e5dd6e9-5473-11f1-b19a-eeee0a964b2e.OPERATION#flowable-async-job-executor-thread-12495#
[RestartAppStep] Application start timeout is default one: 3,600 seconds#
#2026 05 20 17:44:11.964#Z#DEBUG#2e5dd6e9-5473-11f1-b19a-eeee0a964b2e.OPERATION#flowable-async-job-executor-thread-12495#
Step "Start App" finished#
#2026 05 20 17:44:12.037#Z#DEBUG#2e5dd6e9-5473-11f1-b19a-eeee0a964b2e.OPERATION#flowable-async-job-executor-thread-12495#
[PrepareToExecuteTasksStep] Executing task "prepareToExecuteTasksTask" of process "82f0d709-5473-11f1-a06e-eeee0a9b48e5"...#
#2026 05 20 17:44:12.039#Z#DEBUG#2e5dd6e9-5473-11f1-b19a-eeee0a964b2e.OPERATION#flowable-async-job-executor-thread-12495#
Step "Prepare To Execute Tasks" finished#
#2026 05 20 17:44:12.087#Z#DEBUG#2e5dd6e9-5473-11f1-b19a-eeee0a964b2e.OPERATION#flowable-async-job-executor-thread-12495#
[PublishConfigurationEntriesStep] Executing task "publishProvidedDependenciesTask" of process "82ec1cf3-5473-11f1-a06e-eeee0a9b48e5"...#
#2026 05 20 17:44:12.087#Z#DEBUG#2e5dd6e9-5473-11f1-b19a-eeee0a964b2e.OPERATION#flowable-async-job-executor-thread-12495#
[PublishConfigurationEntriesStep] Publishing public provided dependencies for application "axon-odata-api"...#
#2026 05 20 17:44:12.088#Z#DEBUG#2e5dd6e9-5473-11f1-b19a-eeee0a964b2e.OPERATION#flowable-async-job-executor-thread-12495#
[PublishConfigurationEntriesStep] No public provided dependencies for publishing#
#2026 05 20 17:44:12.088#Z#DEBUG#2e5dd6e9-5473-11f1-b19a-eeee0a964b2e.OPERATION#flowable-async-job-executor-thread-12495#
Step "Publish Provided Dependencies" finished#
#2026 05 20 17:44:12.121#Z#DEBUG#2e5dd6e9-5473-11f1-b19a-eeee0a964b2e.OPERATION#flowable-async-job-executor-thread-12495#
[CreateOrUpdateServiceBrokerStep] Executing task "createOrUpdateServiceBrokerTask" of process "82ec1cf3-5473-11f1-a06e-eeee0a9b48e5"...#
#2026 05 20 17:44:12.122#Z#DEBUG#2e5dd6e9-5473-11f1-b19a-eeee0a964b2e.OPERATION#flowable-async-job-executor-thread-12495#
[CreateOrUpdateServiceBrokerStep] Creating service brokers...#
#2026 05 20 17:44:12.123#Z#DEBUG#2e5dd6e9-5473-11f1-b19a-eeee0a964b2e.OPERATION#flowable-async-job-executor-thread-12495#
Step "Create Or Update Service Broker " finished#
#2026 05 20 17:44:12.282#Z#DEBUG#2e5dd6e9-5473-11f1-b19a-eeee0a964b2e.OPERATION#flowable-async-job-executor-thread-12495#
[CreateSubscriptionsStep] Executing task "createSubscriptionsTask" of process "830e9881-5473-11f1-a06e-eeee0a9b48e5"...#
#2026 05 20 17:44:12.282#Z#DEBUG#2e5dd6e9-5473-11f1-b19a-eeee0a964b2e.OPERATION#flowable-async-job-executor-thread-12495#
[CreateSubscriptionsStep] Creating subscriptions...#
#2026 05 20 17:44:12.283#Z#DEBUG#2e5dd6e9-5473-11f1-b19a-eeee0a964b2e.OPERATION#flowable-async-job-executor-thread-12495#
[CreateSubscriptionsStep] Subscriptions created#
#2026 05 20 17:44:12.283#Z#DEBUG#2e5dd6e9-5473-11f1-b19a-eeee0a964b2e.OPERATION#flowable-async-job-executor-thread-12495#
Step "Create Subscriptions" finished#
#2026 05 20 17:44:12.309#Z#DEBUG#2e5dd6e9-5473-11f1-b19a-eeee0a964b2e.OPERATION#flowable-async-job-executor-thread-12495#
[DeleteSubscriptionsStep] Executing task "deleteSubscriptionsTask" of process "830e9881-5473-11f1-a06e-eeee0a9b48e5"...#
#2026 05 20 17:44:12.310#Z#DEBUG#2e5dd6e9-5473-11f1-b19a-eeee0a964b2e.OPERATION#flowable-async-job-executor-thread-12495#
[DeleteSubscriptionsStep] Deleting discontinued subscriptions...#
#2026 05 20 17:44:12.311#Z#DEBUG#2e5dd6e9-5473-11f1-b19a-eeee0a964b2e.OPERATION#flowable-async-job-executor-thread-12495#
[DeleteSubscriptionsStep] Subscriptions to delete: [ ]#
#2026 05 20 17:44:12.311#Z#DEBUG#2e5dd6e9-5473-11f1-b19a-eeee0a964b2e.OPERATION#flowable-async-job-executor-thread-12495#
[DeleteSubscriptionsStep] Deleted discontinued subscriptions#
#2026 05 20 17:44:12.311#Z#DEBUG#2e5dd6e9-5473-11f1-b19a-eeee0a964b2e.OPERATION#flowable-async-job-executor-thread-12495#
Step "Delete Subscriptions" finished#
#2026 05 20 17:44:12.334#Z#DEBUG#2e5dd6e9-5473-11f1-b19a-eeee0a964b2e.OPERATION#flowable-async-job-executor-thread-12495#
[DeleteDiscontinuedConfigurationEntriesStep] Executing task "deleteDiscontinuedConfigurationEntriesTask" of process "830e9881-5473-11f1-a06e-eeee0a9b48e5"...#
#2026 05 20 17:44:12.335#Z#DEBUG#2e5dd6e9-5473-11f1-b19a-eeee0a964b2e.OPERATION#flowable-async-job-executor-thread-12495#
[DeleteDiscontinuedConfigurationEntriesStep] Deleting discontinued published dependencies...#
#2026 05 20 17:44:12.433#Z#DEBUG#2e5dd6e9-5473-11f1-b19a-eeee0a964b2e.OPERATION#flowable-async-job-executor-thread-12495#
[DeleteDiscontinuedConfigurationEntriesStep] Deleted entries: [ ]#
#2026 05 20 17:44:12.433#Z#DEBUG#2e5dd6e9-5473-11f1-b19a-eeee0a964b2e.OPERATION#flowable-async-job-executor-thread-12495#
[DeleteDiscontinuedConfigurationEntriesStep] Discontinued published dependencies deleted#
#2026 05 20 17:44:12.433#Z#DEBUG#2e5dd6e9-5473-11f1-b19a-eeee0a964b2e.OPERATION#flowable-async-job-executor-thread-12495#
Step "Delete Discontinued Configuration Entries" finished#
#2026 05 20 17:44:12.439#Z#WARN#2e5dd6e9-5473-11f1-b19a-eeee0a964b2e.OPERATION#flowable-async-job-executor-thread-12495#
[DoNotDeleteServicesListener] Skipping deletion of services, because the command line option "--delete-services" is not specified.#
#2026 05 20 17:44:12.476#Z#DEBUG#2e5dd6e9-5473-11f1-b19a-eeee0a964b2e.OPERATION#flowable-async-job-executor-thread-12495#
[DetachServicesFromMtaStep] Executing task "detachServicesFromMtaTask" of process "8333faf8-5473-11f1-a06e-eeee0a9b48e5"...#
#2026 05 20 17:44:12.477#Z#DEBUG#2e5dd6e9-5473-11f1-b19a-eeee0a964b2e.OPERATION#flowable-async-job-executor-thread-12495#
[DetachServicesFromMtaStep] Detaching services from MTA...#
#2026 05 20 17:44:12.478#Z#DEBUG#2e5dd6e9-5473-11f1-b19a-eeee0a964b2e.OPERATION#flowable-async-job-executor-thread-12495#
[DetachServicesFromMtaStep] Getting service instances without auxiliary content by names []...#
#2026 05 20 17:44:12.478#Z#DEBUG#2e5dd6e9-5473-11f1-b19a-eeee0a964b2e.OPERATION#flowable-async-job-executor-thread-12495#
[DetachServicesFromMtaStep] Detached services from MTA#
#2026 05 20 17:44:12.478#Z#DEBUG#2e5dd6e9-5473-11f1-b19a-eeee0a964b2e.OPERATION#flowable-async-job-executor-thread-12495#
Step "Detach Services from MTA" finished#
#2026 05 20 17:44:12.501#Z#DEBUG#2e5dd6e9-5473-11f1-b19a-eeee0a964b2e.OPERATION#flowable-async-job-executor-thread-12495#
[UpdateSubscribersStep] Executing task "updateSubscribersTask" of process "8333faf8-5473-11f1-a06e-eeee0a9b48e5"...#
#2026 05 20 17:44:12.502#Z#DEBUG#2e5dd6e9-5473-11f1-b19a-eeee0a964b2e.OPERATION#flowable-async-job-executor-thread-12495#
[UpdateSubscribersStep] Updating subscribers...#
#2026 05 20 17:44:12.621#Z#DEBUG#2e5dd6e9-5473-11f1-b19a-eeee0a964b2e.OPERATION#flowable-async-job-executor-thread-12495#
[UpdateSubscribersStep] Subscribers updated#
#2026 05 20 17:44:12.621#Z#DEBUG#2e5dd6e9-5473-11f1-b19a-eeee0a964b2e.OPERATION#flowable-async-job-executor-thread-12495#
Step "Update Subscribers" finished#
#2026 05 20 17:44:12.655#Z#DEBUG#2e5dd6e9-5473-11f1-b19a-eeee0a964b2e.OPERATION#flowable-async-job-executor-thread-12495#
[RestartSubscribersStep] Executing task "restartSubscribersTask" of process "8333faf8-5473-11f1-a06e-eeee0a9b48e5"...#
#2026 05 20 17:44:12.656#Z#DEBUG#2e5dd6e9-5473-11f1-b19a-eeee0a964b2e.OPERATION#flowable-async-job-executor-thread-12495#
Step "Restart Subscribers" finished#
#2026 05 20 17:44:12.677#Z#DEBUG#2e5dd6e9-5473-11f1-b19a-eeee0a964b2e.OPERATION#flowable-async-job-executor-thread-12491#
[PrepareToRestartServiceBrokerSubscribersStep] Executing task "prepareToRestartServiceBrokerSubscribersTask" of process "8333faf8-5473-11f1-a06e-eeee0a9b48e5"...#
#2026 05 20 17:44:12.679#Z#DEBUG#2e5dd6e9-5473-11f1-b19a-eeee0a964b2e.OPERATION#flowable-async-job-executor-thread-12491#
Step "Prepare To Restart Service Brokers Subscribers" finished#
